[{"db_id": "california_schools", "question": "Please list the lowest three eligible free rates for students aged 5-17 in continuation schools.", "evidence": "Eligible free rates for students aged 5-17 = `Free Meal Count (Ages 5-17)` / `Enrollment (Ages 5-17)`", "SQL": "SELECT `Free Meal Count (Ages 5-17)` / `Enrollment (Ages 5-17)` FROM frpm WHERE `Educational Option Type` = 'Continuation School' AND `Free Meal Count (Ages 5-17)` / `Enrollment (Ages 5-17)` IS NOT NULL ORDER BY `Free Meal Count (Ages 5-17)` / `Enrollment (Ages 5-17)` ASC LIMIT 3", "question_toks": ["Please", "list", "the", "lowest", "three", "eligible", "free", "rates", "for", "students", "aged", "5-17", "in", "continuation", "schools", "."], "SQL_toks": ["SELECT", "`", "Free", "Meal", "Count", "(", "Ages", "5-17", ")", "`", "/", "`", "Enrollment", "(", "Ages", "5-17", ")", "`", "FROM", "frpm", "WHERE", "`", "Educational", "Option", "Type", "`", "=", "'Continuation", "School", "'", "AND", "`", "Free", "Meal", "Count", "(", "Ages", "5-17", ")", "`", "/", "`", "Enrollment", "(", "Ages", "5-17", ")", "`", "IS", "NOT", "NULL", "ORDER", "BY", "`", "Free", "Meal", "Count", "(", "Ages", "5-17", ")", "`", "/", "`", "Enrollment", "(", "Ages", "5-17", ")", "`", "ASC", "LIMIT", "3"], "evidence_toks": ["Eligible", "free", "rates", "for", "students", "aged", "5-17", "=", "`", "Free", "Meal", "Count", "(", "Ages", "5-17", ")", "`", "/", "`", "Enrollment", "(", "Ages", "5-17", ")", "`"], "difficulty": "moderate"}, {"db_id": "california_schools", "question": "What is the unabbreviated mailing address of the school with the highest FRPM count for K-12 students?", "evidence": "False", "SQL": "SELECT T2.MailStreet FROM frpm AS T1 INNER JOIN schools AS T2 ON T1.CDSCode = T2.CDSCode ORDER BY T1.`FRPM Count (K-12)` DESC LIMIT 1", "question_toks": ["What", "is", "the", "unabbreviated", "mailing", "address", "of", "the", "school", "with", "the", "highest", "FRPM", "count", "for", "K-12", "students", "?"], "SQL_toks": ["SELECT", "T2.MailStreet", "FROM", "frpm", "AS", "T1", "INNER", "JOIN", "schools", "AS", "T2", "ON", "T1.CDSCode", "=", "T2.CDSCode", "ORDER", "BY", "T1.", "`", "FRPM", "Count", "(", "K-12", ")", "`", "DESC", "LIMIT", "1"], "evidence_toks": ["False"], "difficulty": "simple"}, {"db_id": "california_schools", "question": "Among the schools with the SAT test takers of over 500, please list the schools that are magnet schools or offer a magnet program.", "evidence": "Magnet schools or offer a magnet program means that Magnet = 1", "SQL": "SELECT T2.School FROM satscores AS T1 INNER JOIN schools AS T2 ON T1.cds = T2.CDSCode WHERE T2.Magnet = 1 AND T1.NumTstTakr > 500", "question_toks": ["Among", "the", "schools", "with", "the", "SAT", "test", "takers", "of", "over", "500", ",", "please", "list", "the", "schools", "that", "are", "magnet", "schools", "or", "offer", "a", "magnet", "program", "."], "SQL_toks": ["SELECT", "T2.School", "FROM", "satscores", "AS", "T1", "INNER", "JOIN", "schools", "AS", "T2", "ON", "T1.cds", "=", "T2.CDSCode", "WHERE", "T2.Magnet", "=", "1", "AND", "T1.NumTstTakr", ">", "500"], "evidence_toks": ["Magnet", "schools", "or", "offer", "a", "magnet", "program", "means", "that", "Magnet", "=", "1"], "difficulty": "simple"}, {"db_id": "california_schools", "question": "What is the number of SAT test takers of the schools with the highest FRPM count for K-12 students?", "evidence": "False", "SQL": "SELECT NumTstTakr FROM satscores WHERE cds = ( SELECT CDSCode FROM frpm ORDER BY `FRPM Count (K-12)` DESC LIMIT 1 )", "question_toks": ["What", "is", "the", "number", "of", "SAT", "test", "takers", "of", "the", "schools", "with", "the", "highest", "FRPM", "count", "for", "K-12", "students", "?"], "SQL_toks": ["SELECT", "NumTstTakr", "FROM", "satscores", "WHERE", "cds", "=", "(", "SELECT", "CDSCode", "FROM", "frpm", "ORDER", "BY", "`", "FRPM", "Count", "(", "K-12", ")", "`", "DESC", "LIMIT", "1", ")"], "evidence_toks": ["False"], "difficulty": "simple"}, {"db_id": "california_schools", "question": "Among the schools with the average score in Math over 560 in the SAT test, how many schools are directly charter-funded?", "evidence": "False", "SQL": "SELECT COUNT(T2.`School Code`) FROM satscores AS T1 INNER JOIN frpm AS T2 ON T1.cds = T2.CDSCode WHERE T1.AvgScrMath > 560 AND T2.`Charter Funding Type` = 'Directly funded'", "question_toks": ["Among", "the", "schools", "with", "the", "average", "score", "in", "Math", "over", "560", "in", "the", "SAT", "test", ",", "how", "many", "schools", "are", "directly", "charter-funded", "?"], "SQL_toks": ["SELECT", "COUNT", "(", "T2.", "`", "School", "Code", "`", ")", "FROM", "satscores", "AS", "T1", "INNER", "JOIN", "frpm", "AS", "T2", "ON", "T1.cds", "=", "T2.CDSCode", "WHERE", "T1.AvgScrMath", ">", "560", "AND", "T2.", "`", "Charter", "Funding", "Type", "`", "=", "'Directly", "funded", "'"], "evidence_toks": ["False"], "difficulty": "simple"}, {"db_id": "california_schools", "question": "List the top five school, by descending order, from the highest to the lowest, the most number of Enrollment (Ages 5-17). Please give their NCES school identification number.", "evidence": "False", "SQL": "SELECT T1.NCESSchool FROM schools AS T1 INNER JOIN frpm AS T2 ON T1.CDSCode = T2.CDSCode ORDER BY T2.`Enrollment (Ages 5-17)` DESC LIMIT 5", "question_toks": ["List", "the", "top", "five", "school", ",", "by", "descending", "order", ",", "from", "the", "highest", "to", "the", "lowest", ",", "the", "most", "number", "of", "Enrollment", "(", "Ages", "5-17", ")", ".", "Please", "give", "their", "NCES", "school", "identification", "number", "."], "SQL_toks": ["SELECT", "T1.NCESSchool", "FROM", "schools", "AS", "T1", "INNER", "JOIN", "frpm", "AS", "T2", "ON", "T1.CDSCode", "=", "T2.CDSCode", "ORDER", "BY", "T2.", "`", "Enrollment", "(", "Ages", "5-17", ")", "`", "DESC", "LIMIT", "5"], "evidence_toks": ["False"], "difficulty": "simple"}, {"db_id": "california_schools", "question": "Which active district has the highest average score in Reading?", "evidence": "False", "SQL": "SELECT T1.District FROM schools AS T1 INNER JOIN satscores AS T2 ON T1.CDSCode = T2.cds WHERE T1.StatusType = 'Active' ORDER BY T2.AvgScrRead DESC LIMIT 1", "question_toks": ["Which", "active", "district", "has", "the", "highest", "average", "score", "in", "Reading", "?"], "SQL_toks": ["SELECT", "T1.District", "FROM", "schools", "AS", "T1", "INNER", "JOIN", "satscores", "AS", "T2", "ON", "T1.CDSCode", "=", "T2.cds", "WHERE", "T1.StatusType", "=", "'Active", "'", "ORDER", "BY", "T2.AvgScrRead", "DESC", "LIMIT", "1"], "evidence_toks": ["False"], "difficulty": "simple"}, {"db_id": "california_schools", "question": "How many schools in merged Alameda have number of test takers less than 100?", "evidence": "False", "SQL": "SELECT COUNT(T1.CDSCode) FROM schools AS T1 INNER JOIN satscores AS T2 ON T1.CDSCode = T2.cds WHERE T1.StatusType = 'Merged' AND T2.NumTstTakr < 100 AND T1.County = 'Alameda'", "question_toks": ["How", "many", "schools", "in", "merged", "Alameda", "have", "number", "of", "test", "takers", "less", "than", "100", "?"], "SQL_toks": ["SELECT", "COUNT", "(", "T1.CDSCode", ")", "FROM", "schools", "AS", "T1", "INNER", "JOIN", "satscores", "AS", "T2", "ON", "T1.CDSCode", "=", "T2.cds", "WHERE", "T1.StatusType", "=", "'Merged", "'", "AND", "T2.NumTstTakr", "<", "100", "AND", "T1.County", "=", "'Alameda", "'"], "evidence_toks": ["False"], "difficulty": "simple"}, {"db_id": "california_schools", "question": "How many schools in Contra Costa (directly funded) have number of test takers not more than 250?", "evidence": "False", "SQL": "SELECT COUNT(T1.CDSCode) FROM frpm AS T1 INNER JOIN satscores AS T2 ON T1.CDSCode = T2.cds WHERE T1.`Charter Funding Type` = 'Directly funded' AND T1.`County Name` = 'Contra Costa' AND T2.NumTstTakr <= 250", "question_toks": ["How", "many", "schools", "in", "Contra", "Costa", "(", "directly", "funded", ")", "have", "number", "of", "test", "takers", "not", "more", "than", "250", "?"], "SQL_toks": ["SELECT", "COUNT", "(", "T1.CDSCode", ")", "FROM", "frpm", "AS", "T1", "INNER", "JOIN", "satscores", "AS", "T2", "ON", "T1.CDSCode", "=", "T2.cds", "WHERE", "T1.", "`", "Charter", "Funding", "Type", "`", "=", "'Directly", "funded", "'", "AND", "T1.", "`", "County", "Name", "`", "=", "'Contra", "Costa", "'", "AND", "T2.NumTstTakr", "<", "=", "250"], "evidence_toks": ["False"], "difficulty": "simple"}, {"db_id": "california_schools", "question": "Which school in Contra Costa has the highest number of test takers?", "evidence": "", "SQL": "SELECT sname FROM satscores WHERE cname = 'Contra Costa' AND sname IS NOT NULL ORDER BY NumTstTakr DESC LIMIT 1", "question_toks": ["Which", "school", "in", "Contra", "Costa", "has", "the", "highest", "number", "of", "test", "takers", "?"], "SQL_toks": ["SELECT", "sname", "FROM", "satscores", "WHERE", "cname", "=", "'Contra", "Costa", "'", "AND", "sname", "IS", "NOT", "NULL", "ORDER", "BY", "NumTstTakr", "DESC", "LIMIT", "1"], "evidence_toks": [], "difficulty": "simple"}, {"db_id": "california_schools", "question": "Give the names of the schools with the percent eligible for free meals in K-12 is more than 0.1 and test takers whose test score is greater than or equal to 1500?", "evidence": "", "SQL": "SELECT T2.`School Name` FROM satscores AS T1 INNER JOIN frpm AS T2 ON T1.cds = T2.CDSCode WHERE CAST(T2.`Free Meal Count (K-12)` AS REAL) / T2.`Enrollment (K-12)` > 0.1 AND T1.NumGE1500 > 0", "question_toks": ["Give", "the", "names", "of", "the", "schools", "with", "the", "percent", "eligible", "for", "free", "meals", "in", "K-12", "is", "more", "than", "0.1", "and", "test", "takers", "whose", "test", "score", "is", "greater", "than", "or", "equal", "to", "1500", "?"], "SQL_toks": ["SELECT", "T2.", "`", "School", "Name", "`", "FROM", "satscores", "AS", "T1", "INNER", "JOIN", "frpm", "AS", "T2", "ON", "T1.cds", "=", "T2.CDSCode", "WHERE", "CAST", "(", "T2.", "`", "Free", "Meal", "Count", "(", "K-12", ")", "`", "AS", "REAL", ")", "/", "T2.", "`", "Enrollment", "(", "K-12", ")", "`", ">", "0.1", "AND", "T1.NumGE1500", ">", "0"], "evidence_toks": [], "difficulty": "moderate"}, {"db_id": "california_schools", "question": "State the names and full communication address of high schools in Monterey which has more than 800 free or reduced price meals for ages 15-17?", "evidence": "Full communication address should include Zip, Street, City, State", "SQL": "SELECT T1.`School Name`, T2.Zip, T2.Street, T2.City, T2.State FROM frpm AS T1 INNER JOIN schools AS T2 ON T1.CDSCode = T2.CDSCode WHERE T2.County = 'Monterey' AND T1.`Free Meal Count (Ages 5-17)` > 800 AND T1.`School Type` = 'High Schools (Public)'", "question_toks": ["State", "the", "names", "and", "full", "communication", "address", "of", "high", "schools", "in", "Monterey", "which", "has", "more", "than", "800", "free", "or", "reduced", "price", "meals", "for", "ages", "15-17", "?"], "SQL_toks": ["SELECT", "T1.", "`", "School", "Name", "`", ",", "T2.Zip", ",", "T2.Street", ",", "T2.City", ",", "T2.State", "FROM", "frpm", "AS", "T1", "INNER", "JOIN", "schools", "AS", "T2", "ON", "T1.CDSCode", "=", "T2.CDSCode", "WHERE", "T2.County", "=", "'Monterey", "'", "AND", "T1.", "`", "Free", "Meal", "Count", "(", "Ages", "5-17", ")", "`", ">", "800", "AND", "T1.", "`", "School", "Type", "`", "=", "'High", "Schools", "(", "Public", ")", "'"], "evidence_toks": ["Full", "communication", "address", "should", "include", "Zip", ",", "Street", ",", "City", ",", "State"], "difficulty": "moderate"}, {"db_id": "california_schools", "question": "Which cities have the top 5 lowest enrollment number for students in grades 1 through 12?", "evidence": "K-12 refers to students in grades 1 through 12.", "SQL": "SELECT T2.City FROM frpm AS T1 INNER JOIN schools AS T2 ON T1.CDSCode = T2.CDSCode GROUP BY T2.City ORDER BY SUM(T1.`Enrollment (K-12)`) ASC LIMIT 1", "question_toks": ["Which", "cities", "have", "the", "top", "5", "lowest", "enrollment", "number", "for", "students", "in", "grades", "1", "through", "12", "?"], "SQL_toks": ["SELECT", "T2.City", "FROM", "frpm", "AS", "T1", "INNER", "JOIN", "schools", "AS", "T2", "ON", "T1.CDSCode", "=", "T2.CDSCode", "GROUP", "BY", "T2.City", "ORDER", "BY", "SUM", "(", "T1.", "`", "Enrollment", "(", "K-12", ")", "`", ")", "ASC", "LIMIT", "1"], "evidence_toks": ["K-12", "refers", "to", "students", "in", "grades", "1", "through", "12", "."], "difficulty": "simple"}, {"db_id": "california_schools", "question": "What is the eligible free or reduced price meal rate for the top 5 schools in grades 1-12 with the highest free or reduced price meal count of the schools with the ownership code 66?", "evidence": "grades 1-12 means K-12; Eligible free rate for K-12 = `FRPM Count (K-12)` / `Enrollment (K-12)`", "SQL": "SELECT CAST(T1.`FRPM Count (K-12)` AS REAL) / T1.`Enrollment (K-12)` FROM frpm AS T1 INNER JOIN schools AS T2 ON T1.CDSCode = T2.CDSCode WHERE T2.SOC = 66 ORDER BY T1.`FRPM Count (K-12)` DESC LIMIT 5", "question_toks": ["What", "is", "the", "eligible", "free", "or", "reduced", "price", "meal", "rate", "for", "the", "top", "5", "schools", "in", "grades", "1-12", "with", "the", "highest", "free", "or", "reduced", "price", "meal", "count", "of", "the", "schools", "with", "the", "ownership", "code", "66", "?"], "SQL_toks": ["SELECT", "CAST", "(", "T1.", "`", "FRPM", "Count", "(", "K-12", ")", "`", "AS", "REAL", ")", "/", "T1.", "`", "Enrollment", "(", "K-12", ")", "`", "FROM", "frpm", "AS", "T1", "INNER", "JOIN", "schools", "AS", "T2", "ON", "T1.CDSCode", "=", "T2.CDSCode", "WHERE", "T2.SOC", "=", "66", "ORDER", "BY", "T1.", "`", "FRPM", "Count", "(", "K-12", ")", "`", "DESC", "LIMIT", "5"], "evidence_toks": ["grades", "1-12", "means", "K-12", ";", "Eligible", "free", "rate", "for", "K-12", "=", "`", "FRPM", "Count", "(", "K-12", ")", "`", "/", "`", "Enrollment", "(", "K-12", ")", "`"], "difficulty": "moderate"}, {"db_id": "california_schools", "question": "If there are any, what are the websites address of the schools with a free meal count of 1,900-2,000 to students aged 5-17? Include the name of the school.", "evidence": "", "SQL": "SELECT T2.Website, T1.`School Name` FROM frpm AS T1 INNER JOIN schools AS T2 ON T1.CDSCode = T2.CDSCode WHERE T1.`Free Meal Count (Ages 5-17)` BETWEEN 1900 AND 2000 AND T2.Website IS NOT NULL", "question_toks": ["If", "there", "are", "any", ",", "what", "are", "the", "websites", "address", "of", "the", "schools", "with", "a", "free", "meal", "count", "of", "1,900-2,000", "to", "students", "aged", "5-17", "?", "Include", "the", "name", "of", "the", "school", "."], "SQL_toks": ["SELECT", "T2.Website", ",", "T1.", "`", "School", "Name", "`", "FROM", "frpm", "AS", "T1", "INNER", "JOIN", "schools", "AS", "T2", "ON", "T1.CDSCode", "=", "T2.CDSCode", "WHERE", "T1.", "`", "Free", "Meal", "Count", "(", "Ages", "5-17", ")", "`", "BETWEEN", "1900", "AND", "2000", "AND", "T2.Website", "IS", "NOT", "NULL"], "evidence_toks": [], "difficulty": "moderate"}, {"db_id": "california_schools", "question": "What is the free rate for students between the ages of 5 and 17 at the school run by Kacey Gibson?", "evidence": "Eligible free rates for students aged 5-17 = `Free Meal Count (Ages 5-17)` / `Enrollment (Ages 5-17)`", "SQL": "SELECT CAST(T2.`Free Meal Count (Ages 5-17)` AS REAL) / T2.`Enrollment (Ages 5-17)` FROM schools AS T1 INNER JOIN frpm AS T2 ON T1.CDSCode = T2.CDSCode WHERE T1.AdmFName1 = 'Kacey' AND T1.AdmLName1 = 'Gibson'", "question_toks": ["What", "is", "the", "free", "rate", "for", "students", "between", "the", "ages", "of", "5", "and", "17", "at", "the", "school", "run", "by", "Kacey", "Gibson", "?"], "SQL_toks": ["SELECT", "CAST", "(", "T2.", "`", "Free", "Meal", "Count", "(", "Ages", "5-17", ")", "`", "AS", "REAL", ")", "/", "T2.", "`", "Enrollment", "(", "Ages", "5-17", ")", "`", "FROM", "schools", "AS", "T1", "INNER", "JOIN", "frpm", "AS", "T2", "ON", "T1.CDSCode", "=", "T2.CDSCode", "WHERE", "T1.AdmFName1", "=", "'Kacey", "'", "AND", "T1.AdmLName1", "=", "'Gibson", "'"], "evidence_toks": ["Eligible", "free", "rates", "for", "students", "aged", "5-17", "=", "`", "Free", "Meal", "Count", "(", "Ages", "5-17", ")", "`", "/", "`", "Enrollment", "(", "Ages", "5-17", ")", "`"], "difficulty": "moderate"}, {"db_id": "california_schools", "question": "What is the administrator's email address of the chartered school with the fewest students enrolled in grades 1 through 12?", "evidence": "Charted school means `Charter School (Y/N)` = 1 in the table frpm; Students enrolled in grades 1 through 12 refers to `Enrollment (K-12)`", "SQL": "SELECT T2.AdmEmail1 FROM frpm AS T1 INNER JOIN schools AS T2 ON T1.CDSCode = T2.CDSCode WHERE T1.`Charter School (Y/N)` = 1 ORDER BY T1.`Enrollment (K-12)` ASC LIMIT 1", "question_toks": ["What", "is", "the", "administrator", "'s", "email", "address", "of", "the", "chartered", "school", "with", "the", "fewest", "students", "enrolled", "in", "grades", "1", "through", "12", "?"], "SQL_toks": ["SELECT", "T2.AdmEmail1", "FROM", "frpm", "AS", "T1", "INNER", "JOIN", "schools", "AS", "T2", "ON", "T1.CDSCode", "=", "T2.CDSCode", "WHERE", "T1.", "`", "Charter", "School", "(", "Y/N", ")", "`", "=", "1", "ORDER", "BY", "T1.", "`", "Enrollment", "(", "K-12", ")", "`", "ASC", "LIMIT", "1"], "evidence_toks": ["Charted", "school", "means", "`", "Charter", "School", "(", "Y/N", ")", "`", "=", "1", "in", "the", "table", "frpm", ";", "Students", "enrolled", "in", "grades", "1", "through", "12", "refers", "to", "`", "Enrollment", "(", "K-12", ")", "`"], "difficulty": "moderate"}, {"db_id": "california_schools", "question": "Under whose administration does the school with the highest number of test takers whose total SAT Scores are greater or equal to 1500 belong to? Indicate his or her full name.", "evidence": "full name means first name, last name; There are at most 3 administrators for each school; SAT Scores are greater or equal to 1500 refers to NumGE1500", "SQL": "SELECT T2.AdmFName1, T2.AdmLName1, T2.AdmFName2, T2.AdmLName2, T2.AdmFName3, T2.AdmLName3 FROM satscores AS T1 INNER JOIN schools AS T2 ON T1.cds = T2.CDSCode ORDER BY T1.NumGE1500 DESC LIMIT 1", "question_toks": ["Under", "whose", "administration", "does", "the", "school", "with", "the", "highest", "number", "of", "test", "takers", "whose", "total", "SAT", "Scores", "are", "greater", "or", "equal", "to", "1500", "belong", "to", "?", "Indicate", "his", "or", "her", "full", "name", "."], "SQL_toks": ["SELECT", "T2.AdmFName1", ",", "T2.AdmLName1", ",", "T2.AdmFName2", ",", "T2.AdmLName2", ",", "T2.AdmFName3", ",", "T2.AdmLName3", "FROM", "satscores", "AS", "T1", "INNER", "JOIN", "schools", "AS", "T2", "ON", "T1.cds", "=", "T2.CDSCode", "ORDER", "BY", "T1.NumGE1500", "DESC", "LIMIT", "1"], "evidence_toks": ["full", "name", "means", "first", "name", ",", "last", "name", ";", "There", "are", "at", "most", "3", "administrators", "for", "each", "school", ";", "SAT", "Scores", "are", "greater", "or", "equal", "to", "1500", "refers", "to", "NumGE1500"], "difficulty": "challenging"}, {"db_id": "california_schools", "question": "What is the complete address of the school with the lowest excellence rate? Indicate the Street, City, Zip and State.", "evidence": "Execellence Rate = NumGE1500 / NumTstTakr; complete address has Zip, Street, City, State", "SQL": "SELECT T2.Zip, T2.Street, T2.City, T2.State FROM satscores AS T1 INNER JOIN schools AS T2 ON T1.cds = T2.CDSCode ORDER BY CAST(T1.NumGE1500 AS REAL) / T1.NumTstTakr ASC LIMIT 1", "question_toks": ["What", "is", "the", "complete", "address", "of", "the", "school", "with", "the", "lowest", "excellence", "rate", "?", "Indicate", "the", "Street", ",", "City", ",", "Zip", "and", "State", "."], "SQL_toks": ["SELECT", "T2.Zip", ",", "T2.Street", ",", "T2.City", ",", "T2.State", "FROM", "satscores", "AS", "T1", "INNER", "JOIN", "schools", "AS", "T2", "ON", "T1.cds", "=", "T2.CDSCode", "ORDER", "BY", "CAST", "(", "T1.NumGE1500", "AS", "REAL", ")", "/", "T1.NumTstTakr", "ASC", "LIMIT", "1"], "evidence_toks": ["Execellence", "Rate", "=", "NumGE1500", "/", "NumTstTakr", ";", "complete", "address", "has", "Zip", ",", "Street", ",", "City", ",", "State"], "difficulty": "moderate"}, {"db_id": "california_schools", "question": "What are the webpages for the Los Angeles County school that has between 2,000 and 3,000 test takers?", "evidence": "", "SQL": "SELECT T2.Website FROM satscores AS T1 INNER JOIN schools AS T2 ON T1.cds = T2.CDSCode WHERE T1.NumTstTakr BETWEEN 2000 AND 3000 AND T2.County = 'Los Angeles'", "question_toks": ["What", "are", "the", "webpages", "for", "the", "Los", "Angeles", "County", "school", "that", "has", "between", "2,000", "and", "3,000", "test", "takers", "?"], "SQL_toks": ["SELECT", "T2.Website", "FROM", "satscores", "AS", "T1", "INNER", "JOIN", "schools", "AS", "T2", "ON", "T1.cds", "=", "T2.CDSCode", "WHERE", "T1.NumTstTakr", "BETWEEN", "2000", "AND", "3000", "AND", "T2.County", "=", "'Los", "Angeles", "'"], "evidence_toks": [], "difficulty": "simple"}, {"db_id": "california_schools", "question": "What is the telephone number for the school with the lowest average score in reading in Fresno Unified?", "evidence": "Fresno Unified is a name of district;", "SQL": "SELECT T2.Phone FROM satscores AS T1 INNER JOIN schools AS T2 ON T1.cds = T2.CDSCode WHERE T2.DOC = 54 AND T2.District = 'Fresno Unified' AND T1.AvgScrRead IS NOT NULL ORDER BY T1.AvgScrRead ASC LIMIT 1", "question_toks": ["What", "is", "the", "telephone", "number", "for", "the", "school", "with", "the", "lowest", "average", "score", "in", "reading", "in", "Fresno", "Unified", "?"], "SQL_toks": ["SELECT", "T2.Phone", "FROM", "satscores", "AS", "T1", "INNER", "JOIN", "schools", "AS", "T2", "ON", "T1.cds", "=", "T2.CDSCode", "WHERE", "T2.DOC", "=", "54", "AND", "T2.District", "=", "'Fresno", "Unified", "'", "AND", "T1.AvgScrRead", "IS", "NOT", "NULL", "ORDER", "BY", "T1.AvgScrRead", "ASC", "LIMIT", "1"], "evidence_toks": ["Fresno", "Unified", "is", "a", "name", "of", "district", ";"], "difficulty": "moderate"}, {"db_id": "california_schools", "question": "What is the type of education offered in the school who scored the highest average in Math?", "evidence": "", "SQL": "SELECT T2.EdOpsName FROM satscores AS T1 INNER JOIN schools AS T2 ON T1.cds = T2.CDSCode ORDER BY T1.AvgScrMath DESC LIMIT 1", "question_toks": ["What", "is", "the", "type", "of", "education", "offered", "in", "the", "school", "who", "scored", "the", "highest", "average", "in", "Math", "?"], "SQL_toks": ["SELECT", "T2.EdOpsName", "FROM", "satscores", "AS", "T1", "INNER", "JOIN", "schools", "AS", "T2", "ON", "T1.cds", "=", "T2.CDSCode", "ORDER", "BY", "T1.AvgScrMath", "DESC", "LIMIT", "1"], "evidence_toks": [], "difficulty": "simple"}, {"db_id": "california_schools", "question": "What is the average reading score of each of the schools managed by Ricci Ulrich? List the schools and the corresponding average writing scores.", "evidence": "Usually, administrators manage the school stuff.", "SQL": "SELECT T2.School, T1.AvgScrWrite FROM satscores AS T1 INNER JOIN schools AS T2 ON T1.cds = T2.CDSCode WHERE T2.AdmFName1 = 'Ricci' AND T2.AdmLName1 = 'Ulrich'", "question_toks": ["What", "is", "the", "average", "reading", "score", "of", "each", "of", "the", "schools", "managed", "by", "Ricci", "Ulrich", "?", "List", "the", "schools", "and", "the", "corresponding", "average", "writing", "scores", "."], "SQL_toks": ["SELECT", "T2.School", ",", "T1.AvgScrWrite", "FROM", "satscores", "AS", "T1", "INNER", "JOIN", "schools", "AS", "T2", "ON", "T1.cds", "=", "T2.CDSCode", "WHERE", "T2.AdmFName1", "=", "'Ricci", "'", "AND", "T2.AdmLName1", "=", "'Ulrich", "'"], "evidence_toks": ["Usually", ",", "administrators", "manage", "the", "school", "stuff", "."], "difficulty": "moderate"}, {"db_id": "california_schools", "question": "What is the monthly average number of schools that opened in Alameda County under the jurisdiction of the Elementary School District in 1980?", "evidence": "Elementary School District refers to DOC = 52; Monthly average number of schools that opened in 2018 = count(schools that opened in 1980) / 12", "SQL": "SELECT CAST(COUNT(School) AS REAL) / 12 FROM schools WHERE DOC = 52 AND County = 'Alameda' AND strftime('%Y', OpenDate) = '1980'", "question_toks": ["What", "is", "the", "monthly", "average", "number", "of", "schools", "that", "opened", "in", "Alameda", "County", "under", "the", "jurisdiction", "of", "the", "Elementary", "School", "District", "in", "1980", "?"], "SQL_toks": ["SELECT", "CAST", "(", "COUNT", "(", "School", ")", "AS", "REAL", ")", "/", "12", "FROM", "schools", "WHERE", "DOC", "=", "52", "AND", "County", "=", "'Alameda", "'", "AND", "strftime", "(", "'", "%", "Y", "'", ",", "OpenDate", ")", "=", "'1980", "'"], "evidence_toks": ["Elementary", "School", "District", "refers", "to", "DOC", "=", "52", ";", "Monthly", "average", "number", "of", "schools", "that", "opened", "in", "2018", "=", "count", "(", "schools", "that", "opened", "in", "1980", ")", "/", "12"], "difficulty": "moderate"}, {"db_id": "california_schools", "question": "What is the ratio of merged Unified School District schools in Orange County to merged Elementary School District schools?", "evidence": "Elementary School District refers to DOC = 52.", "SQL": "SELECT CAST(SUM(CASE WHEN DOC = 54 THEN 1 ELSE 0 END) AS REAL) / SUM(CASE WHEN DOC = 52 THEN 1 ELSE 0 END) * 100 FROM schools WHERE StatusType = 'Merged' AND County = 'Orange'", "question_toks": ["What", "is", "the", "ratio", "of", "merged", "Unified", "School", "District", "schools", "in", "Orange", "County", "to", "merged", "Elementary", "School", "District", "schools", "?"], "SQL_toks": ["SELECT", "CAST", "(", "SUM", "(", "CASE", "WHEN", "DOC", "=", "54", "THEN", "1", "ELSE", "0", "END", ")", "AS", "REAL", ")", "/", "SUM", "(", "CASE", "WHEN", "DOC", "=", "52", "THEN", "1", "ELSE", "0", "END", ")", "*", "100", "FROM", "schools", "WHERE", "StatusType", "=", "'Merged", "'", "AND", "County", "=", "'Orange", "'"], "evidence_toks": ["Elementary", "School", "District", "refers", "to", "DOC", "=", "52", "."], "difficulty": "moderate"}, {"db_id": "california_schools", "question": "Which different county has the most number of closed schools?\nPlease provide the name of each school as well as the closure date.", "evidence": "Closure date and closed date are synonyms; 'Closed' was mentioned in schools.StatusType.", "SQL": "SELECT DISTINCT County, School, ClosedDate FROM schools WHERE County = ( SELECT County FROM schools WHERE StatusType = 'Closed' GROUP BY County ORDER BY COUNT(School) DESC LIMIT 1 ) AND StatusType = 'Closed' AND school IS NOT NULL", "question_toks": ["Which", "different", "county", "has", "the", "most", "number", "of", "closed", "schools", "?", "Please", "provide", "the", "name", "of", "each", "school", "as", "well", "as", "the", "closure", "date", "."], "SQL_toks": ["SELECT", "DISTINCT", "County", ",", "School", ",", "ClosedDate", "FROM", "schools", "WHERE", "County", "=", "(", "SELECT", "County", "FROM", "schools", "WHERE", "StatusType", "=", "'Closed", "'", "GROUP", "BY", "County", "ORDER", "BY", "COUNT", "(", "School", ")", "DESC", "LIMIT", "1", ")", "AND", "StatusType", "=", "'Closed", "'", "AND", "school", "IS", "NOT", "NULL"], "evidence_toks": ["Closure", "date", "and", "closed", "date", "are", "synonyms", ";", "'Closed", "'", "was", "mentioned", "in", "schools.StatusType", "."], "difficulty": "moderate"}, {"db_id": "california_schools", "question": "What is the postal street address for the school with the 6th highest Math average? Indicate the school's name.", "evidence": "Postal street and mailing street are synonyms.", "SQL": "SELECT T2.MailStreet, T2.School FROM satscores AS T1 INNER JOIN schools AS T2 ON T1.cds = T2.CDSCode ORDER BY T1.AvgScrMath DESC LIMIT 5, 1", "question_toks": ["What", "is", "the", "postal", "street", "address", "for", "the", "school", "with", "the", "6th", "highest", "Math", "average", "?", "Indicate", "the", "school", "'s", "name", "."], "SQL_toks": ["SELECT", "T2.MailStreet", ",", "T2.School", "FROM", "satscores", "AS", "T1", "INNER", "JOIN", "schools", "AS", "T2", "ON", "T1.cds", "=", "T2.CDSCode", "ORDER", "BY", "T1.AvgScrMath", "DESC", "LIMIT", "5", ",", "1"], "evidence_toks": ["Postal", "street", "and", "mailing", "street", "are", "synonyms", "."], "difficulty": "simple"}, {"db_id": "california_schools", "question": "In which mailing street address can you find the school that has the lowest average score in reading? Also give the school's name.", "evidence": "", "SQL": "SELECT T2.MailStreet, T2.School FROM satscores AS T1 INNER JOIN schools AS T2 ON T1.cds = T2.CDSCode WHERE T1.AvgScrRead IS NOT NULL ORDER BY T1.AvgScrRead ASC LIMIT 1", "question_toks": ["In", "which", "mailing", "street", "address", "can", "you", "find", "the", "school", "that", "has", "the", "lowest", "average", "score", "in", "reading", "?", "Also", "give", "the", "school", "'s", "name", "."], "SQL_toks": ["SELECT", "T2.MailStreet", ",", "T2.School", "FROM", "satscores", "AS", "T1", "INNER", "JOIN", "schools", "AS", "T2", "ON", "T1.cds", "=", "T2.CDSCode", "WHERE", "T1.AvgScrRead", "IS", "NOT", "NULL", "ORDER", "BY", "T1.AvgScrRead", "ASC", "LIMIT", "1"], "evidence_toks": [], "difficulty": "simple"}, {"db_id": "california_schools", "question": "How many test takers are there at the school/s whose mailing city address is in Fresno?", "evidence": "", "SQL": "SELECT T1.NumTstTakr FROM satscores AS T1 INNER JOIN schools AS T2 ON T1.cds = T2.CDSCode WHERE T2.MailCity = 'Fresno'", "question_toks": ["How", "many", "test", "takers", "are", "there", "at", "the", "school/s", "whose", "mailing", "city", "address", "is", "in", "Fresno", "?"], "SQL_toks": ["SELECT", "T1.NumTstTakr", "FROM", "satscores", "AS", "T1", "INNER", "JOIN", "schools", "AS", "T2", "ON", "T1.cds", "=", "T2.CDSCode", "WHERE", "T2.MailCity", "=", "'Fresno", "'"], "evidence_toks": [], "difficulty": "simple"}, {"db_id": "california_schools", "question": "Please specify all of the schools and their related mailing zip codes that are under Avetik Atoian's administration.", "evidence": "", "SQL": "SELECT School, MailZip FROM schools WHERE AdmFName1 = 'Avetik' AND AdmLName1 = 'Atoian'", "question_toks": ["Please", "specify", "all", "of", "the", "schools", "and", "their", "related", "mailing", "zip", "codes", "that", "are", "under", "Avetik", "Atoian", "'s", "administration", "."], "SQL_toks": ["SELECT", "School", ",", "MailZip", "FROM", "schools", "WHERE", "AdmFName1", "=", "'Avetik", "'", "AND", "AdmLName1", "=", "'Atoian", "'"], "evidence_toks": [], "difficulty": "simple"}, {"db_id": "california_schools", "question": "What is the phone number and extension number for the school with the zip code 95203-3704? Indicate the school's name.", "evidence": "", "SQL": "SELECT Phone, Ext, School FROM schools WHERE Zip = '95203-3704'", "question_toks": ["What", "is", "the", "phone", "number", "and", "extension", "number", "for", "the", "school", "with", "the", "zip", "code", "95203-3704", "?", "Indicate", "the", "school", "'s", "name", "."], "SQL_toks": ["SELECT", "Phone", ",", "Ext", ",", "School", "FROM", "schools", "WHERE", "Zip", "=", "'95203-3704", "'"], "evidence_toks": [], "difficulty": "simple"}, {"db_id": "california_schools", "question": "What are the websites for all the partially virtual chartered schools located in San Joaquin?", "evidence": "Virtual = 'P' means partially virtual; Charter schools refers to Charter = 1 in the table schools", "SQL": "SELECT Website FROM schools WHERE County = 'San Joaquin' AND Virtual = 'P' AND Charter = 1", "question_toks": ["What", "are", "the", "websites", "for", "all", "the", "partially", "virtual", "chartered", "schools", "located", "in", "San", "Joaquin", "?"], "SQL_toks": ["SELECT", "Website", "FROM", "schools", "WHERE", "County", "=", "'San", "Joaquin", "'", "AND", "Virtual", "=", "'", "P", "'", "AND", "Charter", "=", "1"], "evidence_toks": ["Virtual", "=", "'", "P", "'", "means", "partially", "virtual", ";", "Charter", "schools", "refers", "to", "Charter", "=", "1", "in", "the", "table", "schools"], "difficulty": "simple"}, {"db_id": "california_schools", "question": "In chartered schools with charter number 00D2, what are the names of all the administrators? Include the name of the school and the city to which it belongs", "evidence": "Chartered schools refer to Charter = 1 in the table schools; ", "SQL": "SELECT AdmFName1, AdmLName1, School, City FROM schools WHERE Charter = 1 AND CharterNum = '00D2'", "question_toks": ["In", "chartered", "schools", "with", "charter", "number", "00D2", ",", "what", "are", "the", "names", "of", "all", "the", "administrators", "?", "Include", "the", "name", "of", "the", "school", "and", "the", "city", "to", "which", "it", "belongs"], "SQL_toks": ["SELECT", "AdmFName1", ",", "AdmLName1", ",", "School", ",", "City", "FROM", "schools", "WHERE", "Charter", "=", "1", "AND", "CharterNum", "=", "'00D2", "'"], "evidence_toks": ["Chartered", "schools", "refer", "to", "Charter", "=", "1", "in", "the", "table", "schools", ";"], "difficulty": "simple"}, {"db_id": "california_schools", "question": "What is the total number of schools with a mailing city in Handford belonging to the charter number 00D4?", "evidence": "", "SQL": "SELECT COUNT(*) FROM schools WHERE CharterNum = '00D4' AND City = 'Hanford'", "question_toks": ["What", "is", "the", "total", "number", "of", "schools", "with", "a", "mailing", "city", "in", "Handford", "belonging", "to", "the", "charter", "number", "00D4", "?"], "SQL_toks": ["SELECT", "COUNT", "(", "*", ")", "FROM", "schools", "WHERE", "CharterNum", "=", "'00D4", "'", "AND", "City", "=", "'Hanford", "'"], "evidence_toks": [], "difficulty": "simple"}, {"db_id": "california_schools", "question": "What is the ratio in percentage of Santa Clara County schools that are locally funded compared to all other types of charter school funding?", "evidence": "Ratio in percentage = (count(locally funded schools in Santa Clara) / count(all funding type schools in Santa Clara) * 100%", "SQL": "SELECT CAST(SUM(CASE WHEN FundingType = 'Locally funded' THEN 1 ELSE 0 END) AS REAL) * 100 / SUM(CASE WHEN FundingType != 'Locally funded' THEN 1 ELSE 0 END) FROM schools WHERE County = 'Santa Clara' AND Charter = 1", "question_toks": ["What", "is", "the", "ratio", "in", "percentage", "of", "Santa", "Clara", "County", "schools", "that", "are", "locally", "funded", "compared", "to", "all", "other", "types", "of", "charter", "school", "funding", "?"], "SQL_toks": ["SELECT", "CAST", "(", "SUM", "(", "CASE", "WHEN", "FundingType", "=", "'Locally", "funded", "'", "THEN", "1", "ELSE", "0", "END", ")", "AS", "REAL", ")", "*", "100", "/", "SUM", "(", "CASE", "WHEN", "FundingType", "!", "=", "'Locally", "funded", "'", "THEN", "1", "ELSE", "0", "END", ")", "FROM", "schools", "WHERE", "County", "=", "'Santa", "Clara", "'", "AND", "Charter", "=", "1"], "evidence_toks": ["Ratio", "in", "percentage", "=", "(", "count", "(", "locally", "funded", "schools", "in", "Santa", "Clara", ")", "/", "count", "(", "all", "funding", "type", "schools", "in", "Santa", "Clara", ")", "*", "100", "%"], "difficulty": "moderate"}, {"db_id": "california_schools", "question": "What is the total amount of Community College District closure in 1989 in the city of San Francisco?", "evidence": "", "SQL": "SELECT COUNT(School) FROM schools WHERE strftime('%Y', ClosedDate) = '1989' AND City = 'San Francisco' AND DOCType = 'Community College District'", "question_toks": ["What", "is", "the", "total", "amount", "of", "Community", "College", "District", "closure", "in", "1989", "in", "the", "city", "of", "San", "Francisco", "?"], "SQL_toks": ["SELECT", "COUNT", "(", "School", ")", "FROM", "schools", "WHERE", "strftime", "(", "'", "%", "Y", "'", ",", "ClosedDate", ")", "=", "'1989", "'", "AND", "City", "=", "'San", "Francisco", "'", "AND", "DOCType", "=", "'Community", "College", "District", "'"], "evidence_toks": [], "difficulty": "simple"}, {"db_id": "california_schools", "question": "How many students from the ages of 5 to 17 are enrolled at the State Special School school in Fremont for the 2014-2015 academic year?", "evidence": "State Special School means EdOpsCode = 'SSS'", "SQL": "SELECT T1.`Enrollment (Ages 5-17)` FROM frpm AS T1 INNER JOIN schools AS T2 ON T1.CDSCode = T2.CDSCode WHERE T2.EdOpsCode = 'SSS' AND T1.`Academic Year` BETWEEN 2014 AND 2015", "question_toks": ["How", "many", "students", "from", "the", "ages", "of", "5", "to", "17", "are", "enrolled", "at", "the", "State", "Special", "School", "school", "in", "Fremont", "for", "the", "2014-2015", "academic", "year", "?"], "SQL_toks": ["SELECT", "T1.", "`", "Enrollment", "(", "Ages", "5-17", ")", "`", "FROM", "frpm", "AS", "T1", "INNER", "JOIN", "schools", "AS", "T2", "ON", "T1.CDSCode", "=", "T2.CDSCode", "WHERE", "T2.EdOpsCode", "=", "'SSS", "'", "AND", "T1.", "`", "Academic", "Year", "`", "BETWEEN", "2014", "AND", "2015"], "evidence_toks": ["State", "Special", "School", "means", "EdOpsCode", "=", "'SSS", "'"], "difficulty": "moderate"}, {"db_id": "california_schools", "question": "What is the free or reduced price meal count for ages 5 to 17 in the Youth Authority School with a mailing street address of PO Box 1040?", "evidence": "", "SQL": "SELECT T1.`FRPM Count (Ages 5-17)` FROM frpm AS T1 INNER JOIN schools AS T2 ON T1.CDSCode = T2.CDSCode WHERE T2.MailStreet = 'PO Box 1040' AND T2.SOCType = 'Youth Authority Facilities'", "question_toks": ["What", "is", "the", "free", "or", "reduced", "price", "meal", "count", "for", "ages", "5", "to", "17", "in", "the", "Youth", "Authority", "School", "with", "a", "mailing", "street", "address", "of", "PO", "Box", "1040", "?"], "SQL_toks": ["SELECT", "T1.", "`", "FRPM", "Count", "(", "Ages", "5-17", ")", "`", "FROM", "frpm", "AS", "T1", "INNER", "JOIN", "schools", "AS", "T2", "ON", "T1.CDSCode", "=", "T2.CDSCode", "WHERE", "T2.MailStreet", "=", "'PO", "Box", "1040", "'", "AND", "T2.SOCType", "=", "'Youth", "Authority", "Facilities", "'"], "evidence_toks": [], "difficulty": "simple"}, {"db_id": "california_schools", "question": "What is the lowest grade for the District Special Education Consortia School with National Center for Educational Statistics school district identification number of 613360?", "evidence": "District Special Education Consortia School refers to EdOpsCode = 'SPECON'.", "SQL": "SELECT MIN(T1.`Low Grade`) FROM frpm AS T1 INNER JOIN schools AS T2 ON T1.CDSCode = T2.CDSCode WHERE T2.NCESDist = 613360 AND T2.EdOpsCode = 'SPECON'", "question_toks": ["What", "is", "the", "lowest", "grade", "for", "the", "District", "Special", "Education", "Consortia", "School", "with", "National", "Center", "for", "Educational", "Statistics", "school", "district", "identification", "number", "of", "613360", "?"], "SQL_toks": ["SELECT", "MIN", "(", "T1.", "`", "Low", "Grade", "`", ")", "FROM", "frpm", "AS", "T1", "INNER", "JOIN", "schools", "AS", "T2", "ON", "T1.CDSCode", "=", "T2.CDSCode", "WHERE", "T2.NCESDist", "=", "613360", "AND", "T2.EdOpsCode", "=", "'SPECON", "'"], "evidence_toks": ["District", "Special", "Education", "Consortia", "School", "refers", "to", "EdOpsCode", "=", "'SPECON", "'", "."], "difficulty": "moderate"}, {"db_id": "california_schools", "question": "What is the educational level name for the schools with Breakfast Provision 2 in county code 37? Indicate the name of the school.", "evidence": "", "SQL": "SELECT T2.EILName, T2.School FROM frpm AS T1 INNER JOIN schools AS T2 ON T1.CDSCode = T2.CDSCode WHERE T1.`NSLP Provision Status` = 'Breakfast Provision 2' AND T1.`County Code` = 37", "question_toks": ["What", "is", "the", "educational", "level", "name", "for", "the", "schools", "with", "Breakfast", "Provision", "2", "in", "county", "code", "37", "?", "Indicate", "the", "name", "of", "the", "school", "."], "SQL_toks": ["SELECT", "T2.EILName", ",", "T2.School", "FROM", "frpm", "AS", "T1", "INNER", "JOIN", "schools", "AS", "T2", "ON", "T1.CDSCode", "=", "T2.CDSCode", "WHERE", "T1.", "`", "NSLP", "Provision", "Status", "`", "=", "'Breakfast", "Provision", "2", "'", "AND", "T1.", "`", "County", "Code", "`", "=", "37"], "evidence_toks": [], "difficulty": "simple"}, {"db_id": "california_schools", "question": "In which city can you find the school in the state of California with the lowest latitude coordinates and what is its lowest grade? Indicate the school name.", "evidence": "State of California refers to state = 'CA'", "SQL": "SELECT T2.City, T1.`Low Grade`, T1.`School Name` FROM frpm AS T1 INNER JOIN schools AS T2 ON T1.CDSCode = T2.CDSCode WHERE T2.State = 'CA' ORDER BY T2.Latitude ASC LIMIT 1", "question_toks": ["In", "which", "city", "can", "you", "find", "the", "school", "in", "the", "state", "of", "California", "with", "the", "lowest", "latitude", "coordinates", "and", "what", "is", "its", "lowest", "grade", "?", "Indicate", "the", "school", "name", "."], "SQL_toks": ["SELECT", "T2.City", ",", "T1.", "`", "Low", "Grade", "`", ",", "T1.", "`", "School", "Name", "`", "FROM", "frpm", "AS", "T1", "INNER", "JOIN", "schools", "AS", "T2", "ON", "T1.CDSCode", "=", "T2.CDSCode", "WHERE", "T2.State", "=", "'CA", "'", "ORDER", "BY", "T2.Latitude", "ASC", "LIMIT", "1"], "evidence_toks": ["State", "of", "California", "refers", "to", "state", "=", "'CA", "'"], "difficulty": "moderate"}, {"db_id": "california_schools", "question": "What is the grade span offered in the school with the highest longitude?", "evidence": "", "SQL": "SELECT GSoffered FROM schools ORDER BY ABS(longitude) DESC LIMIT 1", "question_toks": ["What", "is", "the", "grade", "span", "offered", "in", "the", "school", "with", "the", "highest", "longitude", "?"], "SQL_toks": ["SELECT", "GSoffered", "FROM", "schools", "ORDER", "BY", "ABS", "(", "longitude", ")", "DESC", "LIMIT", "1"], "evidence_toks": [], "difficulty": "simple"}, {"db_id": "california_schools", "question": "What are the two most common first names among the school administrators? Indicate the district to which they administer.", "evidence": "", "SQL": "SELECT DISTINCT T1.AdmFName1, T1.District FROM schools AS T1 INNER JOIN ( SELECT admfname1 FROM schools GROUP BY admfname1 ORDER BY COUNT(admfname1) DESC LIMIT 2 ) AS T2 ON T1.AdmFName1 = T2.admfname1", "question_toks": ["What", "are", "the", "two", "most", "common", "first", "names", "among", "the", "school", "administrators", "?", "Indicate", "the", "district", "to", "which", "they", "administer", "."], "SQL_toks": ["SELECT", "DISTINCT", "T1.AdmFName1", ",", "T1.District", "FROM", "schools", "AS", "T1", "INNER", "JOIN", "(", "SELECT", "admfname1", "FROM", "schools", "GROUP", "BY", "admfname1", "ORDER", "BY", "COUNT", "(", "admfname1", ")", "DESC", "LIMIT", "2", ")", "AS", "T2", "ON", "T1.AdmFName1", "=", "T2.admfname1"], "evidence_toks": [], "difficulty": "simple"}, {"db_id": "california_schools", "question": "What is the administrator's last name that oversees the school with Charter number 40? Indicate the district, the county where the school is situated, and the name of the school.", "evidence": "", "SQL": "SELECT AdmLName1, District, County, School FROM schools WHERE CharterNum = '0040'", "question_toks": ["What", "is", "the", "administrator", "'s", "last", "name", "that", "oversees", "the", "school", "with", "Charter", "number", "40", "?", "Indicate", "the", "district", ",", "the", "county", "where", "the", "school", "is", "situated", ",", "and", "the", "name", "of", "the", "school", "."], "SQL_toks": ["SELECT", "AdmLName1", ",", "District", ",", "County", ",", "School", "FROM", "schools", "WHERE", "CharterNum", "=", "'0040", "'"], "evidence_toks": [], "difficulty": "simple"}, {"db_id": "california_schools", "question": "What is the e-mail address of the administrator of the school located in the San Bernardino county, District of San Bernardino City Unified that opened between 1/1/2009 to 12/31/2010 whose school types are public Intermediate/Middle Schools and Unified Scools?", "evidence": "Intermediate/Middle Schools refers to SOC = 62; Unified School refers to DOC = 54; years between 2009 and 2010 can refer to 'between 1/1/2009 to 12/31/2010'", "SQL": "SELECT T2.AdmEmail1 FROM frpm AS T1 INNER JOIN schools AS T2 ON T1.CDSCode = T2.CDSCode WHERE T2.County = 'San Bernardino' AND T2.City = 'San Bernardino' AND T2.DOC = 54 AND strftime('%Y', T2.OpenDate) BETWEEN '2009' AND '2010' AND T2.SOC = 62", "question_toks": ["What", "is", "the", "e-mail", "address", "of", "the", "administrator", "of", "the", "school", "located", "in", "the", "San", "Bernardino", "county", ",", "District", "of", "San", "Bernardino", "City", "Unified", "that", "opened", "between", "1/1/2009", "to", "12/31/2010", "whose", "school", "types", "are", "public", "Intermediate/Middle", "Schools", "and", "Unified", "Scools", "?"], "SQL_toks": ["SELECT", "T2.AdmEmail1", "FROM", "frpm", "AS", "T1", "INNER", "JOIN", "schools", "AS", "T2", "ON", "T1.CDSCode", "=", "T2.CDSCode", "WHERE", "T2.County", "=", "'San", "Bernardino", "'", "AND", "T2.City", "=", "'San", "Bernardino", "'", "AND", "T2.DOC", "=", "54", "AND", "strftime", "(", "'", "%", "Y", "'", ",", "T2.OpenDate", ")", "BETWEEN", "'2009", "'", "AND", "'2010", "'", "AND", "T2.SOC", "=", "62"], "evidence_toks": ["Intermediate/Middle", "Schools", "refers", "to", "SOC", "=", "62", ";", "Unified", "School", "refers", "to", "DOC", "=", "54", ";", "years", "between", "2009", "and", "2010", "can", "refer", "to", "'between", "1/1/2009", "to", "12/31/2010", "'"], "difficulty": "challenging"}]