[{"db_id": "debit_card_specializing", "question": "How many gas stations in CZE has Premium gas?", "evidence": "", "SQL": "SELECT COUNT(GasStationID) FROM gasstations WHERE Country = 'CZE' AND Segment = 'Premium'", "question_toks": ["How", "many", "gas", "stations", "in", "CZE", "has", "Premium", "gas", "?"], "SQL_toks": ["SELECT", "COUNT", "(", "GasStationID", ")", "FROM", "gasstations", "WHERE", "Country", "=", "'CZE", "'", "AND", "Segment", "=", "'Premium", "'"], "evidence_toks": [], "difficulty": "simple", "templatized_domain_statements": []}, {"db_id": "debit_card_specializing", "question": "What is the ratio of costumers who pay in EUR against customers who pay in CZK?", "evidence": "ratio of costumers who pay in EUR against customers who pay in CZK = count(Currency = 'EUR') / count(Currency = 'CZK').", "SQL": "SELECT CAST(SUM(IIF(Currency = 'EUR', 1, 0)) AS FLOAT) / SUM(IIF(Currency = 'CZK', 1, 0)) FROM customers", "question_toks": ["What", "is", "the", "ratio", "of", "costumers", "who", "pay", "in", "EUR", "against", "customers", "who", "pay", "in", "CZK", "?"], "SQL_toks": ["SELECT", "CAST", "(", "SUM", "(", "IIF", "(", "Currency", "=", "'EUR", "'", ",", "1", ",", "0", ")", ")", "AS", "FLOAT", ")", "/", "SUM", "(", "IIF", "(", "Currency", "=", "'CZK", "'", ",", "1", ",", "0", ")", ")", "FROM", "customers"], "evidence_toks": ["ratio", "of", "costumers", "who", "pay", "in", "EUR", "against", "customers", "who", "pay", "in", "CZK", "=", "count", "(", "Currency", "=", "'EUR", "'", ")", "/", "count", "(", "Currency", "=", "'CZK", "'", ")", "."], "difficulty": "simple", "templatized_domain_statements": ["'customers who pay in EUR' refers to SUM(IIF(customers.Currency = 'EUR', 1, 0))"]}, {"db_id": "debit_card_specializing", "question": "What was the average monthly consumption of customers in SME for the year 2013?", "evidence": "Average Monthly consumption = AVG(Consumption) / 12; Year 2013 can be presented as Between 201301 And 201312, which means between January and December in 2013", "SQL": "SELECT AVG(T2.Consumption) / 12 FROM customers AS T1 INNER JOIN yearmonth AS T2 ON T1.CustomerID = T2.CustomerID WHERE SUBSTRING(T2.Date, 1, 4) = '2013' AND T1.Segment = 'SME'", "question_toks": ["What", "was", "the", "average", "monthly", "consumption", "of", "customers", "in", "SME", "for", "the", "year", "2013", "?"], "SQL_toks": ["SELECT", "AVG", "(", "T2.Consumption", ")", "/", "12", "FROM", "customers", "AS", "T1", "INNER", "JOIN", "yearmonth", "AS", "T2", "ON", "T1.CustomerID", "=", "T2.CustomerID", "WHERE", "SUBSTRING", "(", "T2.Date", ",", "1", ",", "4", ")", "=", "'2013", "'", "AND", "T1.Segment", "=", "'SME", "'"], "evidence_toks": ["Average", "Monthly", "consumption", "=", "AVG", "(", "Consumption", ")", "/", "12", ";", "Year", "2013", "can", "be", "presented", "as", "Between", "201301", "And", "201312", ",", "which", "means", "between", "January", "and", "December", "in", "2013"], "difficulty": "moderate", "templatized_domain_statements": ["'average monthly consumption of customers in SME for the year {100}' refers to  AVG(yearmonth.Consumption) / 12", "'Year {100}' refers to SUBSTRING(yearmonth.Date, 1, 4) = '100'"]}, {"db_id": "debit_card_specializing", "question": "What was the difference in gas consumption between CZK-paying customers and EUR-paying customers in 2012?", "evidence": "Year 2012 can be presented as Between 201201 And 201212, which means between January and December in 2012; Difference in Consumption = CZK customers consumption in 2012 - EUR customers consumption in 2012", "SQL": "SELECT SUM(IIF(T1.Currency = 'CZK', T2.Consumption, 0)) - SUM(IIF(T1.Currency = 'EUR', T2.Consumption, 0)) FROM customers AS T1 INNER JOIN yearmonth AS T2 ON T1.CustomerID = T2.CustomerID WHERE SUBSTRING(T2.Date, 1, 4) = '2012'", "question_toks": ["What", "was", "the", "difference", "in", "gas", "consumption", "between", "CZK-paying", "customers", "and", "EUR-paying", "customers", "in", "2012", "?"], "SQL_toks": ["SELECT", "SUM", "(", "IIF", "(", "T1.Currency", "=", "'CZK", "'", ",", "T2.Consumption", ",", "0", ")", ")", "-", "SUM", "(", "IIF", "(", "T1.Currency", "=", "'EUR", "'", ",", "T2.Consumption", ",", "0", ")", ")", "FROM", "customers", "AS", "T1", "INNER", "JOIN", "yearmonth", "AS", "T2", "ON", "T1.CustomerID", "=", "T2.CustomerID", "WHERE", "SUBSTRING", "(", "T2.Date", ",", "1", ",", "4", ")", "=", "'2012", "'"], "evidence_toks": ["Year", "2012", "can", "be", "presented", "as", "Between", "201201", "And", "201212", ",", "which", "means", "between", "January", "and", "December", "in", "2012", ";", "Difference", "in", "Consumption", "=", "CZK", "customers", "consumption", "in", "2012", "-", "EUR", "customers", "consumption", "in", "2012"], "difficulty": "challenging", "templatized_domain_statements": ["'Year {100}' refers to SUBSTRING(yearmonth.Date, 1, 4) = '100'", "'Difference in gas consumption between CZK-paying customers and EUR-paying customers' refers to SUM(IIF(customers.Currency = 'CZK', yearmonth.Consumption, 0)) - SUM(IIF(customers.Currency = 'EUR', yearmonth.Consumption, 0))"]}, {"db_id": "debit_card_specializing", "question": "Which year recorded the most gas use paid in EUR?", "evidence": "", "SQL": "SELECT SUBSTRING(T2.Date, 1, 4) FROM customers AS T1 INNER JOIN yearmonth AS T2 ON T1.CustomerID = T2.CustomerID WHERE T1.Currency = 'EUR' GROUP BY SUBSTRING(T2.Date, 1, 4) ORDER BY SUM(T2.Consumption) DESC LIMIT 1", "question_toks": ["Which", "year", "recorded", "the", "most", "gas", "use", "paid", "in", "EUR", "?"], "SQL_toks": ["SELECT", "SUBSTRING", "(", "T2.Date", ",", "1", ",", "4", ")", "FROM", "customers", "AS", "T1", "INNER", "JOIN", "yearmonth", "AS", "T2", "ON", "T1.CustomerID", "=", "T2.CustomerID", "WHERE", "T1.Currency", "=", "'EUR", "'", "GROUP", "BY", "SUBSTRING", "(", "T2.Date", ",", "1", ",", "4", ")", "ORDER", "BY", "SUM", "(", "T2.Consumption", ")", "DESC", "LIMIT", "1"], "evidence_toks": [], "difficulty": "simple", "templatized_domain_statements": []}, {"db_id": "debit_card_specializing", "question": "Which year recorded the most consumption of gas paid in CZK?", "evidence": "The first 4 strings of the values in the table yearmonth can represent year.", "SQL": "SELECT SUBSTRING(T2.Date, 1, 4) FROM customers AS T1 INNER JOIN yearmonth AS T2 ON T1.CustomerID = T2.CustomerID WHERE T1.Currency = 'CZK' GROUP BY SUBSTRING(T2.Date, 1, 4) ORDER BY SUM(T2.Consumption) DESC LIMIT 1", "question_toks": ["Which", "year", "recorded", "the", "most", "consumption", "of", "gas", "paid", "in", "CZK", "?"], "SQL_toks": ["SELECT", "SUBSTRING", "(", "T2.Date", ",", "1", ",", "4", ")", "FROM", "customers", "AS", "T1", "INNER", "JOIN", "yearmonth", "AS", "T2", "ON", "T1.CustomerID", "=", "T2.CustomerID", "WHERE", "T1.Currency", "=", "'CZK", "'", "GROUP", "BY", "SUBSTRING", "(", "T2.Date", ",", "1", ",", "4", ")", "ORDER", "BY", "SUM", "(", "T2.Consumption", ")", "DESC", "LIMIT", "1"], "evidence_toks": ["The", "first", "4", "strings", "of", "the", "values", "in", "the", "table", "yearmonth", "can", "represent", "year", "."], "difficulty": "moderate", "templatized_domain_statements": ["'Which year' refers to SUBSTRING(yearmonth.Date, 1, 4)"]}, {"db_id": "debit_card_specializing", "question": "What was the gas consumption peak month for SME customers in 2013?", "evidence": "'in 2013' refers to the first 4 strings of yearmonth.date = '2013', The 5th and 6th string of the date can refer to month.", "SQL": "SELECT SUBSTRING(T2.Date, 5, 2) FROM customers AS T1 INNER JOIN yearmonth AS T2 ON T1.CustomerID = T2.CustomerID WHERE SUBSTRING(T2.Date, 1, 4) = '2013' AND T1.Segment = 'SME' GROUP BY SUBSTRING(T2.Date, 5, 2) ORDER BY SUM(T2.Consumption) DESC LIMIT 1", "question_toks": ["What", "was", "the", "gas", "consumption", "peak", "month", "for", "SME", "customers", "in", "2013", "?"], "SQL_toks": ["SELECT", "SUBSTRING", "(", "T2.Date", ",", "5", ",", "2", ")", "FROM", "customers", "AS", "T1", "INNER", "JOIN", "yearmonth", "AS", "T2", "ON", "T1.CustomerID", "=", "T2.CustomerID", "WHERE", "SUBSTRING", "(", "T2.Date", ",", "1", ",", "4", ")", "=", "'2013", "'", "AND", "T1.Segment", "=", "'SME", "'", "GROUP", "BY", "SUBSTRING", "(", "T2.Date", ",", "5", ",", "2", ")", "ORDER", "BY", "SUM", "(", "T2.Consumption", ")", "DESC", "LIMIT", "1"], "evidence_toks": ["'in", "2013", "'", "refers", "to", "the", "first", "4", "strings", "of", "yearmonth.date", "=", "'2013", "'", ",", "The", "5th", "and", "6th", "string", "of", "the", "date", "can", "refer", "to", "month", "."], "difficulty": "moderate", "templatized_domain_statements": ["'in the year {100}' refers to SUBSTRING(yearmonth.Date, 1, 4) = '100'", "'gas consumption month' refers to SUBSTRING(yearmonth.Date, 5, 2)"]}, {"db_id": "debit_card_specializing", "question": "Which of the three segments\u2014SME, LAM and KAM\u2014has the biggest and lowest percentage increases in consumption paid in EUR between 2012 and 2013?", "evidence": "Increase or Decrease = consumption for 2013 - consumption for 2012; Percentage of Increase = (Increase or Decrease / consumption for 2013) * 100%; Between 2012 And 2013 can be represented by Between 201201 And 201312; First 4 strings of Date represents the year.", "SQL": "SELECT CAST((SUM(IIF(T1.Segment = 'SME' AND T2.Date LIKE '2013%', T2.Consumption, 0)) - SUM(IIF(T1.Segment = 'SME' AND T2.Date LIKE '2012%', T2.Consumption, 0))) AS FLOAT) * 100 / SUM(IIF(T1.Segment = 'SME' AND T2.Date LIKE '2012%', T2.Consumption, 0)), CAST(SUM(IIF(T1.Segment = 'LAM' AND T2.Date LIKE '2013%', T2.Consumption, 0)) - SUM(IIF(T1.Segment = 'LAM' AND T2.Date LIKE '2012%', T2.Consumption, 0)) AS FLOAT) * 100 / SUM(IIF(T1.Segment = 'LAM' AND T2.Date LIKE '2012%', T2.Consumption, 0)) , CAST(SUM(IIF(T1.Segment = 'KAM' AND T2.Date LIKE '2013%', T2.Consumption, 0)) - SUM(IIF(T1.Segment = 'KAM' AND T2.Date LIKE '2012%', T2.Consumption, 0)) AS FLOAT) * 100 / SUM(IIF(T1.Segment = 'KAM' AND T2.Date LIKE '2012%', T2.Consumption, 0)) FROM customers AS T1 INNER JOIN yearmonth AS T2 ON T1.CustomerID = T2.CustomerID", "question_toks": ["Which", "of", "the", "three", "segments\u2014SME", ",", "LAM", "and", "KAM\u2014has", "the", "biggest", "and", "lowest", "percentage", "increases", "in", "consumption", "paid", "in", "EUR", "between", "2012", "and", "2013", "?"], "SQL_toks": ["SELECT", "CAST", "(", "(", "SUM", "(", "IIF", "(", "T1.Segment", "=", "'SME", "'", "AND", "T2.Date", "LIKE", "'2013", "%", "'", ",", "T2.Consumption", ",", "0", ")", ")", "-", "SUM", "(", "IIF", "(", "T1.Segment", "=", "'SME", "'", "AND", "T2.Date", "LIKE", "'2012", "%", "'", ",", "T2.Consumption", ",", "0", ")", ")", ")", "AS", "FLOAT", ")", "*", "100", "/", "SUM", "(", "IIF", "(", "T1.Segment", "=", "'SME", "'", "AND", "T2.Date", "LIKE", "'2012", "%", "'", ",", "T2.Consumption", ",", "0", ")", ")", ",", "CAST", "(", "SUM", "(", "IIF", "(", "T1.Segment", "=", "'LAM", "'", "AND", "T2.Date", "LIKE", "'2013", "%", "'", ",", "T2.Consumption", ",", "0", ")", ")", "-", "SUM", "(", "IIF", "(", "T1.Segment", "=", "'LAM", "'", "AND", "T2.Date", "LIKE", "'2012", "%", "'", ",", "T2.Consumption", ",", "0", ")", ")", "AS", "FLOAT", ")", "*", "100", "/", "SUM", "(", "IIF", "(", "T1.Segment", "=", "'LAM", "'", "AND", "T2.Date", "LIKE", "'2012", "%", "'", ",", "T2.Consumption", ",", "0", ")", ")", ",", "CAST", "(", "SUM", "(", "IIF", "(", "T1.Segment", "=", "'KAM", "'", "AND", "T2.Date", "LIKE", "'2013", "%", "'", ",", "T2.Consumption", ",", "0", ")", ")", "-", "SUM", "(", "IIF", "(", "T1.Segment", "=", "'KAM", "'", "AND", "T2.Date", "LIKE", "'2012", "%", "'", ",", "T2.Consumption", ",", "0", ")", ")", "AS", "FLOAT", ")", "*", "100", "/", "SUM", "(", "IIF", "(", "T1.Segment", "=", "'KAM", "'", "AND", "T2.Date", "LIKE", "'2012", "%", "'", ",", "T2.Consumption", ",", "0", ")", ")", "FROM", "customers", "AS", "T1", "INNER", "JOIN", "yearmonth", "AS", "T2", "ON", "T1.CustomerID", "=", "T2.CustomerID"], "evidence_toks": ["Increase", "or", "Decrease", "=", "consumption", "for", "2013", "-", "consumption", "for", "2012", ";", "Percentage", "of", "Increase", "=", "(", "Increase", "or", "Decrease", "/", "consumption", "for", "2013", ")", "*", "100", "%", ";", "Between", "2012", "And", "2013", "can", "be", "represented", "by", "Between", "201201", "And", "201312", ";", "First", "4", "strings", "of", "Date", "represents", "the", "year", "."], "difficulty": "challenging", "templatized_domain_statements": ["'increase in consumption paid in EUR between years {100} and {100}' refers to  CAST((SUM(IIF(yearmonth.Date LIKE '100%', yearmonth.Consumption, 0)) - SUM(IIF(yearmonth.Date LIKE '100%', yearmonth.Consumption, 0))) AS FLOAT)", "'percentage increases in consumption paid in EUR between years {100} and {100}' refers to  CAST((SUM(IIF(yearmonth.Date LIKE '100%', yearmonth.Consumption, 0)) - SUM(IIF(yearmonth.Date LIKE '100%', yearmonth.Consumption, 0))) AS FLOAT) * 100 / SUM(IIF(yearmonth.Date LIKE '100%', yearmonth.Consumption, 0))", "'Date between the year {100} and {100}' refers to 'yearmonth.Date BETWEEN 10001 and 10012'"]}, {"db_id": "debit_card_specializing", "question": "How much did customer 6 consume in total between August and November 2013?", "evidence": "Between August And November 2013 refers to Between 201308 And 201311; First 4 strings of Date represents the year.", "SQL": "SELECT SUM(Consumption) FROM yearmonth WHERE CustomerID = 6 AND Date BETWEEN '201308' AND '201311'", "question_toks": ["How", "much", "did", "customer", "6", "consume", "in", "total", "between", "August", "and", "November", "2013", "?"], "SQL_toks": ["SELECT", "SUM", "(", "Consumption", ")", "FROM", "yearmonth", "WHERE", "CustomerID", "=", "6", "AND", "Date", "BETWEEN", "'201308", "'", "AND", "'201311", "'"], "evidence_toks": ["Between", "August", "And", "November", "2013", "refers", "to", "Between", "201308", "And", "201311", ";", "First", "4", "strings", "of", "Date", "represents", "the", "year", "."], "difficulty": "simple", "templatized_domain_statements": ["'Between August And November 100' refers to 'yearmonth.Date BETWEEN 10008 And 10011'"]}, {"db_id": "debit_card_specializing", "question": "How many more \"discount\" gas stations does the Czech Republic have compared to Slovakia?", "evidence": "Computation of more discount = Total no. of discount gas stations in Czech Republic - Total no. of discount gas stations in Slovakia", "SQL": "SELECT SUM(IIF(Country = 'CZE', 1, 0)) - SUM(IIF(Country = 'SVK', 1, 0)) FROM gasstations WHERE Segment = 'Discount'", "question_toks": ["How", "many", "more", "``", "discount", "''", "gas", "stations", "does", "the", "Czech", "Republic", "have", "compared", "to", "Slovakia", "?"], "SQL_toks": ["SELECT", "SUM", "(", "IIF", "(", "Country", "=", "'CZE", "'", ",", "1", ",", "0", ")", ")", "-", "SUM", "(", "IIF", "(", "Country", "=", "'SVK", "'", ",", "1", ",", "0", ")", ")", "FROM", "gasstations", "WHERE", "Segment", "=", "'Discount", "'"], "evidence_toks": ["Computation", "of", "more", "discount", "=", "Total", "no", ".", "of", "discount", "gas", "stations", "in", "Czech", "Republic", "-", "Total", "no", ".", "of", "discount", "gas", "stations", "in", "Slovakia"], "difficulty": "simple", "templatized_domain_statements": ["'more gas stations does the Czech Republic have compared to Slovakia' refers to  SUM(IIF(gasstations.Country = 'CZE', 1, 0)) - SUM(IIF(gasstations.Country = 'SVK', 1, 0))"]}, {"db_id": "debit_card_specializing", "question": "How many percent of LAM customer consumed more than 46.73?", "evidence": "Percentage of LAM customer consumed more than 46.73 = (Total no. of LAM customers who consumed more than 46.73 / Total no. of LAM customers) * 100%.", "SQL": "SELECT CAST(SUM(IIF(T2.Consumption > 46.73, 1, 0)) AS FLOAT) * 100 / COUNT(T1.CustomerID) FROM customers AS T1 INNER JOIN yearmonth AS T2 ON T1.CustomerID = T2.CustomerID WHERE T1.Segment = 'LAM'", "question_toks": ["How", "many", "percent", "of", "LAM", "customer", "consumed", "more", "than", "46.73", "?"], "SQL_toks": ["SELECT", "CAST", "(", "SUM", "(", "IIF", "(", "T2.Consumption", ">", "46.73", ",", "1", ",", "0", ")", ")", "AS", "FLOAT", ")", "*", "100", "/", "COUNT", "(", "T1.CustomerID", ")", "FROM", "customers", "AS", "T1", "INNER", "JOIN", "yearmonth", "AS", "T2", "ON", "T1.CustomerID", "=", "T2.CustomerID", "WHERE", "T1.Segment", "=", "'LAM", "'"], "evidence_toks": ["Percentage", "of", "LAM", "customer", "consumed", "more", "than", "46.73", "=", "(", "Total", "no", ".", "of", "LAM", "customers", "who", "consumed", "more", "than", "46.73", "/", "Total", "no", ".", "of", "LAM", "customers", ")", "*", "100", "%", "."], "difficulty": "moderate", "templatized_domain_statements": ["'Percentage of customer consumed more than {100}' refers to  SELECT CAST(SUM(IIF(yearmonth.Consumption > 100, 1, 0)) AS FLOAT) * 100 / COUNT(customers.CustomerID)"]}, {"db_id": "debit_card_specializing", "question": "What percentage of Slovakian gas stations are premium?", "evidence": "Percentage of premium gas station = (Total of premium gas station in Slovakia / Total of gas station in Slovakia) * 100%.", "SQL": "SELECT CAST(SUM(IIF(Segment = 'Premium', 1, 0)) AS FLOAT) * 100 / COUNT(GasStationID) FROM gasstations WHERE Country = 'SVK'", "question_toks": ["What", "percentage", "of", "Slovakian", "gas", "stations", "are", "premium", "?"], "SQL_toks": ["SELECT", "CAST", "(", "SUM", "(", "IIF", "(", "Segment", "=", "'Premium", "'", ",", "1", ",", "0", ")", ")", "AS", "FLOAT", ")", "*", "100", "/", "COUNT", "(", "GasStationID", ")", "FROM", "gasstations", "WHERE", "Country", "=", "'SVK", "'"], "evidence_toks": ["Percentage", "of", "premium", "gas", "station", "=", "(", "Total", "of", "premium", "gas", "station", "in", "Slovakia", "/", "Total", "of", "gas", "station", "in", "Slovakia", ")", "*", "100", "%", "."], "difficulty": "simple", "templatized_domain_statements": ["'Percentage of gas stations are premium' refers to  CAST(SUM(IIF(gasstations.Segment = 'Premium', 1, 0)) AS FLOAT) * 100 / COUNT(gasstations.GasStationID)"]}, {"db_id": "debit_card_specializing", "question": "Which client ID consumed the most in September 2013?", "evidence": "September 2013 refers to yearmonth.date = '201309'", "SQL": "SELECT T1.CustomerID FROM customers AS T1 INNER JOIN yearmonth AS T2 ON T1.CustomerID = T2.CustomerID WHERE T2.Date = '201309' GROUP BY T1.CustomerID ORDER BY SUM(T2.Consumption) DESC LIMIT 1", "question_toks": ["Which", "client", "ID", "consumed", "the", "most", "in", "September", "2013", "?"], "SQL_toks": ["SELECT", "T1.CustomerID", "FROM", "customers", "AS", "T1", "INNER", "JOIN", "yearmonth", "AS", "T2", "ON", "T1.CustomerID", "=", "T2.CustomerID", "WHERE", "T2.Date", "=", "'201309", "'", "GROUP", "BY", "T1.CustomerID", "ORDER", "BY", "SUM", "(", "T2.Consumption", ")", "DESC", "LIMIT", "1"], "evidence_toks": ["September", "2013", "refers", "to", "yearmonth.date", "=", "'201309", "'"], "difficulty": "simple", "templatized_domain_statements": ["'September 100' refers to yearmonth.Date = '10009'"]}, {"db_id": "debit_card_specializing", "question": "Which client segment consumed the least in September 2013?", "evidence": "September 2013 refers to yearmonth.date = '201309'", "SQL": "SELECT T1.CustomerID FROM customers AS T1 INNER JOIN yearmonth AS T2 ON T1.CustomerID = T2.CustomerID WHERE T2.Date = '201309' GROUP BY T1.CustomerID ORDER BY SUM(T2.Consumption) ASC LIMIT 1", "question_toks": ["Which", "client", "segment", "consumed", "the", "least", "in", "September", "2013", "?"], "SQL_toks": ["SELECT", "T1.CustomerID", "FROM", "customers", "AS", "T1", "INNER", "JOIN", "yearmonth", "AS", "T2", "ON", "T1.CustomerID", "=", "T2.CustomerID", "WHERE", "T2.Date", "=", "'201309", "'", "GROUP", "BY", "T1.CustomerID", "ORDER", "BY", "SUM", "(", "T2.Consumption", ")", "ASC", "LIMIT", "1"], "evidence_toks": ["September", "2013", "refers", "to", "yearmonth.date", "=", "'201309", "'"], "difficulty": "simple", "templatized_domain_statements": ["'September 100' refers to yearmonth.Date = '10009'"]}, {"db_id": "debit_card_specializing", "question": "Which SME customer consumed the least in June 2012?", "evidence": "June 2012 refers to yearmonth.date = '201606'", "SQL": "SELECT T1.CustomerID FROM customers AS T1 INNER JOIN yearmonth AS T2 ON T1.CustomerID = T2.CustomerID WHERE T2.Date = '201206' AND T1.Segment = 'SME' GROUP BY T1.CustomerID ORDER BY SUM(T2.Consumption) ASC LIMIT 1", "question_toks": ["Which", "SME", "customer", "consumed", "the", "least", "in", "June", "2012", "?"], "SQL_toks": ["SELECT", "T1.CustomerID", "FROM", "customers", "AS", "T1", "INNER", "JOIN", "yearmonth", "AS", "T2", "ON", "T1.CustomerID", "=", "T2.CustomerID", "WHERE", "T2.Date", "=", "'201206", "'", "AND", "T1.Segment", "=", "'SME", "'", "GROUP", "BY", "T1.CustomerID", "ORDER", "BY", "SUM", "(", "T2.Consumption", ")", "ASC", "LIMIT", "1"], "evidence_toks": ["June", "2012", "refers", "to", "yearmonth.date", "=", "'201606", "'"], "difficulty": "simple", "templatized_domain_statements": ["'June 100' refers to yearmonth.Date = '10006'"]}, {"db_id": "debit_card_specializing", "question": "What is the biggest monthly consumption of the customers who use euro as their currency?", "evidence": "Monthly consumption = SUM(consumption) / 12", "SQL": "SELECT T2.Consumption FROM customers AS T1 INNER JOIN yearmonth AS T2 ON T1.CustomerID = T2.CustomerID WHERE T1.Currency = 'EUR' ORDER BY T2.Consumption DESC LIMIT 1", "question_toks": ["What", "is", "the", "biggest", "monthly", "consumption", "of", "the", "customers", "who", "use", "euro", "as", "their", "currency", "?"], "SQL_toks": ["SELECT", "T2.Consumption", "FROM", "customers", "AS", "T1", "INNER", "JOIN", "yearmonth", "AS", "T2", "ON", "T1.CustomerID", "=", "T2.CustomerID", "WHERE", "T1.Currency", "=", "'EUR", "'", "ORDER", "BY", "T2.Consumption", "DESC", "LIMIT", "1"], "evidence_toks": ["Monthly", "consumption", "=", "SUM", "(", "consumption", ")", "/", "12"], "difficulty": "simple", "templatized_domain_statements": ["'biggest monthly consumption of customers' refers to ORDER BY yearmonth.Consumption DESC LIMIT 1"]}, {"db_id": "debit_card_specializing", "question": "Please list the product description of the products consumed in September, 2013.", "evidence": "September 2013 refers to 201309; First 4 strings represent the year", "SQL": "SELECT T3.Description FROM transactions_1k AS T1 INNER JOIN yearmonth AS T2 ON T1.CustomerID = T2.CustomerID INNER JOIN products AS T3 ON T1.ProductID = T3.ProductID WHERE T2.Date = '201309'", "question_toks": ["Please", "list", "the", "product", "description", "of", "the", "products", "consumed", "in", "September", ",", "2013", "."], "SQL_toks": ["SELECT", "T3.Description", "FROM", "transactions_1k", "AS", "T1", "INNER", "JOIN", "yearmonth", "AS", "T2", "ON", "T1.CustomerID", "=", "T2.CustomerID", "INNER", "JOIN", "products", "AS", "T3", "ON", "T1.ProductID", "=", "T3.ProductID", "WHERE", "T2.Date", "=", "'201309", "'"], "evidence_toks": ["September", "2013", "refers", "to", "201309", ";", "First", "4", "strings", "represent", "the", "year"], "difficulty": "simple", "templatized_domain_statements": ["'September, {100}' refers to yearmonth.Date = '10009'", "'September, {100}' refers to yearmonth.Date = '10009'"]}, {"db_id": "debit_card_specializing", "question": "Please list the product description of the products bought in transactions in euro.", "evidence": "", "SQL": "SELECT DISTINCT T1.ProductID, T3.Description FROM transactions_1k AS T1 INNER JOIN customers AS T2 ON T1.CustomerID = T2.CustomerID INNER JOIN products AS T3 ON T1.ProductID = T3.ProductID WHERE T2.Currency = 'EUR'", "question_toks": ["Please", "list", "the", "product", "description", "of", "the", "products", "bought", "in", "transactions", "in", "euro", "."], "SQL_toks": ["SELECT", "DISTINCT", "T1.ProductID", ",", "T3.Description", "FROM", "transactions_1k", "AS", "T1", "INNER", "JOIN", "customers", "AS", "T2", "ON", "T1.CustomerID", "=", "T2.CustomerID", "INNER", "JOIN", "products", "AS", "T3", "ON", "T1.ProductID", "=", "T3.ProductID", "WHERE", "T2.Currency", "=", "'EUR", "'"], "evidence_toks": [], "difficulty": "simple", "templatized_domain_statements": []}, {"db_id": "debit_card_specializing", "question": "Among the customers who paid in euro, how many of them have a monthly consumption of over 1000?", "evidence": "", "SQL": "SELECT COUNT(*) FROM yearmonth AS T1 INNER JOIN customers AS T2 ON T1.CustomerID = T2.CustomerID WHERE T2.Currency = 'EUR' AND T1.Consumption > 1000.00", "question_toks": ["Among", "the", "customers", "who", "paid", "in", "euro", ",", "how", "many", "of", "them", "have", "a", "monthly", "consumption", "of", "over", "1000", "?"], "SQL_toks": ["SELECT", "COUNT", "(", "*", ")", "FROM", "yearmonth", "AS", "T1", "INNER", "JOIN", "customers", "AS", "T2", "ON", "T1.CustomerID", "=", "T2.CustomerID", "WHERE", "T2.Currency", "=", "'EUR", "'", "AND", "T1.Consumption", ">", "1000.00"], "evidence_toks": [], "difficulty": "simple", "templatized_domain_statements": []}, {"db_id": "debit_card_specializing", "question": "Please list the disparate time of the transactions taken place in the gas stations from chain no. 11.", "evidence": "", "SQL": "SELECT DISTINCT T1.Date, T1.Time FROM transactions_1k AS T1 INNER JOIN gasstations AS T2 ON T1.GasStationID = T2.GasStationID WHERE T2.ChainID = 11", "question_toks": ["Please", "list", "the", "disparate", "time", "of", "the", "transactions", "taken", "place", "in", "the", "gas", "stations", "from", "chain", "no", ".", "11", "."], "SQL_toks": ["SELECT", "DISTINCT", "T1.Date", ",", "T1.Time", "FROM", "transactions_1k", "AS", "T1", "INNER", "JOIN", "gasstations", "AS", "T2", "ON", "T1.GasStationID", "=", "T2.GasStationID", "WHERE", "T2.ChainID", "=", "11"], "evidence_toks": [], "difficulty": "simple", "templatized_domain_statements": []}, {"db_id": "debit_card_specializing", "question": "How many transactions were paid in EUR in the morning of 2012/8/26?", "evidence": "'2012/8/26' can be represented by '2012-08-26'; The morning refers to the time before '13:00:00'", "SQL": "SELECT COUNT(T1.TransactionID) FROM transactions_1k AS T1 INNER JOIN customers AS T2 ON T1.CustomerID = T2.CustomerID WHERE T1.Date = '2012-08-26' AND T1.Time < '13:00:00' AND T2.Currency = 'EUR'", "question_toks": ["How", "many", "transactions", "were", "paid", "in", "EUR", "in", "the", "morning", "of", "2012/8/26", "?"], "SQL_toks": ["SELECT", "COUNT", "(", "T1.TransactionID", ")", "FROM", "transactions_1k", "AS", "T1", "INNER", "JOIN", "customers", "AS", "T2", "ON", "T1.CustomerID", "=", "T2.CustomerID", "WHERE", "T1.Date", "=", "'2012-08-26", "'", "AND", "T1.Time", "<", "'13:00:00", "'", "AND", "T2.Currency", "=", "'EUR", "'"], "evidence_toks": ["'2012/8/26", "'", "can", "be", "represented", "by", "'2012-08-26", "'", ";", "The", "morning", "refers", "to", "the", "time", "before", "'13:00:00", "'"], "difficulty": "moderate", "templatized_domain_statements": ["'Date in format 100/100/100' refers to transactions_1k.Date = '100-100-100'", "'The morning' refers to transactions_1k.Time < '13:00:00'"]}, {"db_id": "debit_card_specializing", "question": "For the earliest customer, what segment did he/she have?", "evidence": "", "SQL": "SELECT T2.Segment FROM transactions_1k AS T1 INNER JOIN customers AS T2 ON T1.CustomerID = T2.CustomerID ORDER BY Date ASC LIMIT 1", "question_toks": ["For", "the", "earliest", "customer", ",", "what", "segment", "did", "he/she", "have", "?"], "SQL_toks": ["SELECT", "T2.Segment", "FROM", "transactions_1k", "AS", "T1", "INNER", "JOIN", "customers", "AS", "T2", "ON", "T1.CustomerID", "=", "T2.CustomerID", "ORDER", "BY", "Date", "ASC", "LIMIT", "1"], "evidence_toks": [], "difficulty": "simple", "templatized_domain_statements": []}, {"db_id": "debit_card_specializing", "question": "For the deal happened at 2012/8/24 12:42:00, which country was it?", "evidence": "'2012/8/24 12:42:00' can refer to date = '2012-08-24' AND T1.time = '12:42:00' in the database", "SQL": "SELECT T2.Country FROM transactions_1k AS T1 INNER JOIN gasstations AS T2 ON T1.GasStationID = T2.GasStationID WHERE T1.Date = '2012-08-24' AND T1.Time = '12:42:00'", "question_toks": ["For", "the", "deal", "happened", "at", "2012/8/24", "12:42:00", ",", "which", "country", "was", "it", "?"], "SQL_toks": ["SELECT", "T2.Country", "FROM", "transactions_1k", "AS", "T1", "INNER", "JOIN", "gasstations", "AS", "T2", "ON", "T1.GasStationID", "=", "T2.GasStationID", "WHERE", "T1.Date", "=", "'2012-08-24", "'", "AND", "T1.Time", "=", "'12:42:00", "'"], "evidence_toks": ["'2012/8/24", "12:42:00", "'", "can", "refer", "to", "date", "=", "'2012-08-24", "'", "AND", "T1.time", "=", "'12:42:00", "'", "in", "the", "database"], "difficulty": "simple", "templatized_domain_statements": ["'Date in format 100/100/100' refers to transactions_1k.Date = '100-100-100'", "'Time in format 100:100:100' refers to transactions_1k.Time = '100:100:100'"]}, {"db_id": "debit_card_specializing", "question": "What was the product name of the transaction happened at 2012/8/23 21:20:00?", "evidence": "'2012/8/23 21:20:00' can refer to date = '2012-08-23' AND T1.time = '21:20:00' in the database", "SQL": "SELECT T1.ProductID FROM transactions_1k AS T1 INNER JOIN gasstations AS T2 ON T1.GasStationID = T2.GasStationID WHERE T1.Date = '2012-08-23' AND T1.Time = '21:20:00'", "question_toks": ["What", "was", "the", "product", "name", "of", "the", "transaction", "happened", "at", "2012/8/23", "21:20:00", "?"], "SQL_toks": ["SELECT", "T1.ProductID", "FROM", "transactions_1k", "AS", "T1", "INNER", "JOIN", "gasstations", "AS", "T2", "ON", "T1.GasStationID", "=", "T2.GasStationID", "WHERE", "T1.Date", "=", "'2012-08-23", "'", "AND", "T1.Time", "=", "'21:20:00", "'"], "evidence_toks": ["'2012/8/23", "21:20:00", "'", "can", "refer", "to", "date", "=", "'2012-08-23", "'", "AND", "T1.time", "=", "'21:20:00", "'", "in", "the", "database"], "difficulty": "simple", "templatized_domain_statements": ["'Date in format 100/100/100' refers to transactions_1k.Date = '100-100-100'", "'Time in format 100:100:100' refers to transactions_1k.Time = '100:100:100'"]}, {"db_id": "debit_card_specializing", "question": "For the customer who paid 124.05 in 2012/8/24, how much did he/she spend during the January of 2012? And what is the date and expenses exactly?", "evidence": "'2012/8/24' can be represented by '2012-08-24'; expense and the consumption has the similar meaning.", "SQL": "SELECT T1.CustomerID, T2.Date, T2.Consumption FROM transactions_1k AS T1 INNER JOIN yearmonth AS T2 ON T1.CustomerID = T2.CustomerID WHERE T1.Date = '2012-08-24' AND T1.Price = 124.05 AND T2.Date = '201201'", "question_toks": ["For", "the", "customer", "who", "paid", "124.05", "in", "2012/8/24", ",", "how", "much", "did", "he/she", "spend", "during", "the", "January", "of", "2012", "?", "And", "what", "is", "the", "date", "and", "expenses", "exactly", "?"], "SQL_toks": ["SELECT", "T1.CustomerID", ",", "T2.Date", ",", "T2.Consumption", "FROM", "transactions_1k", "AS", "T1", "INNER", "JOIN", "yearmonth", "AS", "T2", "ON", "T1.CustomerID", "=", "T2.CustomerID", "WHERE", "T1.Date", "=", "'2012-08-24", "'", "AND", "T1.Price", "=", "124.05", "AND", "T2.Date", "=", "'201201", "'"], "evidence_toks": ["'2012/8/24", "'", "can", "be", "represented", "by", "'2012-08-24", "'", ";", "expense", "and", "the", "consumption", "has", "the", "similar", "meaning", "."], "difficulty": "moderate", "templatized_domain_statements": ["'Date in format 100/100/100' refers to transactions_1k.Date = '100-100-100'", "'he/she spend means expense' refers to 'yearmonth.Consumption'"]}, {"db_id": "debit_card_specializing", "question": "Which country was the card owner of No.667467 in?", "evidence": "", "SQL": "SELECT T2.Country FROM transactions_1k AS T1 INNER JOIN gasstations AS T2 ON T1.GasStationID = T2.GasStationID WHERE T1.CardID = '667467'", "question_toks": ["Which", "country", "was", "the", "card", "owner", "of", "No.667467", "in", "?"], "SQL_toks": ["SELECT", "T2.Country", "FROM", "transactions_1k", "AS", "T1", "INNER", "JOIN", "gasstations", "AS", "T2", "ON", "T1.GasStationID", "=", "T2.GasStationID", "WHERE", "T1.CardID", "=", "'667467", "'"], "evidence_toks": [], "difficulty": "simple", "templatized_domain_statements": []}, {"db_id": "debit_card_specializing", "question": "What's the nationality of the customer who spent 548.4 in 2012/8/24?", "evidence": "'2012/8/24' can be represented by '2012-08-24'", "SQL": "SELECT T2.Country FROM transactions_1k AS T1 INNER JOIN gasstations AS T2 ON T1.GasStationID = T2.GasStationID WHERE T1.Date = '2012-08-24' AND T1.Price = 548.4", "question_toks": ["What", "'s", "the", "nationality", "of", "the", "customer", "who", "spent", "548.4", "in", "2012/8/24", "?"], "SQL_toks": ["SELECT", "T2.Country", "FROM", "transactions_1k", "AS", "T1", "INNER", "JOIN", "gasstations", "AS", "T2", "ON", "T1.GasStationID", "=", "T2.GasStationID", "WHERE", "T1.Date", "=", "'2012-08-24", "'", "AND", "T1.Price", "=", "548.4"], "evidence_toks": ["'2012/8/24", "'", "can", "be", "represented", "by", "'2012-08-24", "'"], "difficulty": "simple", "templatized_domain_statements": ["'Date in format 100/100/100' refers to transactions_1k.Date = '100-100-100'"]}, {"db_id": "debit_card_specializing", "question": "Which gas station has the highest amount of revenue?", "evidence": "", "SQL": "SELECT GasStationID FROM transactions_1k GROUP BY GasStationID ORDER BY SUM(Price) DESC LIMIT 1", "question_toks": ["Which", "gas", "station", "has", "the", "highest", "amount", "of", "revenue", "?"], "SQL_toks": ["SELECT", "GasStationID", "FROM", "transactions_1k", "GROUP", "BY", "GasStationID", "ORDER", "BY", "SUM", "(", "Price", ")", "DESC", "LIMIT", "1"], "evidence_toks": [], "difficulty": "simple", "templatized_domain_statements": []}, {"db_id": "debit_card_specializing", "question": "What is the amount spent by customer \"38508\" at the gas stations? How much had the customer spent in January 2012?", "evidence": "January 2012 refers '201201' in the table transactions_1k", "SQL": "SELECT SUM(T1.Price) , SUM(IIF(T3.Date = '201201', T1.Price, 0)) FROM transactions_1k AS T1 INNER JOIN gasstations AS T2 ON T1.GasStationID = T2.GasStationID INNER JOIN yearmonth AS T3 ON T1.CustomerID = T3.CustomerID WHERE T1.CustomerID = '38508'", "question_toks": ["What", "is", "the", "amount", "spent", "by", "customer", "``", "38508", "''", "at", "the", "gas", "stations", "?", "How", "much", "had", "the", "customer", "spent", "in", "January", "2012", "?"], "SQL_toks": ["SELECT", "SUM", "(", "T1.Price", ")", ",", "SUM", "(", "IIF", "(", "T3.Date", "=", "'201201", "'", ",", "T1.Price", ",", "0", ")", ")", "FROM", "transactions_1k", "AS", "T1", "INNER", "JOIN", "gasstations", "AS", "T2", "ON", "T1.GasStationID", "=", "T2.GasStationID", "INNER", "JOIN", "yearmonth", "AS", "T3", "ON", "T1.CustomerID", "=", "T3.CustomerID", "WHERE", "T1.CustomerID", "=", "'38508", "'"], "evidence_toks": ["January", "2012", "refers", "'201201", "'", "in", "the", "table", "transactions_1k"], "difficulty": "moderate", "templatized_domain_statements": ["'January {100}' refers to yearmonth.Date = '10001'"]}, {"db_id": "debit_card_specializing", "question": "Which are the top five best selling products? Please state the full name of them.", "evidence": "Description of products contains full name", "SQL": "SELECT T2.Description FROM transactions_1k AS T1 INNER JOIN products AS T2 ON T1.ProductID = T2.ProductID ORDER BY T1.Amount DESC LIMIT 5", "question_toks": ["Which", "are", "the", "top", "five", "best", "selling", "products", "?", "Please", "state", "the", "full", "name", "of", "them", "."], "SQL_toks": ["SELECT", "T2.Description", "FROM", "transactions_1k", "AS", "T1", "INNER", "JOIN", "products", "AS", "T2", "ON", "T1.ProductID", "=", "T2.ProductID", "ORDER", "BY", "T1.Amount", "DESC", "LIMIT", "5"], "evidence_toks": ["Description", "of", "products", "contains", "full", "name"], "difficulty": "simple", "templatized_domain_statements": ["'full name of products' refers to products.Description"]}, {"db_id": "debit_card_specializing", "question": "Who is the top spending customer and how much is the average price per single item purchased by this customer? What currency was being used?", "evidence": "verage price per single item = price / amount", "SQL": "SELECT T2.CustomerID, SUM(T2.Price / T2.Amount), T1.Currency FROM customers AS T1 INNER JOIN transactions_1k AS T2 ON T1.CustomerID = T2.CustomerID WHERE T2.CustomerID = ( SELECT CustomerID FROM yearmonth ORDER BY Consumption DESC LIMIT 1 ) GROUP BY T2.CustomerID, T1.Currency", "question_toks": ["Who", "is", "the", "top", "spending", "customer", "and", "how", "much", "is", "the", "average", "price", "per", "single", "item", "purchased", "by", "this", "customer", "?", "What", "currency", "was", "being", "used", "?"], "SQL_toks": ["SELECT", "T2.CustomerID", ",", "SUM", "(", "T2.Price", "/", "T2.Amount", ")", ",", "T1.Currency", "FROM", "customers", "AS", "T1", "INNER", "JOIN", "transactions_1k", "AS", "T2", "ON", "T1.CustomerID", "=", "T2.CustomerID", "WHERE", "T2.CustomerID", "=", "(", "SELECT", "CustomerID", "FROM", "yearmonth", "ORDER", "BY", "Consumption", "DESC", "LIMIT", "1", ")", "GROUP", "BY", "T2.CustomerID", ",", "T1.Currency"], "evidence_toks": ["verage", "price", "per", "single", "item", "=", "price", "/", "amount"], "difficulty": "moderate", "templatized_domain_statements": ["'average price per single item purchased by this customer' refers to SUM(transactions_1k.Price / transactions_1k.Amount)"]}, {"db_id": "debit_card_specializing", "question": "Which country had the gas station that sold the most expensive product id No.2 for one unit?", "evidence": "", "SQL": "SELECT T2.Country FROM transactions_1k AS T1 INNER JOIN gasstations AS T2 ON T1.GasStationID = T2.GasStationID WHERE T1.ProductID = 2 ORDER BY T1.Price DESC LIMIT 1", "question_toks": ["Which", "country", "had", "the", "gas", "station", "that", "sold", "the", "most", "expensive", "product", "id", "No.2", "for", "one", "unit", "?"], "SQL_toks": ["SELECT", "T2.Country", "FROM", "transactions_1k", "AS", "T1", "INNER", "JOIN", "gasstations", "AS", "T2", "ON", "T1.GasStationID", "=", "T2.GasStationID", "WHERE", "T1.ProductID", "=", "2", "ORDER", "BY", "T1.Price", "DESC", "LIMIT", "1"], "evidence_toks": [], "difficulty": "simple", "templatized_domain_statements": []}]