[{"db_id": "financial", "question": "List out the no. of districts that have female average salary is more than 6000 but less than 10000?", "evidence": "A11 refers to average salary; Female mapps to gender = 'F'", "SQL": "SELECT DISTINCT T2.district_id FROM client AS T1 INNER JOIN district AS T2 ON T1.district_id = T2.district_id WHERE T1.gender = 'F' AND T2.A11 BETWEEN 6000 AND 10000", "question_toks": ["List", "out", "the", "no", ".", "of", "districts", "that", "have", "female", "average", "salary", "is", "more", "than", "6000", "but", "less", "than", "10000", "?"], "SQL_toks": ["SELECT", "DISTINCT", "T2.district_id", "FROM", "client", "AS", "T1", "INNER", "JOIN", "district", "AS", "T2", "ON", "T1.district_id", "=", "T2.district_id", "WHERE", "T1.gender", "=", "'", "F", "'", "AND", "T2.A11", "BETWEEN", "6000", "AND", "10000"], "evidence_toks": ["A11", "refers", "to", "average", "salary", ";", "Female", "mapps", "to", "gender", "=", "'", "F", "'"], "difficulty": "simple"}, {"db_id": "financial", "question": "List out the account numbers of male clients who are youngest and have highest average salary?", "evidence": "Male refers to gender = 'M'; If the person A's birthdate < B's birthdate, it means that person B is younger than person A; A11 refers to average salary", "SQL": "SELECT T1.account_id FROM account AS T1 INNER JOIN district AS T2 ON T1.district_id = T2.district_id WHERE T2.district_id = ( SELECT district_id FROM client ORDER BY birth_date DESC LIMIT 1 ) ORDER BY T2.A11 DESC LIMIT 1", "question_toks": ["List", "out", "the", "account", "numbers", "of", "male", "clients", "who", "are", "youngest", "and", "have", "highest", "average", "salary", "?"], "SQL_toks": ["SELECT", "T1.account_id", "FROM", "account", "AS", "T1", "INNER", "JOIN", "district", "AS", "T2", "ON", "T1.district_id", "=", "T2.district_id", "WHERE", "T2.district_id", "=", "(", "SELECT", "district_id", "FROM", "client", "ORDER", "BY", "birth_date", "DESC", "LIMIT", "1", ")", "ORDER", "BY", "T2.A11", "DESC", "LIMIT", "1"], "evidence_toks": ["Male", "refers", "to", "gender", "=", "'M", "'", ";", "If", "the", "person", "A", "'s", "birthdate", "<", "B", "'s", "birthdate", ",", "it", "means", "that", "person", "B", "is", "younger", "than", "person", "A", ";", "A11", "refers", "to", "average", "salary"], "difficulty": "moderate"}, {"db_id": "financial", "question": "List out the clients who choose statement of issuance after transaction are Disponent?", "evidence": "'POPLATEK PO OBRATU' stands for issuance after transaction", "SQL": "SELECT T2.client_id FROM account AS T1 INNER JOIN disp AS T2 ON T1.account_id = T2.account_id WHERE T1.frequency = 'POPLATEK PO OBRATU' AND T2.type = 'DISPONENT'", "question_toks": ["List", "out", "the", "clients", "who", "choose", "statement", "of", "issuance", "after", "transaction", "are", "Disponent", "?"], "SQL_toks": ["SELECT", "T2.client_id", "FROM", "account", "AS", "T1", "INNER", "JOIN", "disp", "AS", "T2", "ON", "T1.account_id", "=", "T2.account_id", "WHERE", "T1.frequency", "=", "'POPLATEK", "PO", "OBRATU", "'", "AND", "T2.type", "=", "'DISPONENT", "'"], "evidence_toks": ["'POPLATEK", "PO", "OBRATU", "'", "stands", "for", "issuance", "after", "transaction"], "difficulty": "simple"}, {"db_id": "financial", "question": "Among the accounts who have approved loan date in 1997, list out the accounts that have the lowest approved amount and choose weekly issuance statement.", "evidence": "'POPLATEK TYDNE' stands for weekly issuance", "SQL": "SELECT T2.account_id FROM loan AS T1 INNER JOIN account AS T2 ON T1.account_id = T2.account_id WHERE STRFTIME('%Y', T1.date) = '1997' AND T2.frequency = 'POPLATEK TYDNE' ORDER BY T1.amount LIMIT 1", "question_toks": ["Among", "the", "accounts", "who", "have", "approved", "loan", "date", "in", "1997", ",", "list", "out", "the", "accounts", "that", "have", "the", "lowest", "approved", "amount", "and", "choose", "weekly", "issuance", "statement", "."], "SQL_toks": ["SELECT", "T2.account_id", "FROM", "loan", "AS", "T1", "INNER", "JOIN", "account", "AS", "T2", "ON", "T1.account_id", "=", "T2.account_id", "WHERE", "STRFTIME", "(", "'", "%", "Y", "'", ",", "T1.date", ")", "=", "'1997", "'", "AND", "T2.frequency", "=", "'POPLATEK", "TYDNE", "'", "ORDER", "BY", "T1.amount", "LIMIT", "1"], "evidence_toks": ["'POPLATEK", "TYDNE", "'", "stands", "for", "weekly", "issuance"], "difficulty": "moderate"}, {"db_id": "financial", "question": "Among the account opened, how many female customers who were born before 1950 and stayed in Slokolov?", "evidence": "Customers refer to clients; Female refers to gender = 'F'; Names of districts appear in column A2", "SQL": "SELECT COUNT(T2.client_id) FROM district AS T1 INNER JOIN client AS T2 ON T1.district_id = T2.district_id WHERE T2.gender = 'F' AND STRFTIME('%Y', T2.birth_date) < '1950' AND T1.A2 = 'Slokolov'", "question_toks": ["Among", "the", "account", "opened", ",", "how", "many", "female", "customers", "who", "were", "born", "before", "1950", "and", "stayed", "in", "Slokolov", "?"], "SQL_toks": ["SELECT", "COUNT", "(", "T2.client_id", ")", "FROM", "district", "AS", "T1", "INNER", "JOIN", "client", "AS", "T2", "ON", "T1.district_id", "=", "T2.district_id", "WHERE", "T2.gender", "=", "'", "F", "'", "AND", "STRFTIME", "(", "'", "%", "Y", "'", ",", "T2.birth_date", ")", "<", "'1950", "'", "AND", "T1.A2", "=", "'Slokolov", "'"], "evidence_toks": ["Customers", "refer", "to", "clients", ";", "Female", "refers", "to", "gender", "=", "'", "F", "'", ";", "Names", "of", "districts", "appear", "in", "column", "A2"], "difficulty": "moderate"}, {"db_id": "financial", "question": "Which client issued his/her card in 1994/3/3, give his/her client id.", "evidence": "", "SQL": "SELECT T2.account_id FROM client AS T1 INNER JOIN disp AS T2 ON T1.client_id = T2.client_id INNER JOIN card AS T3 ON T2.disp_id = T3.disp_id WHERE T3.issued = '1994-03-03'", "question_toks": ["Which", "client", "issued", "his/her", "card", "in", "1994/3/3", ",", "give", "his/her", "client", "id", "."], "SQL_toks": ["SELECT", "T2.account_id", "FROM", "client", "AS", "T1", "INNER", "JOIN", "disp", "AS", "T2", "ON", "T1.client_id", "=", "T2.client_id", "INNER", "JOIN", "card", "AS", "T3", "ON", "T2.disp_id", "=", "T3.disp_id", "WHERE", "T3.issued", "=", "'1994-03-03", "'"], "evidence_toks": [], "difficulty": "simple"}, {"db_id": "financial", "question": "The transaction of 840 USD happened in 1998/10/14, when was this account opened?", "evidence": "", "SQL": "SELECT T1.date FROM account AS T1 INNER JOIN trans AS T2 ON T1.account_id = T2.account_id WHERE T2.amount = 840 AND T2.date = '1998-10-14'", "question_toks": ["The", "transaction", "of", "840", "USD", "happened", "in", "1998/10/14", ",", "when", "was", "this", "account", "opened", "?"], "SQL_toks": ["SELECT", "T1.date", "FROM", "account", "AS", "T1", "INNER", "JOIN", "trans", "AS", "T2", "ON", "T1.account_id", "=", "T2.account_id", "WHERE", "T2.amount", "=", "840", "AND", "T2.date", "=", "'1998-10-14", "'"], "evidence_toks": [], "difficulty": "simple"}, {"db_id": "financial", "question": "There was a loan approved in 1994/8/25, where was that account opened, give the district Id of the branch.", "evidence": "", "SQL": "SELECT T1.district_id FROM account AS T1 INNER JOIN loan AS T2 ON T1.account_id = T2.account_id WHERE T2.date = '1994-08-25'", "question_toks": ["There", "was", "a", "loan", "approved", "in", "1994/8/25", ",", "where", "was", "that", "account", "opened", ",", "give", "the", "district", "Id", "of", "the", "branch", "."], "SQL_toks": ["SELECT", "T1.district_id", "FROM", "account", "AS", "T1", "INNER", "JOIN", "loan", "AS", "T2", "ON", "T1.account_id", "=", "T2.account_id", "WHERE", "T2.date", "=", "'1994-08-25", "'"], "evidence_toks": [], "difficulty": "simple"}, {"db_id": "financial", "question": "What is the biggest amount of transaction that the client whose card was opened in 1995/10/8 made?", "evidence": "", "SQL": "SELECT T2.amount FROM account AS T1 INNER JOIN trans AS T2 ON T1.account_id = T2.account_id WHERE T1.date = '1995-10-08' ORDER BY T2.amount DESC LIMIT 1", "question_toks": ["What", "is", "the", "biggest", "amount", "of", "transaction", "that", "the", "client", "whose", "card", "was", "opened", "in", "1995/10/8", "made", "?"], "SQL_toks": ["SELECT", "T2.amount", "FROM", "account", "AS", "T1", "INNER", "JOIN", "trans", "AS", "T2", "ON", "T1.account_id", "=", "T2.account_id", "WHERE", "T1.date", "=", "'1995-10-08", "'", "ORDER", "BY", "T2.amount", "DESC", "LIMIT", "1"], "evidence_toks": [], "difficulty": "simple"}, {"db_id": "financial", "question": "For the client who applied the biggest loan, what was his/her first amount of transaction after opened the account?", "evidence": "", "SQL": "SELECT T2.amount FROM loan AS T1 INNER JOIN trans AS T2 ON T1.account_id = T2.account_id ORDER BY T1.amount DESC, T2.date ASC LIMIT 1", "question_toks": ["For", "the", "client", "who", "applied", "the", "biggest", "loan", ",", "what", "was", "his/her", "first", "amount", "of", "transaction", "after", "opened", "the", "account", "?"], "SQL_toks": ["SELECT", "T2.amount", "FROM", "loan", "AS", "T1", "INNER", "JOIN", "trans", "AS", "T2", "ON", "T1.account_id", "=", "T2.account_id", "ORDER", "BY", "T1.amount", "DESC", ",", "T2.date", "ASC", "LIMIT", "1"], "evidence_toks": [], "difficulty": "simple"}, {"db_id": "financial", "question": "How many clients opened their accounts in Jesenik branch were women?", "evidence": "A2 has region names; Woman and female share the same meaning; female refers to gender = 'F'", "SQL": "SELECT COUNT(T1.client_id) FROM client AS T1 INNER JOIN district AS T2 ON T1.district_id = T2.district_id WHERE T1.gender = 'F' AND T2.A2 = 'Jesenik'", "question_toks": ["How", "many", "clients", "opened", "their", "accounts", "in", "Jesenik", "branch", "were", "women", "?"], "SQL_toks": ["SELECT", "COUNT", "(", "T1.client_id", ")", "FROM", "client", "AS", "T1", "INNER", "JOIN", "district", "AS", "T2", "ON", "T1.district_id", "=", "T2.district_id", "WHERE", "T1.gender", "=", "'", "F", "'", "AND", "T2.A2", "=", "'Jesenik", "'"], "evidence_toks": ["A2", "has", "region", "names", ";", "Woman", "and", "female", "share", "the", "same", "meaning", ";", "female", "refers", "to", "gender", "=", "'", "F", "'"], "difficulty": "simple"}, {"db_id": "financial", "question": "What is the disposition id of the client who made 5100 USD transaction in 1998/9/2?", "evidence": "", "SQL": "SELECT T1.type FROM disp AS T1 INNER JOIN trans AS T2 ON T1.account_id = T2.account_id WHERE T2.date = '1998-09-02' AND T2.amount = 5100", "question_toks": ["What", "is", "the", "disposition", "id", "of", "the", "client", "who", "made", "5100", "USD", "transaction", "in", "1998/9/2", "?"], "SQL_toks": ["SELECT", "T1.type", "FROM", "disp", "AS", "T1", "INNER", "JOIN", "trans", "AS", "T2", "ON", "T1.account_id", "=", "T2.account_id", "WHERE", "T2.date", "=", "'1998-09-02", "'", "AND", "T2.amount", "=", "5100"], "evidence_toks": [], "difficulty": "simple"}, {"db_id": "financial", "question": "For the female client who was born in 1976/1/29, which brand did she opened her account?", "evidence": "Female refers to gender = 'F'; A2 refers to district names", "SQL": "SELECT T1.A2 FROM district AS T1 INNER JOIN client AS T2 ON T1.district_id = T2.district_id WHERE T2.birth_date = '1976-01-29' AND T2.gender = 'F'", "question_toks": ["For", "the", "female", "client", "who", "was", "born", "in", "1976/1/29", ",", "which", "brand", "did", "she", "opened", "her", "account", "?"], "SQL_toks": ["SELECT", "T1.A2", "FROM", "district", "AS", "T1", "INNER", "JOIN", "client", "AS", "T2", "ON", "T1.district_id", "=", "T2.district_id", "WHERE", "T2.birth_date", "=", "'1976-01-29", "'", "AND", "T2.gender", "=", "'", "F", "'"], "evidence_toks": ["Female", "refers", "to", "gender", "=", "'", "F", "'", ";", "A2", "refers", "to", "district", "names"], "difficulty": "simple"}, {"db_id": "financial", "question": "For the client who applied 98832 USD loan in 1996/1/3, when was his/her birthday?", "evidence": "", "SQL": "SELECT T3.birth_date FROM loan AS T1 INNER JOIN account AS T2 ON T1.account_id = T2.account_id INNER JOIN client AS T3 ON T2.district_id = T3.district_id WHERE T1.date = '1996-01-03' AND T1.amount = 98832", "question_toks": ["For", "the", "client", "who", "applied", "98832", "USD", "loan", "in", "1996/1/3", ",", "when", "was", "his/her", "birthday", "?"], "SQL_toks": ["SELECT", "T3.birth_date", "FROM", "loan", "AS", "T1", "INNER", "JOIN", "account", "AS", "T2", "ON", "T1.account_id", "=", "T2.account_id", "INNER", "JOIN", "client", "AS", "T3", "ON", "T2.district_id", "=", "T3.district_id", "WHERE", "T1.date", "=", "'1996-01-03", "'", "AND", "T1.amount", "=", "98832"], "evidence_toks": [], "difficulty": "simple"}, {"db_id": "financial", "question": "For the first client who opened his/her account in Prague, what is his/her account ID?", "evidence": "A3 stands for region names", "SQL": "SELECT T1.account_id FROM account AS T1 INNER JOIN district AS T2 ON T1.district_id = T2.district_id WHERE T2.A3 = 'Prague' ORDER BY T1.date ASC LIMIT 1", "question_toks": ["For", "the", "first", "client", "who", "opened", "his/her", "account", "in", "Prague", ",", "what", "is", "his/her", "account", "ID", "?"], "SQL_toks": ["SELECT", "T1.account_id", "FROM", "account", "AS", "T1", "INNER", "JOIN", "district", "AS", "T2", "ON", "T1.district_id", "=", "T2.district_id", "WHERE", "T2.A3", "=", "'Prague", "'", "ORDER", "BY", "T1.date", "ASC", "LIMIT", "1"], "evidence_toks": ["A3", "stands", "for", "region", "names"], "difficulty": "simple"}, {"db_id": "financial", "question": "For the branch which located in the south Bohemia with biggest number of inhabitants, what is the percentage of the male clients?", "evidence": "Percentage of the male clients = DIVIDE(COUNT(male clients), COUNT(clients)) * 100%; Male refers to gender = 'M', A3 is the region name. A4 contains the information about inhabitants.", "SQL": "SELECT CAST(SUM(T1.gender = 'M') AS REAL) * 100 / COUNT(T1.client_id) FROM client AS T1 INNER JOIN district AS T2 ON T1.district_id = T2.district_id WHERE T2.A3 = 'south Bohemia' GROUP BY T2.A4 ORDER BY T2.A4 DESC LIMIT 1", "question_toks": ["For", "the", "branch", "which", "located", "in", "the", "south", "Bohemia", "with", "biggest", "number", "of", "inhabitants", ",", "what", "is", "the", "percentage", "of", "the", "male", "clients", "?"], "SQL_toks": ["SELECT", "CAST", "(", "SUM", "(", "T1.gender", "=", "'M", "'", ")", "AS", "REAL", ")", "*", "100", "/", "COUNT", "(", "T1.client_id", ")", "FROM", "client", "AS", "T1", "INNER", "JOIN", "district", "AS", "T2", "ON", "T1.district_id", "=", "T2.district_id", "WHERE", "T2.A3", "=", "'south", "Bohemia", "'", "GROUP", "BY", "T2.A4", "ORDER", "BY", "T2.A4", "DESC", "LIMIT", "1"], "evidence_toks": ["Percentage", "of", "the", "male", "clients", "=", "DIVIDE", "(", "COUNT", "(", "male", "clients", ")", ",", "COUNT", "(", "clients", ")", ")", "*", "100", "%", ";", "Male", "refers", "to", "gender", "=", "'M", "'", ",", "A3", "is", "the", "region", "name", ".", "A4", "contains", "the", "information", "about", "inhabitants", "."], "difficulty": "challenging"}, {"db_id": "financial", "question": "What is the percentage of loan amount that has been fully paid with no issue.", "evidence": "Loan paid with no issue means contract finished, no problems; status = 'A' means contract finished, no problems; Percentage of accounts by condition = [(total(amount) & condition) / (total amount)] * 100%", "SQL": "SELECT CAST(SUM(status = 'A') AS REAL) * 100 / COUNT(amount) FROM loan", "question_toks": ["What", "is", "the", "percentage", "of", "loan", "amount", "that", "has", "been", "fully", "paid", "with", "no", "issue", "."], "SQL_toks": ["SELECT", "CAST", "(", "SUM", "(", "status", "=", "'", "A", "'", ")", "AS", "REAL", ")", "*", "100", "/", "COUNT", "(", "amount", ")", "FROM", "loan"], "evidence_toks": ["Loan", "paid", "with", "no", "issue", "means", "contract", "finished", ",", "no", "problems", ";", "status", "=", "'", "A", "'", "means", "contract", "finished", ",", "no", "problems", ";", "Percentage", "of", "accounts", "by", "condition", "=", "[", "(", "total", "(", "amount", ")", "&", "condition", ")", "/", "(", "total", "amount", ")", "]", "*", "100", "%"], "difficulty": "moderate"}, {"db_id": "financial", "question": "For loan amount less than USD100,000, what is the percentage of accounts that is still running with no issue.", "evidence": "Status = 'C' stands for running contract, ok so far; Percentage of accounts by condition = [(total(amount) & condition) / (total amount)] * 100%.", "SQL": "SELECT CAST(SUM(status = 'C') AS REAL) * 100 / COUNT(amount) FROM loan WHERE amount < 100000", "question_toks": ["For", "loan", "amount", "less", "than", "USD100,000", ",", "what", "is", "the", "percentage", "of", "accounts", "that", "is", "still", "running", "with", "no", "issue", "."], "SQL_toks": ["SELECT", "CAST", "(", "SUM", "(", "status", "=", "'", "C", "'", ")", "AS", "REAL", ")", "*", "100", "/", "COUNT", "(", "amount", ")", "FROM", "loan", "WHERE", "amount", "<", "100000"], "evidence_toks": ["Status", "=", "'", "C", "'", "stands", "for", "running", "contract", ",", "ok", "so", "far", ";", "Percentage", "of", "accounts", "by", "condition", "=", "[", "(", "total", "(", "amount", ")", "&", "condition", ")", "/", "(", "total", "amount", ")", "]", "*", "100", "%", "."], "difficulty": "moderate"}, {"db_id": "financial", "question": "For accounts in 1993 with statement issued after transaction, list the account ID, district name and district region.", "evidence": "Records about district names could be found in A2; A3 contains the information about regions. 'POPLATEK PO OBRATU' stands for issuance after transaction", "SQL": "SELECT T1.account_id, T2.A2, T2.A3 FROM account AS T1 INNER JOIN district AS T2 ON T1.district_id = T2.district_id WHERE T1.frequency = 'POPLATEK PO OBRATU' AND STRFTIME('%Y', T1.date)= '1993'", "question_toks": ["For", "accounts", "in", "1993", "with", "statement", "issued", "after", "transaction", ",", "list", "the", "account", "ID", ",", "district", "name", "and", "district", "region", "."], "SQL_toks": ["SELECT", "T1.account_id", ",", "T2.A2", ",", "T2.A3", "FROM", "account", "AS", "T1", "INNER", "JOIN", "district", "AS", "T2", "ON", "T1.district_id", "=", "T2.district_id", "WHERE", "T1.frequency", "=", "'POPLATEK", "PO", "OBRATU", "'", "AND", "STRFTIME", "(", "'", "%", "Y", "'", ",", "T1.date", ")", "=", "'1993", "'"], "evidence_toks": ["Records", "about", "district", "names", "could", "be", "found", "in", "A2", ";", "A3", "contains", "the", "information", "about", "regions", ".", "'POPLATEK", "PO", "OBRATU", "'", "stands", "for", "issuance", "after", "transaction"], "difficulty": "moderate"}, {"db_id": "financial", "question": "Provide the account ID, district and region for loan amount greater than USD300,000.", "evidence": "A2 contains district names and A3 contains region names.", "SQL": "SELECT T1.account_id, T2.A2, T2.A3 FROM account AS T1 INNER JOIN district AS T2 ON T1.district_id = T2.district_id INNER JOIN loan AS T3 ON T1.account_id = T3.account_id WHERE T3.amount > 300000", "question_toks": ["Provide", "the", "account", "ID", ",", "district", "and", "region", "for", "loan", "amount", "greater", "than", "USD300,000", "."], "SQL_toks": ["SELECT", "T1.account_id", ",", "T2.A2", ",", "T2.A3", "FROM", "account", "AS", "T1", "INNER", "JOIN", "district", "AS", "T2", "ON", "T1.district_id", "=", "T2.district_id", "INNER", "JOIN", "loan", "AS", "T3", "ON", "T1.account_id", "=", "T3.account_id", "WHERE", "T3.amount", ">", "300000"], "evidence_toks": ["A2", "contains", "district", "names", "and", "A3", "contains", "region", "names", "."], "difficulty": "simple"}, {"db_id": "financial", "question": "For loans contracts which are still running where client are in debt, list the district of the state and the percentage unemployment rate increment from year 2015 to 2016.", "evidence": "Unemployment increment rate in percentage = [(unemployment rate 2016 - unemployment rate 2015) / unemployment rate 2015] * 100%; unemployment rate 2015 appears in the A12; unemployment rate 2016 appears in the A13; Loan contracts which are still running where client are in debt can be presented as status = 'D'", "SQL": "SELECT T3.district, CAST((T3.A13 - T3.A12) AS REAL) * 100 / T3.A12 FROM loan AS T1 INNER JOIN account AS T2 ON T1.account_id = T2.account_id INNER JOIN district AS T3 ON T2.district_id = T3.district_id WHERE T1.status = 'D'", "question_toks": ["For", "loans", "contracts", "which", "are", "still", "running", "where", "client", "are", "in", "debt", ",", "list", "the", "district", "of", "the", "state", "and", "the", "percentage", "unemployment", "rate", "increment", "from", "year", "2015", "to", "2016", "."], "SQL_toks": ["SELECT", "T3.district", ",", "CAST", "(", "(", "T3.A13", "-", "T3.A12", ")", "AS", "REAL", ")", "*", "100", "/", "T3.A12", "FROM", "loan", "AS", "T1", "INNER", "JOIN", "account", "AS", "T2", "ON", "T1.account_id", "=", "T2.account_id", "INNER", "JOIN", "district", "AS", "T3", "ON", "T2.district_id", "=", "T3.district_id", "WHERE", "T1.status", "=", "'D", "'"], "evidence_toks": ["Unemployment", "increment", "rate", "in", "percentage", "=", "[", "(", "unemployment", "rate", "2016", "-", "unemployment", "rate", "2015", ")", "/", "unemployment", "rate", "2015", "]", "*", "100", "%", ";", "unemployment", "rate", "2015", "appears", "in", "the", "A12", ";", "unemployment", "rate", "2016", "appears", "in", "the", "A13", ";", "Loan", "contracts", "which", "are", "still", "running", "where", "client", "are", "in", "debt", "can", "be", "presented", "as", "status", "=", "'D", "'"], "difficulty": "challenging"}, {"db_id": "financial", "question": "Calculate the percentage of account from 'Decin' district for all accounts are opened in 1993.", "evidence": "A2 contains the information about district.", "SQL": "SELECT CAST(SUM(T1.A2 = 'Decin') AS REAL) * 100 / COUNT(account_id) FROM district AS T1 INNER JOIN account AS T2 ON T1.district_id = T2.district_id WHERE STRFTIME('%Y', T2.date) = '1993'", "question_toks": ["Calculate", "the", "percentage", "of", "account", "from", "'Decin", "'", "district", "for", "all", "accounts", "are", "opened", "in", "1993", "."], "SQL_toks": ["SELECT", "CAST", "(", "SUM", "(", "T1.A2", "=", "'Decin", "'", ")", "AS", "REAL", ")", "*", "100", "/", "COUNT", "(", "account_id", ")", "FROM", "district", "AS", "T1", "INNER", "JOIN", "account", "AS", "T2", "ON", "T1.district_id", "=", "T2.district_id", "WHERE", "STRFTIME", "(", "'", "%", "Y", "'", ",", "T2.date", ")", "=", "'1993", "'"], "evidence_toks": ["A2", "contains", "the", "information", "about", "district", "."], "difficulty": "simple"}, {"db_id": "financial", "question": "Which are the top ten withdrawals (non-credit card) by district names for the month of January 1996?", "evidence": "Non-credit card withdraws refers to type = 'VYDAJ'; January 1996 can be found by date LIKE '1996-01%' in the database; A2 means district names", "SQL": "SELECT T1.district_id FROM district AS T1 INNER JOIN account AS T2 ON T1.district_id = T2.district_id INNER JOIN trans AS T3 ON T2.account_id = T3.account_id WHERE T3.type = 'VYDAJ' AND T2.date LIKE '1996-01%' ORDER BY A2 ASC LIMIT 10", "question_toks": ["Which", "are", "the", "top", "ten", "withdrawals", "(", "non-credit", "card", ")", "by", "district", "names", "for", "the", "month", "of", "January", "1996", "?"], "SQL_toks": ["SELECT", "T1.district_id", "FROM", "district", "AS", "T1", "INNER", "JOIN", "account", "AS", "T2", "ON", "T1.district_id", "=", "T2.district_id", "INNER", "JOIN", "trans", "AS", "T3", "ON", "T2.account_id", "=", "T3.account_id", "WHERE", "T3.type", "=", "'VYDAJ", "'", "AND", "T2.date", "LIKE", "'1996-01", "%", "'", "ORDER", "BY", "A2", "ASC", "LIMIT", "10"], "evidence_toks": ["Non-credit", "card", "withdraws", "refers", "to", "type", "=", "'VYDAJ", "'", ";", "January", "1996", "can", "be", "found", "by", "date", "LIKE", "'1996-01", "%", "'", "in", "the", "database", ";", "A2", "means", "district", "names"], "difficulty": "moderate"}, {"db_id": "financial", "question": "Which district has highest active loan?", "evidence": "A3 refers to district names; Active loan refers to running contracts; Status = 'C' stands for running contract, OK so far; Status = 'D' stands for running contract, client in debt", "SQL": "SELECT T2.A3 FROM account AS T1 INNER JOIN district AS T2 ON T1.district_id = T2.district_id INNER JOIN loan AS T3 ON T1.account_id = T3.account_id WHERE T3.status IN ('C', 'D') GROUP BY T2.A3 ORDER BY SUM(T3.amount) DESC LIMIT 1", "question_toks": ["Which", "district", "has", "highest", "active", "loan", "?"], "SQL_toks": ["SELECT", "T2.A3", "FROM", "account", "AS", "T1", "INNER", "JOIN", "district", "AS", "T2", "ON", "T1.district_id", "=", "T2.district_id", "INNER", "JOIN", "loan", "AS", "T3", "ON", "T1.account_id", "=", "T3.account_id", "WHERE", "T3.status", "IN", "(", "'", "C", "'", ",", "'D", "'", ")", "GROUP", "BY", "T2.A3", "ORDER", "BY", "SUM", "(", "T3.amount", ")", "DESC", "LIMIT", "1"], "evidence_toks": ["A3", "refers", "to", "district", "names", ";", "Active", "loan", "refers", "to", "running", "contracts", ";", "Status", "=", "'", "C", "'", "stands", "for", "running", "contract", ",", "OK", "so", "far", ";", "Status", "=", "'D", "'", "stands", "for", "running", "contract", ",", "client", "in", "debt"], "difficulty": "moderate"}, {"db_id": "financial", "question": "After making a credit card withdrawal, how many account/s with monthly issuance has a negative balance?", "evidence": "Negative balance means balance < 0; Operation = 'VYBER KARTOU' stands for credit card withdraw. Frequency = 'POPLATEK MESICNE' stands for monthly issurance", "SQL": "SELECT COUNT(T1.account_id) FROM trans AS T1 INNER JOIN account AS T2 ON T1.account_id = T2.account_id WHERE T1.balance < 0 AND T1.operation = 'VYBER KARTOU' AND T2.frequency = 'POPLATEK MESICNE'", "question_toks": ["After", "making", "a", "credit", "card", "withdrawal", ",", "how", "many", "account/s", "with", "monthly", "issuance", "has", "a", "negative", "balance", "?"], "SQL_toks": ["SELECT", "COUNT", "(", "T1.account_id", ")", "FROM", "trans", "AS", "T1", "INNER", "JOIN", "account", "AS", "T2", "ON", "T1.account_id", "=", "T2.account_id", "WHERE", "T1.balance", "<", "0", "AND", "T1.operation", "=", "'VYBER", "KARTOU", "'", "AND", "T2.frequency", "=", "'POPLATEK", "MESICNE", "'"], "evidence_toks": ["Negative", "balance", "means", "balance", "<", "0", ";", "Operation", "=", "'VYBER", "KARTOU", "'", "stands", "for", "credit", "card", "withdraw", ".", "Frequency", "=", "'POPLATEK", "MESICNE", "'", "stands", "for", "monthly", "issurance"], "difficulty": "moderate"}, {"db_id": "financial", "question": "How many high-level credit cards have \"disponent\" type of disposition?", "evidence": "High-level credit cards refers to the cards with the gold type.", "SQL": "SELECT COUNT(T1.card_id) FROM card AS T1 INNER JOIN disp AS T2 ON T1.disp_id = T2.disp_id WHERE T1.type = 'gold' AND T2.type = 'DISPONENT'", "question_toks": ["How", "many", "high-level", "credit", "cards", "have", "``", "disponent", "''", "type", "of", "disposition", "?"], "SQL_toks": ["SELECT", "COUNT", "(", "T1.card_id", ")", "FROM", "card", "AS", "T1", "INNER", "JOIN", "disp", "AS", "T2", "ON", "T1.disp_id", "=", "T2.disp_id", "WHERE", "T1.type", "=", "'gold", "'", "AND", "T2.type", "=", "'DISPONENT", "'"], "evidence_toks": ["High-level", "credit", "cards", "refers", "to", "the", "cards", "with", "the", "gold", "type", "."], "difficulty": "simple"}, {"db_id": "financial", "question": "Which accounts placed orders for household payment in Pisek?", "evidence": "k_symbol = 'SIPO' refers to household payment", "SQL": "SELECT DISTINCT T2.account_id FROM trans AS T1 INNER JOIN account AS T2 ON T1.account_id = T2.account_id INNER JOIN district AS T3 ON T2.district_id = T3.district_id WHERE T1.k_symbol = 'SIPO' AND T3.A2 = 'Pisek'", "question_toks": ["Which", "accounts", "placed", "orders", "for", "household", "payment", "in", "Pisek", "?"], "SQL_toks": ["SELECT", "DISTINCT", "T2.account_id", "FROM", "trans", "AS", "T1", "INNER", "JOIN", "account", "AS", "T2", "ON", "T1.account_id", "=", "T2.account_id", "INNER", "JOIN", "district", "AS", "T3", "ON", "T2.district_id", "=", "T3.district_id", "WHERE", "T1.k_symbol", "=", "'SIPO", "'", "AND", "T3.A2", "=", "'Pisek", "'"], "evidence_toks": ["k_symbol", "=", "'SIPO", "'", "refers", "to", "household", "payment"], "difficulty": "simple"}, {"db_id": "financial", "question": "What are the accounts that have both gold and junior credit cards?", "evidence": "", "SQL": "SELECT T2.account_id FROM card AS T1 INNER JOIN disp AS T2 ON T1.disp_id = T2.disp_id WHERE T1.type IN ('gold', 'junior')", "question_toks": ["What", "are", "the", "accounts", "that", "have", "both", "gold", "and", "junior", "credit", "cards", "?"], "SQL_toks": ["SELECT", "T2.account_id", "FROM", "card", "AS", "T1", "INNER", "JOIN", "disp", "AS", "T2", "ON", "T1.disp_id", "=", "T2.disp_id", "WHERE", "T1.type", "IN", "(", "'gold", "'", ",", "'junior", "'", ")"], "evidence_toks": [], "difficulty": "simple"}, {"db_id": "financial", "question": "How much is the average amount in credit card made by account holders in a month, in year 2021?", "evidence": "Operation = 'VYBER KARTOU' refers to credit card withdrawn", "SQL": "SELECT AVG(T3.amount) FROM card AS T1 INNER JOIN disp AS T2 ON T1.disp_id = T2.disp_id INNER JOIN trans AS T3 ON T2.account_id = T3.account_id WHERE STRFTIME('%Y', T3.date) = '2021' AND T3.operation = 'VYBER KARTOU'", "question_toks": ["How", "much", "is", "the", "average", "amount", "in", "credit", "card", "made", "by", "account", "holders", "in", "a", "month", ",", "in", "year", "2021", "?"], "SQL_toks": ["SELECT", "AVG", "(", "T3.amount", ")", "FROM", "card", "AS", "T1", "INNER", "JOIN", "disp", "AS", "T2", "ON", "T1.disp_id", "=", "T2.disp_id", "INNER", "JOIN", "trans", "AS", "T3", "ON", "T2.account_id", "=", "T3.account_id", "WHERE", "STRFTIME", "(", "'", "%", "Y", "'", ",", "T3.date", ")", "=", "'2021", "'", "AND", "T3.operation", "=", "'VYBER", "KARTOU", "'"], "evidence_toks": ["Operation", "=", "'VYBER", "KARTOU", "'", "refers", "to", "credit", "card", "withdrawn"], "difficulty": "moderate"}, {"db_id": "financial", "question": "How many female clients' accounts are in the region of South Bohemia?", "evidence": "Female refers to gender = 'F'; A3 contains the region 'south Bohemia'", "SQL": "SELECT COUNT(T1.client_id) FROM client AS T1 INNER JOIN district AS T2 ON T1.district_id = T2.district_id WHERE T1.gender = 'F' AND T2.A3 = 'south Bohemia'", "question_toks": ["How", "many", "female", "clients", "'", "accounts", "are", "in", "the", "region", "of", "South", "Bohemia", "?"], "SQL_toks": ["SELECT", "COUNT", "(", "T1.client_id", ")", "FROM", "client", "AS", "T1", "INNER", "JOIN", "district", "AS", "T2", "ON", "T1.district_id", "=", "T2.district_id", "WHERE", "T1.gender", "=", "'", "F", "'", "AND", "T2.A3", "=", "'south", "Bohemia", "'"], "evidence_toks": ["Female", "refers", "to", "gender", "=", "'", "F", "'", ";", "A3", "contains", "the", "region", "'south", "Bohemia", "'"], "difficulty": "simple"}, {"db_id": "financial", "question": "Please list the accounts whose district is Tabor that are eligible for loans.", "evidence": "District refers to column A2; when the account type = 'OWNER', it's eligible for loans", "SQL": "SELECT T2.account_id FROM district AS T1 INNER JOIN account AS T2 ON T1.district_id = T2.district_id INNER JOIN disp AS T3 ON T2.account_id = T3.account_id WHERE T3.type = 'OWNER' AND T1.A2 = 'Tabor'", "question_toks": ["Please", "list", "the", "accounts", "whose", "district", "is", "Tabor", "that", "are", "eligible", "for", "loans", "."], "SQL_toks": ["SELECT", "T2.account_id", "FROM", "district", "AS", "T1", "INNER", "JOIN", "account", "AS", "T2", "ON", "T1.district_id", "=", "T2.district_id", "INNER", "JOIN", "disp", "AS", "T3", "ON", "T2.account_id", "=", "T3.account_id", "WHERE", "T3.type", "=", "'OWNER", "'", "AND", "T1.A2", "=", "'Tabor", "'"], "evidence_toks": ["District", "refers", "to", "column", "A2", ";", "when", "the", "account", "type", "=", "'OWNER", "'", ",", "it", "'s", "eligible", "for", "loans"], "difficulty": "moderate"}, {"db_id": "financial", "question": "Please list the account types that are not eligible for loans, and the average income of residents in the district where the account is located exceeds $8000 but is no more than $9000.", "evidence": "A11 represents the average salary; Salary and income share the similar meanings; when the account type = 'OWNER', it's eligible for loans", "SQL": "SELECT T3.type FROM district AS T1 INNER JOIN account AS T2 ON T1.district_id = T2.district_id INNER JOIN disp AS T3 ON T2.account_id = T3.account_id WHERE T3.type != 'Owner' AND T1.A11 BETWEEN 8000 AND 9000", "question_toks": ["Please", "list", "the", "account", "types", "that", "are", "not", "eligible", "for", "loans", ",", "and", "the", "average", "income", "of", "residents", "in", "the", "district", "where", "the", "account", "is", "located", "exceeds", "$", "8000", "but", "is", "no", "more", "than", "$", "9000", "."], "SQL_toks": ["SELECT", "T3.type", "FROM", "district", "AS", "T1", "INNER", "JOIN", "account", "AS", "T2", "ON", "T1.district_id", "=", "T2.district_id", "INNER", "JOIN", "disp", "AS", "T3", "ON", "T2.account_id", "=", "T3.account_id", "WHERE", "T3.type", "!", "=", "'Owner", "'", "AND", "T1.A11", "BETWEEN", "8000", "AND", "9000"], "evidence_toks": ["A11", "represents", "the", "average", "salary", ";", "Salary", "and", "income", "share", "the", "similar", "meanings", ";", "when", "the", "account", "type", "=", "'OWNER", "'", ",", "it", "'s", "eligible", "for", "loans"], "difficulty": "challenging"}, {"db_id": "financial", "question": "How many accounts in North Bohemia has made a transaction with the partner's bank being AB?", "evidence": "A3 contains the region names; North Bohemia is a region.", "SQL": "SELECT COUNT(T2.account_id) FROM district AS T1 INNER JOIN account AS T2 ON T1.district_id = T2.district_id INNER JOIN trans AS T3 ON T2.account_id = T3.account_id WHERE T3.bank = 'AB' AND T1.A3 = 'north Bohemia'", "question_toks": ["How", "many", "accounts", "in", "North", "Bohemia", "has", "made", "a", "transaction", "with", "the", "partner", "'s", "bank", "being", "AB", "?"], "SQL_toks": ["SELECT", "COUNT", "(", "T2.account_id", ")", "FROM", "district", "AS", "T1", "INNER", "JOIN", "account", "AS", "T2", "ON", "T1.district_id", "=", "T2.district_id", "INNER", "JOIN", "trans", "AS", "T3", "ON", "T2.account_id", "=", "T3.account_id", "WHERE", "T3.bank", "=", "'AB", "'", "AND", "T1.A3", "=", "'north", "Bohemia", "'"], "evidence_toks": ["A3", "contains", "the", "region", "names", ";", "North", "Bohemia", "is", "a", "region", "."], "difficulty": "moderate"}, {"db_id": "financial", "question": "What is the average number of crimes committed in 1995 in regions where the number exceeds 4000 and the region has accounts that are opened starting from the year 1997?", "evidence": "A3 refers to region names; A15 stands for the average number of crimes commited in 1995.", "SQL": "SELECT AVG(T1.A15) FROM district AS T1 INNER JOIN account AS T2 ON T1.district_id = T2.district_id WHERE STRFTIME('%Y', T2.date) >= '1997' AND T1.A15 > 4000 GROUP BY T1.A15", "question_toks": ["What", "is", "the", "average", "number", "of", "crimes", "committed", "in", "1995", "in", "regions", "where", "the", "number", "exceeds", "4000", "and", "the", "region", "has", "accounts", "that", "are", "opened", "starting", "from", "the", "year", "1997", "?"], "SQL_toks": ["SELECT", "AVG", "(", "T1.A15", ")", "FROM", "district", "AS", "T1", "INNER", "JOIN", "account", "AS", "T2", "ON", "T1.district_id", "=", "T2.district_id", "WHERE", "STRFTIME", "(", "'", "%", "Y", "'", ",", "T2.date", ")", ">", "=", "'1997", "'", "AND", "T1.A15", ">", "4000", "GROUP", "BY", "T1.A15"], "evidence_toks": ["A3", "refers", "to", "region", "names", ";", "A15", "stands", "for", "the", "average", "number", "of", "crimes", "commited", "in", "1995", "."], "difficulty": "moderate"}, {"db_id": "financial", "question": "How many 'classic' cards are eligible for loan?", "evidence": "when the account type = 'OWNER', it's eligible for loan", "SQL": "SELECT COUNT(T1.card_id) FROM card AS T1 INNER JOIN disp AS T2 ON T1.disp_id = T2.disp_id WHERE T1.type = 'classic' AND T2.type = 'Owner'", "question_toks": ["How", "many", "'classic", "'", "cards", "are", "eligible", "for", "loan", "?"], "SQL_toks": ["SELECT", "COUNT", "(", "T1.card_id", ")", "FROM", "card", "AS", "T1", "INNER", "JOIN", "disp", "AS", "T2", "ON", "T1.disp_id", "=", "T2.disp_id", "WHERE", "T1.type", "=", "'classic", "'", "AND", "T2.type", "=", "'Owner", "'"], "evidence_toks": ["when", "the", "account", "type", "=", "'OWNER", "'", ",", "it", "'s", "eligible", "for", "loan"], "difficulty": "simple"}, {"db_id": "financial", "question": "What is the number of committed crimes in 1995 in the district of the account with the id 532?", "evidence": "A15 contains information about number of committed crimes in 1995", "SQL": "SELECT T1.A15 FROM district AS T1 INNER JOIN `account` AS T2 ON T1.district_id = T2.district_id WHERE T2.account_id = 532", "question_toks": ["What", "is", "the", "number", "of", "committed", "crimes", "in", "1995", "in", "the", "district", "of", "the", "account", "with", "the", "id", "532", "?"], "SQL_toks": ["SELECT", "T1.A15", "FROM", "district", "AS", "T1", "INNER", "JOIN", "`", "account", "`", "AS", "T2", "ON", "T1.district_id", "=", "T2.district_id", "WHERE", "T2.account_id", "=", "532"], "evidence_toks": ["A15", "contains", "information", "about", "number", "of", "committed", "crimes", "in", "1995"], "difficulty": "simple"}, {"db_id": "financial", "question": "List all the withdrawals in cash transactions that the client with the id 3356 makes.", "evidence": "operation = 'VYBER' refers to withdrawal in cash", "SQL": "SELECT T3.trans_id FROM client AS T1 INNER JOIN account AS T2 ON T1.district_id = T2.district_id INNER JOIN trans AS T3 ON T2.account_id = T3.account_id WHERE T1.client_id = 3356 AND T3.operation = 'VYBER'", "question_toks": ["List", "all", "the", "withdrawals", "in", "cash", "transactions", "that", "the", "client", "with", "the", "id", "3356", "makes", "."], "SQL_toks": ["SELECT", "T3.trans_id", "FROM", "client", "AS", "T1", "INNER", "JOIN", "account", "AS", "T2", "ON", "T1.district_id", "=", "T2.district_id", "INNER", "JOIN", "trans", "AS", "T3", "ON", "T2.account_id", "=", "T3.account_id", "WHERE", "T1.client_id", "=", "3356", "AND", "T3.operation", "=", "'VYBER", "'"], "evidence_toks": ["operation", "=", "'VYBER", "'", "refers", "to", "withdrawal", "in", "cash"], "difficulty": "simple"}, {"db_id": "financial", "question": "Among the weekly issuance accounts, how many have a loan of under 200000?", "evidence": "frequency = 'POPLATEK TYDNE' stands for weekly issuance", "SQL": "SELECT COUNT(T1.account_id) FROM loan AS T1 INNER JOIN account AS T2 ON T1.account_id = T2.account_id WHERE T2.frequency = 'POPLATEK TYDNE' AND T1.amount < 200000", "question_toks": ["Among", "the", "weekly", "issuance", "accounts", ",", "how", "many", "have", "a", "loan", "of", "under", "200000", "?"], "SQL_toks": ["SELECT", "COUNT", "(", "T1.account_id", ")", "FROM", "loan", "AS", "T1", "INNER", "JOIN", "account", "AS", "T2", "ON", "T1.account_id", "=", "T2.account_id", "WHERE", "T2.frequency", "=", "'POPLATEK", "TYDNE", "'", "AND", "T1.amount", "<", "200000"], "evidence_toks": ["frequency", "=", "'POPLATEK", "TYDNE", "'", "stands", "for", "weekly", "issuance"], "difficulty": "simple"}, {"db_id": "financial", "question": "What type of credit card does the client with the id 13539 own?", "evidence": "", "SQL": "SELECT T3.type FROM disp AS T1 INNER JOIN client AS T2 ON T1.client_id = T2.client_id INNER JOIN card AS T3 ON T1.disp_id = T3.disp_id WHERE T2.client_id = 13539", "question_toks": ["What", "type", "of", "credit", "card", "does", "the", "client", "with", "the", "id", "13539", "own", "?"], "SQL_toks": ["SELECT", "T3.type", "FROM", "disp", "AS", "T1", "INNER", "JOIN", "client", "AS", "T2", "ON", "T1.client_id", "=", "T2.client_id", "INNER", "JOIN", "card", "AS", "T3", "ON", "T1.disp_id", "=", "T3.disp_id", "WHERE", "T2.client_id", "=", "13539"], "evidence_toks": [], "difficulty": "simple"}, {"db_id": "financial", "question": "Which district has the most accounts with loan contracts finished with no problems?", "evidence": "status = 'A' refers to loan contracts finished with no problems", "SQL": "SELECT T1.district_id FROM district AS T1 INNER JOIN account AS T2 ON T1.district_id = T2.district_id INNER JOIN loan AS T3 ON T2.account_id = T3.account_id WHERE T3.status = 'A' GROUP BY T1.district_id ORDER BY COUNT(T2.account_id) DESC LIMIT 1", "question_toks": ["Which", "district", "has", "the", "most", "accounts", "with", "loan", "contracts", "finished", "with", "no", "problems", "?"], "SQL_toks": ["SELECT", "T1.district_id", "FROM", "district", "AS", "T1", "INNER", "JOIN", "account", "AS", "T2", "ON", "T1.district_id", "=", "T2.district_id", "INNER", "JOIN", "loan", "AS", "T3", "ON", "T2.account_id", "=", "T3.account_id", "WHERE", "T3.status", "=", "'", "A", "'", "GROUP", "BY", "T1.district_id", "ORDER", "BY", "COUNT", "(", "T2.account_id", ")", "DESC", "LIMIT", "1"], "evidence_toks": ["status", "=", "'", "A", "'", "refers", "to", "loan", "contracts", "finished", "with", "no", "problems"], "difficulty": "moderate"}, {"db_id": "financial", "question": "Who placed the order with the id 32423?", "evidence": "", "SQL": "SELECT T3.client_id FROM `order` AS T1 INNER JOIN account AS T2 ON T1.account_id = T2.account_id INNER JOIN client AS T3 ON T2.district_id = T3.district_id WHERE T1.order_id = 32423", "question_toks": ["Who", "placed", "the", "order", "with", "the", "id", "32423", "?"], "SQL_toks": ["SELECT", "T3.client_id", "FROM", "`", "order", "`", "AS", "T1", "INNER", "JOIN", "account", "AS", "T2", "ON", "T1.account_id", "=", "T2.account_id", "INNER", "JOIN", "client", "AS", "T3", "ON", "T2.district_id", "=", "T3.district_id", "WHERE", "T1.order_id", "=", "32423"], "evidence_toks": [], "difficulty": "simple"}, {"db_id": "financial", "question": "How many of the accounts are from Jesenik district?", "evidence": "", "SQL": "SELECT COUNT(T2.account_id) FROM district AS T1 INNER JOIN account AS T2 ON T1.district_id = T2.district_id WHERE T1.A2 = 'Jesenik'", "question_toks": ["How", "many", "of", "the", "accounts", "are", "from", "Jesenik", "district", "?"], "SQL_toks": ["SELECT", "COUNT", "(", "T2.account_id", ")", "FROM", "district", "AS", "T1", "INNER", "JOIN", "account", "AS", "T2", "ON", "T1.district_id", "=", "T2.district_id", "WHERE", "T1.A2", "=", "'Jesenik", "'"], "evidence_toks": [], "difficulty": "simple"}, {"db_id": "financial", "question": "List all the clients' IDs whose junior credit cards were issued after 1996.", "evidence": "After 1996 means date > = '1997-01-01", "SQL": "SELECT T2.client_id FROM card AS T1 INNER JOIN disp AS T2 ON T1.disp_id = T2.disp_id WHERE T1.type = 'junior' AND T1.issued >= '1997-01-01'", "question_toks": ["List", "all", "the", "clients", "'", "IDs", "whose", "junior", "credit", "cards", "were", "issued", "after", "1996", "."], "SQL_toks": ["SELECT", "T2.client_id", "FROM", "card", "AS", "T1", "INNER", "JOIN", "disp", "AS", "T2", "ON", "T1.disp_id", "=", "T2.disp_id", "WHERE", "T1.type", "=", "'junior", "'", "AND", "T1.issued", ">", "=", "'1997-01-01", "'"], "evidence_toks": ["After", "1996", "means", "date", ">", "=", "'1997-01-01"], "difficulty": "simple"}, {"db_id": "financial", "question": "What was the growth rate of the total amount of loans across all accounts for a male client between 1996 and 1997?", "evidence": "Growth rate = (sum of amount_1997 - sum of amount_1996) / (sum of amount_1996) * 100%; Male refers to gender = 'M'", "SQL": "SELECT CAST((SUM(CASE WHEN STRFTIME('%Y', T1.date) = '1997' THEN T1.amount ELSE 0 END) - SUM(CASE WHEN STRFTIME('%Y', T1.date) = '1996' THEN T1.amount ELSE 0 END)) AS REAL) * 100 / SUM(CASE WHEN STRFTIME('%Y', T1.date) = '1996' THEN T1.amount ELSE 0 END) FROM loan AS T1 INNER JOIN account AS T2 ON T1.account_id = T2.account_id INNER JOIN disp AS T3 ON T3.account_id = T2.account_id INNER JOIN client AS T4 ON T4.client_id = T3.client_id WHERE T4.gender = 'M' AND T3.type = 'OWNER'", "question_toks": ["What", "was", "the", "growth", "rate", "of", "the", "total", "amount", "of", "loans", "across", "all", "accounts", "for", "a", "male", "client", "between", "1996", "and", "1997", "?"], "SQL_toks": ["SELECT", "CAST", "(", "(", "SUM", "(", "CASE", "WHEN", "STRFTIME", "(", "'", "%", "Y", "'", ",", "T1.date", ")", "=", "'1997", "'", "THEN", "T1.amount", "ELSE", "0", "END", ")", "-", "SUM", "(", "CASE", "WHEN", "STRFTIME", "(", "'", "%", "Y", "'", ",", "T1.date", ")", "=", "'1996", "'", "THEN", "T1.amount", "ELSE", "0", "END", ")", ")", "AS", "REAL", ")", "*", "100", "/", "SUM", "(", "CASE", "WHEN", "STRFTIME", "(", "'", "%", "Y", "'", ",", "T1.date", ")", "=", "'1996", "'", "THEN", "T1.amount", "ELSE", "0", "END", ")", "FROM", "loan", "AS", "T1", "INNER", "JOIN", "account", "AS", "T2", "ON", "T1.account_id", "=", "T2.account_id", "INNER", "JOIN", "disp", "AS", "T3", "ON", "T3.account_id", "=", "T2.account_id", "INNER", "JOIN", "client", "AS", "T4", "ON", "T4.client_id", "=", "T3.client_id", "WHERE", "T4.gender", "=", "'M", "'", "AND", "T3.type", "=", "'OWNER", "'"], "evidence_toks": ["Growth", "rate", "=", "(", "sum", "of", "amount_1997", "-", "sum", "of", "amount_1996", ")", "/", "(", "sum", "of", "amount_1996", ")", "*", "100", "%", ";", "Male", "refers", "to", "gender", "=", "'M", "'"], "difficulty": "challenging"}, {"db_id": "financial", "question": "What was the difference in the number of crimes committed in East and North Bohemia in 1996?", "evidence": "Difference in no. of committed crimes between 2 regions = Total no. of committed crimes in 1996 in North Bohemia - Total no. of committed crimes in 1996 in East Bohemia. A3 refers to region. Data about no. of committed crimes 1996 appears in A16", "SQL": "SELECT SUM(IIF(A3 = 'East Bohemia', A16, 0)) - SUM(IIF(A3 = 'North Bohemia', A16, 0)) FROM district", "question_toks": ["What", "was", "the", "difference", "in", "the", "number", "of", "crimes", "committed", "in", "East", "and", "North", "Bohemia", "in", "1996", "?"], "SQL_toks": ["SELECT", "SUM", "(", "IIF", "(", "A3", "=", "'East", "Bohemia", "'", ",", "A16", ",", "0", ")", ")", "-", "SUM", "(", "IIF", "(", "A3", "=", "'North", "Bohemia", "'", ",", "A16", ",", "0", ")", ")", "FROM", "district"], "evidence_toks": ["Difference", "in", "no", ".", "of", "committed", "crimes", "between", "2", "regions", "=", "Total", "no", ".", "of", "committed", "crimes", "in", "1996", "in", "North", "Bohemia", "-", "Total", "no", ".", "of", "committed", "crimes", "in", "1996", "in", "East", "Bohemia", ".", "A3", "refers", "to", "region", ".", "Data", "about", "no", ".", "of", "committed", "crimes", "1996", "appears", "in", "A16"], "difficulty": "moderate"}, {"db_id": "financial", "question": "How often does account number 3 request an account statement to be released? What was the aim of debiting 3539 in total?", "evidence": "k_symbol refers to the purpose of payments", "SQL": "SELECT T1.frequency, T2.k_symbol FROM account AS T1 INNER JOIN `order` AS T2 ON T1.account_id = T2.account_id WHERE T1.account_id = 3 AND T2.amount = 3539", "question_toks": ["How", "often", "does", "account", "number", "3", "request", "an", "account", "statement", "to", "be", "released", "?", "What", "was", "the", "aim", "of", "debiting", "3539", "in", "total", "?"], "SQL_toks": ["SELECT", "T1.frequency", ",", "T2.k_symbol", "FROM", "account", "AS", "T1", "INNER", "JOIN", "`", "order", "`", "AS", "T2", "ON", "T1.account_id", "=", "T2.account_id", "WHERE", "T1.account_id", "=", "3", "AND", "T2.amount", "=", "3539"], "evidence_toks": ["k_symbol", "refers", "to", "the", "purpose", "of", "payments"], "difficulty": "simple"}, {"db_id": "financial", "question": "How many accounts have an owner disposition and request for a statement to be generated upon a transaction?", "evidence": "Frequency = 'POPLATEK PO OBRATU' stands for issuance after transaction", "SQL": "SELECT COUNT(T1.account_id) FROM account AS T1 INNER JOIN disp AS T2 ON T1.account_id = T2.account_id WHERE T2.type = 'OWNER' AND T1.frequency = 'POPLATEK PO OBRATU'", "question_toks": ["How", "many", "accounts", "have", "an", "owner", "disposition", "and", "request", "for", "a", "statement", "to", "be", "generated", "upon", "a", "transaction", "?"], "SQL_toks": ["SELECT", "COUNT", "(", "T1.account_id", ")", "FROM", "account", "AS", "T1", "INNER", "JOIN", "disp", "AS", "T2", "ON", "T1.account_id", "=", "T2.account_id", "WHERE", "T2.type", "=", "'OWNER", "'", "AND", "T1.frequency", "=", "'POPLATEK", "PO", "OBRATU", "'"], "evidence_toks": ["Frequency", "=", "'POPLATEK", "PO", "OBRATU", "'", "stands", "for", "issuance", "after", "transaction"], "difficulty": "moderate"}, {"db_id": "financial", "question": "What is the sum that client number 4's account has following transaction 851? Who owns this account, a man or a woman?", "evidence": "", "SQL": "SELECT T3.balance, T1.gender FROM client AS T1 INNER JOIN account AS T2 ON T1.district_id = T2.district_id INNER JOIN trans AS T3 ON T2.account_id = T3.account_id WHERE T1.client_id = 4 AND T3.trans_id = 851", "question_toks": ["What", "is", "the", "sum", "that", "client", "number", "4", "'s", "account", "has", "following", "transaction", "851", "?", "Who", "owns", "this", "account", ",", "a", "man", "or", "a", "woman", "?"], "SQL_toks": ["SELECT", "T3.balance", ",", "T1.gender", "FROM", "client", "AS", "T1", "INNER", "JOIN", "account", "AS", "T2", "ON", "T1.district_id", "=", "T2.district_id", "INNER", "JOIN", "trans", "AS", "T3", "ON", "T2.account_id", "=", "T3.account_id", "WHERE", "T1.client_id", "=", "4", "AND", "T3.trans_id", "=", "851"], "evidence_toks": [], "difficulty": "simple"}, {"db_id": "financial", "question": "How many male customers who were born between 1974 and 1976 have made a payment on their home in excess of $4000?", "evidence": "Man and male refers to gender = 'M'; 'SIPO' stands for household payment", "SQL": "SELECT COUNT(T1.account_id) FROM trans AS T1 INNER JOIN account AS T2 ON T1.account_id = T2.account_id INNER JOIN client AS T3 ON T2.district_id = T3.district_id WHERE STRFTIME('%Y', T3.birth_date) BETWEEN '1974' AND '1976' AND T3.gender = 'M' AND T1.amount > 4000 AND T1.k_symbol = 'SIPO'", "question_toks": ["How", "many", "male", "customers", "who", "were", "born", "between", "1974", "and", "1976", "have", "made", "a", "payment", "on", "their", "home", "in", "excess", "of", "$", "4000", "?"], "SQL_toks": ["SELECT", "COUNT", "(", "T1.account_id", ")", "FROM", "trans", "AS", "T1", "INNER", "JOIN", "account", "AS", "T2", "ON", "T1.account_id", "=", "T2.account_id", "INNER", "JOIN", "client", "AS", "T3", "ON", "T2.district_id", "=", "T3.district_id", "WHERE", "STRFTIME", "(", "'", "%", "Y", "'", ",", "T3.birth_date", ")", "BETWEEN", "'1974", "'", "AND", "'1976", "'", "AND", "T3.gender", "=", "'M", "'", "AND", "T1.amount", ">", "4000", "AND", "T1.k_symbol", "=", "'SIPO", "'"], "evidence_toks": ["Man", "and", "male", "refers", "to", "gender", "=", "'M", "'", ";", "'SIPO", "'", "stands", "for", "household", "payment"], "difficulty": "moderate"}, {"db_id": "financial", "question": "How many accounts in Beroun were opened after 1996?", "evidence": "", "SQL": "SELECT COUNT(account_id) FROM account AS T1 INNER JOIN district AS T2 ON T1.district_id = T2.district_id WHERE STRFTIME('%Y', T1.date) > '1996' AND T2.A2 = 'Beroun'", "question_toks": ["How", "many", "accounts", "in", "Beroun", "were", "opened", "after", "1996", "?"], "SQL_toks": ["SELECT", "COUNT", "(", "account_id", ")", "FROM", "account", "AS", "T1", "INNER", "JOIN", "district", "AS", "T2", "ON", "T1.district_id", "=", "T2.district_id", "WHERE", "STRFTIME", "(", "'", "%", "Y", "'", ",", "T1.date", ")", ">", "'1996", "'", "AND", "T2.A2", "=", "'Beroun", "'"], "evidence_toks": [], "difficulty": "simple"}, {"db_id": "financial", "question": "What proportion of customers who have accounts at the Prague branch are female?", "evidence": "Female refers to gender = 'F'; Percentage of female clients in Prague branch = count[female clients with accounts in Prague branch / count(clients with accounts in Prague branch)] * 100%; A3 may contain information about Prague", "SQL": "SELECT CAST(SUM(T2.gender = 'F') AS REAL) / COUNT(T2.client_id) * 100 FROM district AS T1 INNER JOIN client AS T2 ON T1.district_id = T2.district_id WHERE T1.A3 = 'Prague'", "question_toks": ["What", "proportion", "of", "customers", "who", "have", "accounts", "at", "the", "Prague", "branch", "are", "female", "?"], "SQL_toks": ["SELECT", "CAST", "(", "SUM", "(", "T2.gender", "=", "'", "F", "'", ")", "AS", "REAL", ")", "/", "COUNT", "(", "T2.client_id", ")", "*", "100", "FROM", "district", "AS", "T1", "INNER", "JOIN", "client", "AS", "T2", "ON", "T1.district_id", "=", "T2.district_id", "WHERE", "T1.A3", "=", "'Prague", "'"], "evidence_toks": ["Female", "refers", "to", "gender", "=", "'", "F", "'", ";", "Percentage", "of", "female", "clients", "in", "Prague", "branch", "=", "count", "[", "female", "clients", "with", "accounts", "in", "Prague", "branch", "/", "count", "(", "clients", "with", "accounts", "in", "Prague", "branch", ")", "]", "*", "100", "%", ";", "A3", "may", "contain", "information", "about", "Prague"], "difficulty": "moderate"}, {"db_id": "financial", "question": "List all ID and district for clients that can only have the right to issue permanent orders or apply for loans.", "evidence": "Only the owner accounts have the right to issue permanent orders or apply for loans", "SQL": "SELECT T3.client_id, T2.district_id, T2.A2 FROM account AS T1 INNER JOIN district AS T2 ON T1.district_id = T2.district_id INNER JOIN disp AS T3 ON T1.account_id = T3.account_id WHERE T3.type = 'OWNER'", "question_toks": ["List", "all", "ID", "and", "district", "for", "clients", "that", "can", "only", "have", "the", "right", "to", "issue", "permanent", "orders", "or", "apply", "for", "loans", "."], "SQL_toks": ["SELECT", "T3.client_id", ",", "T2.district_id", ",", "T2.A2", "FROM", "account", "AS", "T1", "INNER", "JOIN", "district", "AS", "T2", "ON", "T1.district_id", "=", "T2.district_id", "INNER", "JOIN", "disp", "AS", "T3", "ON", "T1.account_id", "=", "T3.account_id", "WHERE", "T3.type", "=", "'OWNER", "'"], "evidence_toks": ["Only", "the", "owner", "accounts", "have", "the", "right", "to", "issue", "permanent", "orders", "or", "apply", "for", "loans"], "difficulty": "moderate"}, {"db_id": "financial", "question": "Provide the IDs and age of the client with high level credit card, which is eligible for loans.", "evidence": "When type is gold, the credit card is high-level", "SQL": "SELECT T1.client_id, STRFTIME('%Y', CURRENT_TIMESTAMP) - STRFTIME('%Y', T3.birth_date) FROM disp AS T1 INNER JOIN card AS T2 ON T2.disp_id = T1.disp_id INNER JOIN client AS T3 ON T1.client_id = T3.client_id WHERE T2.type = 'gold' AND T1.type = 'OWNER'", "question_toks": ["Provide", "the", "IDs", "and", "age", "of", "the", "client", "with", "high", "level", "credit", "card", ",", "which", "is", "eligible", "for", "loans", "."], "SQL_toks": ["SELECT", "T1.client_id", ",", "STRFTIME", "(", "'", "%", "Y", "'", ",", "CURRENT_TIMESTAMP", ")", "-", "STRFTIME", "(", "'", "%", "Y", "'", ",", "T3.birth_date", ")", "FROM", "disp", "AS", "T1", "INNER", "JOIN", "card", "AS", "T2", "ON", "T2.disp_id", "=", "T1.disp_id", "INNER", "JOIN", "client", "AS", "T3", "ON", "T1.client_id", "=", "T3.client_id", "WHERE", "T2.type", "=", "'gold", "'", "AND", "T1.type", "=", "'OWNER", "'"], "evidence_toks": ["When", "type", "is", "gold", ",", "the", "credit", "card", "is", "high-level"], "difficulty": "moderate"}]