[{"db_id": "financial", "question": "How many accounts who choose issuance after transaction are staying in East Bohemia region?", "evidence": "A3 contains the data of region; 'POPLATEK PO OBRATU' represents for 'issuance after transaction'.", "SQL": "SELECT COUNT(T1.district_id) FROM district AS T1 INNER JOIN account AS T2 ON T1.district_id = T2.district_id WHERE T1.A3 = 'East Bohemia' AND T2.frequency = 'POPLATEK PO OBRATU'", "question_toks": ["How", "many", "accounts", "who", "choose", "issuance", "after", "transaction", "are", "staying", "in", "East", "Bohemia", "region", "?"], "SQL_toks": ["SELECT", "COUNT", "(", "T1.district_id", ")", "FROM", "district", "AS", "T1", "INNER", "JOIN", "account", "AS", "T2", "ON", "T1.district_id", "=", "T2.district_id", "WHERE", "T1.A3", "=", "'East", "Bohemia", "'", "AND", "T2.frequency", "=", "'POPLATEK", "PO", "OBRATU", "'"], "evidence_toks": ["A3", "contains", "the", "data", "of", "region", ";", "'POPLATEK", "PO", "OBRATU", "'", "represents", "for", "'issuance", "after", "transaction", "'", "."], "difficulty": "moderate", "templatized_domain_statements": ["'East Bohemia region' refers to district.A3 = 'East Bohemia'", "'issuance after transaction' refers to account.frequency = 'POPLATEK PO OBRATU'"]}, {"db_id": "financial", "question": "How many accounts who have region in Prague are eligible for loans?", "evidence": "A3 contains the data of region", "SQL": "SELECT COUNT(T1.account_id) FROM account AS T1 INNER JOIN loan AS T2 ON T1.account_id = T2.account_id INNER JOIN district AS T3 ON T1.district_id = T3.district_id WHERE T3.A3 = 'Prague'", "question_toks": ["How", "many", "accounts", "who", "have", "region", "in", "Prague", "are", "eligible", "for", "loans", "?"], "SQL_toks": ["SELECT", "COUNT", "(", "T1.account_id", ")", "FROM", "account", "AS", "T1", "INNER", "JOIN", "loan", "AS", "T2", "ON", "T1.account_id", "=", "T2.account_id", "INNER", "JOIN", "district", "AS", "T3", "ON", "T1.district_id", "=", "T3.district_id", "WHERE", "T3.A3", "=", "'Prague", "'"], "evidence_toks": ["A3", "contains", "the", "data", "of", "region"], "difficulty": "simple", "templatized_domain_statements": ["'region in Prague' refers to district.A3 = 'Prague'"]}, {"db_id": "financial", "question": "The average unemployment ratio of 1995 and 1996, which one has higher percentage?", "evidence": "A12 refers to unemploymant rate 1995; A13 refers to unemploymant rate 1996", "SQL": "SELECT DISTINCT IIF(AVG(A13) > AVG(A12), '1996', '1995') FROM district", "question_toks": ["The", "average", "unemployment", "ratio", "of", "1995", "and", "1996", ",", "which", "one", "has", "higher", "percentage", "?"], "SQL_toks": ["SELECT", "DISTINCT", "IIF", "(", "AVG", "(", "A13", ")", ">", "AVG", "(", "A12", ")", ",", "'1996", "'", ",", "'1995", "'", ")", "FROM", "district"], "evidence_toks": ["A12", "refers", "to", "unemploymant", "rate", "1995", ";", "A13", "refers", "to", "unemploymant", "rate", "1996"], "difficulty": "simple", "templatized_domain_statements": ["'average unemployment ratio of year 1995' refers to AVG(district.A12)", "'average unemployment ratio of year 1996' refers to AVG(district.A13)"]}, {"db_id": "financial", "question": "How many male customers who are living in North Bohemia have average salary greater than 8000?", "evidence": "Male means that gender = 'M'; A3 refers to region; A11 pertains to average salary.", "SQL": "SELECT COUNT(T1.client_id) FROM client AS T1 INNER JOIN district AS T2 ON T1.district_id = T2.district_id WHERE T1.gender = 'M' AND T2.A3 = 'North Bohemia' AND T2.A11 > 8000", "question_toks": ["How", "many", "male", "customers", "who", "are", "living", "in", "North", "Bohemia", "have", "average", "salary", "greater", "than", "8000", "?"], "SQL_toks": ["SELECT", "COUNT", "(", "T1.client_id", ")", "FROM", "client", "AS", "T1", "INNER", "JOIN", "district", "AS", "T2", "ON", "T1.district_id", "=", "T2.district_id", "WHERE", "T1.gender", "=", "'M", "'", "AND", "T2.A3", "=", "'North", "Bohemia", "'", "AND", "T2.A11", ">", "8000"], "evidence_toks": ["Male", "means", "that", "gender", "=", "'M", "'", ";", "A3", "refers", "to", "region", ";", "A11", "pertains", "to", "average", "salary", "."], "difficulty": "moderate", "templatized_domain_statements": ["'male customers' refers to client.gender = 'M'", "'North Bohemia' refers to district.A3 = 'North Bohemia'", "'average salary greater than {100}' refers to district.A11 > 100"]}, {"db_id": "financial", "question": "List out the account numbers of female clients who are oldest and has lowest average salary, calculate the gap between this lowest average salary with the highest average salary?", "evidence": "Female means gender = 'F'; A11 refers to average salary; Gap = highest average salary - lowest average salary; If the person A's birthdate > B's birthdate, it means that person B is order than person A.", "SQL": "SELECT T1.account_id , ( SELECT MAX(A11) - MIN(A11) FROM district ) FROM account AS T1 INNER JOIN district AS T2 ON T1.district_id = T2.district_id WHERE T2.district_id = ( SELECT district_id FROM client WHERE gender = 'F' ORDER BY birth_date ASC LIMIT 1 ) ORDER BY T2.A11 DESC LIMIT 1", "question_toks": ["List", "out", "the", "account", "numbers", "of", "female", "clients", "who", "are", "oldest", "and", "has", "lowest", "average", "salary", ",", "calculate", "the", "gap", "between", "this", "lowest", "average", "salary", "with", "the", "highest", "average", "salary", "?"], "SQL_toks": ["SELECT", "T1.account_id", ",", "(", "SELECT", "MAX", "(", "A11", ")", "-", "MIN", "(", "A11", ")", "FROM", "district", ")", "FROM", "account", "AS", "T1", "INNER", "JOIN", "district", "AS", "T2", "ON", "T1.district_id", "=", "T2.district_id", "WHERE", "T2.district_id", "=", "(", "SELECT", "district_id", "FROM", "client", "WHERE", "gender", "=", "'", "F", "'", "ORDER", "BY", "birth_date", "ASC", "LIMIT", "1", ")", "ORDER", "BY", "T2.A11", "DESC", "LIMIT", "1"], "evidence_toks": ["Female", "means", "gender", "=", "'", "F", "'", ";", "A11", "refers", "to", "average", "salary", ";", "Gap", "=", "highest", "average", "salary", "-", "lowest", "average", "salary", ";", "If", "the", "person", "A", "'s", "birthdate", ">", "B", "'s", "birthdate", ",", "it", "means", "that", "person", "B", "is", "order", "than", "person", "A", "."], "difficulty": "challenging", "templatized_domain_statements": ["'female clients' refers to client.gender = 'F'", "'Average salary' refers to account.A11", "'Gap between the lowest average salary and the highest average salary' refers to MAX(account.A11) - MIN(account.A11)"]}, {"db_id": "financial", "question": "How many customers who choose statement of weekly issuance are Owner?", "evidence": "'POPLATEK TYDNE' stands for weekly issuance", "SQL": "SELECT COUNT(T1.account_id) FROM account AS T1 INNER JOIN disp AS T2 ON T1.account_id = T2.account_id WHERE T2.type = 'Owner' AND T1.frequency = 'POPLATEK TYDNE'", "question_toks": ["How", "many", "customers", "who", "choose", "statement", "of", "weekly", "issuance", "are", "Owner", "?"], "SQL_toks": ["SELECT", "COUNT", "(", "T1.account_id", ")", "FROM", "account", "AS", "T1", "INNER", "JOIN", "disp", "AS", "T2", "ON", "T1.account_id", "=", "T2.account_id", "WHERE", "T2.type", "=", "'Owner", "'", "AND", "T1.frequency", "=", "'POPLATEK", "TYDNE", "'"], "evidence_toks": ["'POPLATEK", "TYDNE", "'", "stands", "for", "weekly", "issuance"], "difficulty": "simple", "templatized_domain_statements": ["'weekly issuance' refers to account.frequency = 'POPLATEK TYDNE'"]}, {"db_id": "financial", "question": "Among the accounts who have loan validity more than 12 months, list out the accounts that have the highest approved amount and have account opening date in 1993.", "evidence": "Loan validity more than 12 months refers to duration > 12", "SQL": "SELECT T1.account_id FROM loan AS T1 INNER JOIN disp AS T2 ON T1.account_id = T2.account_id WHERE STRFTIME('%Y', T1.date) = '1993' AND T1.duration = 12 ORDER BY T1.amount DESC LIMIT 1", "question_toks": ["Among", "the", "accounts", "who", "have", "loan", "validity", "more", "than", "12", "months", ",", "list", "out", "the", "accounts", "that", "have", "the", "highest", "approved", "amount", "and", "have", "account", "opening", "date", "in", "1993", "."], "SQL_toks": ["SELECT", "T1.account_id", "FROM", "loan", "AS", "T1", "INNER", "JOIN", "disp", "AS", "T2", "ON", "T1.account_id", "=", "T2.account_id", "WHERE", "STRFTIME", "(", "'", "%", "Y", "'", ",", "T1.date", ")", "=", "'1993", "'", "AND", "T1.duration", "=", "12", "ORDER", "BY", "T1.amount", "DESC", "LIMIT", "1"], "evidence_toks": ["Loan", "validity", "more", "than", "12", "months", "refers", "to", "duration", ">", "12"], "difficulty": "moderate", "templatized_domain_statements": ["'Loan validity more than {100} months' refers to loan.duration > 100"]}, {"db_id": "financial", "question": "List out the accounts who have the earliest trading date in 1995 ?", "evidence": "", "SQL": "SELECT account_id FROM trans WHERE STRFTIME('%Y', date) = '1995' ORDER BY date ASC LIMIT 1", "question_toks": ["List", "out", "the", "accounts", "who", "have", "the", "earliest", "trading", "date", "in", "1995", "?"], "SQL_toks": ["SELECT", "account_id", "FROM", "trans", "WHERE", "STRFTIME", "(", "'", "%", "Y", "'", ",", "date", ")", "=", "'1995", "'", "ORDER", "BY", "date", "ASC", "LIMIT", "1"], "evidence_toks": [], "difficulty": "simple", "templatized_domain_statements": []}, {"db_id": "financial", "question": "State different accounts who have account opening date before 1997 and own an amount of money greater than 3000USD", "evidence": "", "SQL": "SELECT DISTINCT T2.account_id FROM trans AS T1 INNER JOIN account AS T2 ON T1.account_id = T2.account_id WHERE STRFTIME('%Y', T2.date) < '1997' AND T1.amount > 3000", "question_toks": ["State", "different", "accounts", "who", "have", "account", "opening", "date", "before", "1997", "and", "own", "an", "amount", "of", "money", "greater", "than", "3000USD"], "SQL_toks": ["SELECT", "DISTINCT", "T2.account_id", "FROM", "trans", "AS", "T1", "INNER", "JOIN", "account", "AS", "T2", "ON", "T1.account_id", "=", "T2.account_id", "WHERE", "STRFTIME", "(", "'", "%", "Y", "'", ",", "T2.date", ")", "<", "'1997", "'", "AND", "T1.amount", ">", "3000"], "evidence_toks": [], "difficulty": "simple", "templatized_domain_statements": []}, {"db_id": "financial", "question": "What is the gender of the oldest client who opened his/her account in the highest average salary branch?", "evidence": "Earlier birthdate refers to older age; A11 refers to average salary", "SQL": "SELECT T2.gender FROM district AS T1 INNER JOIN client AS T2 ON T1.district_id = T2.district_id ORDER BY T1.A11 DESC, T2.birth_date ASC LIMIT 1", "question_toks": ["What", "is", "the", "gender", "of", "the", "oldest", "client", "who", "opened", "his/her", "account", "in", "the", "highest", "average", "salary", "branch", "?"], "SQL_toks": ["SELECT", "T2.gender", "FROM", "district", "AS", "T1", "INNER", "JOIN", "client", "AS", "T2", "ON", "T1.district_id", "=", "T2.district_id", "ORDER", "BY", "T1.A11", "DESC", ",", "T2.birth_date", "ASC", "LIMIT", "1"], "evidence_toks": ["Earlier", "birthdate", "refers", "to", "older", "age", ";", "A11", "refers", "to", "average", "salary"], "difficulty": "simple", "templatized_domain_statements": ["'oldest client' refers to client.birth_date ASC LIMIT 1", "'average salary' refers district.A11"]}, {"db_id": "financial", "question": "How many accounts were opened in Litomerice in 1996?", "evidence": "A2 refers to district name; Litomerice is one of district names.", "SQL": "SELECT COUNT(T2.account_id) FROM district AS T1 INNER JOIN account AS T2 ON T1.district_id = T2.district_id WHERE STRFTIME('%Y', T2.date) = '1996' AND T1.A2 = 'Litomerice'", "question_toks": ["How", "many", "accounts", "were", "opened", "in", "Litomerice", "in", "1996", "?"], "SQL_toks": ["SELECT", "COUNT", "(", "T2.account_id", ")", "FROM", "district", "AS", "T1", "INNER", "JOIN", "account", "AS", "T2", "ON", "T1.district_id", "=", "T2.district_id", "WHERE", "STRFTIME", "(", "'", "%", "Y", "'", ",", "T2.date", ")", "=", "'1996", "'", "AND", "T1.A2", "=", "'Litomerice", "'"], "evidence_toks": ["A2", "refers", "to", "district", "name", ";", "Litomerice", "is", "one", "of", "district", "names", "."], "difficulty": "simple", "templatized_domain_statements": ["'district name' refers to district.A2", "'Litomerice' refers to district.A2 = 'Litomerice'"]}, {"db_id": "financial", "question": "For the client who first applied the loan in 1993/7/5, what is the increase rate of his/her account balance from 1993/3/22 to 1998/12/27?", "evidence": "Increase rate of his/her account balance = [(balance of date A - balance of date B) / balance of Date B] * 100%", "SQL": "SELECT CAST((SUM(IIF(T3.date = '1998-12-27', T3.balance, 0)) - SUM(IIF(T3.date = '1993-03-22', T3.balance, 0))) AS REAL) * 100 / SUM(IIF(T3.date = '1998-12-27', T3.balance, 0)) FROM loan AS T1 INNER JOIN account AS T2 ON T1.account_id = T2.account_id INNER JOIN trans AS T3 ON T3.account_id = T2.account_id WHERE T1.date = '1993-07-05'", "question_toks": ["For", "the", "client", "who", "first", "applied", "the", "loan", "in", "1993/7/5", ",", "what", "is", "the", "increase", "rate", "of", "his/her", "account", "balance", "from", "1993/3/22", "to", "1998/12/27", "?"], "SQL_toks": ["SELECT", "CAST", "(", "(", "SUM", "(", "IIF", "(", "T3.date", "=", "'1998-12-27", "'", ",", "T3.balance", ",", "0", ")", ")", "-", "SUM", "(", "IIF", "(", "T3.date", "=", "'1993-03-22", "'", ",", "T3.balance", ",", "0", ")", ")", ")", "AS", "REAL", ")", "*", "100", "/", "SUM", "(", "IIF", "(", "T3.date", "=", "'1998-12-27", "'", ",", "T3.balance", ",", "0", ")", ")", "FROM", "loan", "AS", "T1", "INNER", "JOIN", "account", "AS", "T2", "ON", "T1.account_id", "=", "T2.account_id", "INNER", "JOIN", "trans", "AS", "T3", "ON", "T3.account_id", "=", "T2.account_id", "WHERE", "T1.date", "=", "'1993-07-05", "'"], "evidence_toks": ["Increase", "rate", "of", "his/her", "account", "balance", "=", "[", "(", "balance", "of", "date", "A", "-", "balance", "of", "date", "B", ")", "/", "balance", "of", "Date", "B", "]", "*", "100", "%"], "difficulty": "challenging", "templatized_domain_statements": ["'increase rate of his/her account balance from date {100}/{100}/{100} to {100}/{100}/{100}' refers to CAST((SUM(IIF(T3.date = '100-100-100', trans.balance, 0)) - SUM(IIF(trans.date = '100-100-100', trans.balance, 0))) AS REAL) * 100 / SUM(IIF(trans.date = '100-100-100', trans.balance, 0))"]}, {"db_id": "financial", "question": "From Year 1995 to 2000, who are the accounts holders from 'east Bohemia'. State the account ID the frequency of statement issuance.", "evidence": "Accounts holder refers to the person who own this account.", "SQL": "SELECT T1.account_id, T1.frequency FROM account AS T1 INNER JOIN district AS T2 ON T1.district_id = T2.district_id WHERE T2.A3 = 'east Bohemia' AND STRFTIME('%Y', T1.date) BETWEEN '1995' AND '2000'", "question_toks": ["From", "Year", "1995", "to", "2000", ",", "who", "are", "the", "accounts", "holders", "from", "'east", "Bohemia", "'", ".", "State", "the", "account", "ID", "the", "frequency", "of", "statement", "issuance", "."], "SQL_toks": ["SELECT", "T1.account_id", ",", "T1.frequency", "FROM", "account", "AS", "T1", "INNER", "JOIN", "district", "AS", "T2", "ON", "T1.district_id", "=", "T2.district_id", "WHERE", "T2.A3", "=", "'east", "Bohemia", "'", "AND", "STRFTIME", "(", "'", "%", "Y", "'", ",", "T1.date", ")", "BETWEEN", "'1995", "'", "AND", "'2000", "'"], "evidence_toks": ["Accounts", "holder", "refers", "to", "the", "person", "who", "own", "this", "account", "."], "difficulty": "moderate", "templatized_domain_statements": ["'frequency of statement issuance' refers to account.frequency"]}, {"db_id": "financial", "question": "List account ID and account opening date for accounts from 'Prachatice'.", "evidence": "A2 refers to the names of districts.", "SQL": "SELECT T1.account_id, T1.date FROM account AS T1 INNER JOIN district AS T2 ON T1.district_id = T2.district_id WHERE T2.A2 = 'Prachatice'", "question_toks": ["List", "account", "ID", "and", "account", "opening", "date", "for", "accounts", "from", "'Prachatice", "'", "."], "SQL_toks": ["SELECT", "T1.account_id", ",", "T1.date", "FROM", "account", "AS", "T1", "INNER", "JOIN", "district", "AS", "T2", "ON", "T1.district_id", "=", "T2.district_id", "WHERE", "T2.A2", "=", "'Prachatice", "'"], "evidence_toks": ["A2", "refers", "to", "the", "names", "of", "districts", "."], "difficulty": "simple", "templatized_domain_statements": ["'Prachatice' refers to district.A2 = 'Prachatice'"]}, {"db_id": "financial", "question": "State the district and region for loan ID '4990'.", "evidence": "A2, A3 contains the information about district and region respectively.", "SQL": "SELECT T2.A2, T2.A3 FROM account AS T1 INNER JOIN district AS T2 ON T1.district_id = T2.district_id INNER JOIN loan AS T3 ON T1.account_id = T3.account_id WHERE T3.loan_id = 4990", "question_toks": ["State", "the", "district", "and", "region", "for", "loan", "ID", "'4990", "'", "."], "SQL_toks": ["SELECT", "T2.A2", ",", "T2.A3", "FROM", "account", "AS", "T1", "INNER", "JOIN", "district", "AS", "T2", "ON", "T1.district_id", "=", "T2.district_id", "INNER", "JOIN", "loan", "AS", "T3", "ON", "T1.account_id", "=", "T3.account_id", "WHERE", "T3.loan_id", "=", "4990"], "evidence_toks": ["A2", ",", "A3", "contains", "the", "information", "about", "district", "and", "region", "respectively", "."], "difficulty": "simple", "templatized_domain_statements": ["'district' refers to district.A2", "'region' refers to district.A3"]}, {"db_id": "financial", "question": "List the loan ID, district and average salary for loan with duration of 60 months.", "evidence": "A3 refers to regions; A11 refers to average salary", "SQL": "SELECT T3.loan_id, T2.A3, T2.A11 FROM account AS T1 INNER JOIN district AS T2 ON T1.district_id = T2.district_id INNER JOIN loan AS T3 ON T1.account_id = T3.account_id WHERE T3.duration = 60", "question_toks": ["List", "the", "loan", "ID", ",", "district", "and", "average", "salary", "for", "loan", "with", "duration", "of", "60", "months", "."], "SQL_toks": ["SELECT", "T3.loan_id", ",", "T2.A3", ",", "T2.A11", "FROM", "account", "AS", "T1", "INNER", "JOIN", "district", "AS", "T2", "ON", "T1.district_id", "=", "T2.district_id", "INNER", "JOIN", "loan", "AS", "T3", "ON", "T1.account_id", "=", "T3.account_id", "WHERE", "T3.duration", "=", "60"], "evidence_toks": ["A3", "refers", "to", "regions", ";", "A11", "refers", "to", "average", "salary"], "difficulty": "simple", "templatized_domain_statements": ["'district' refers to district.A2", "'average salary' refers to district.A11"]}, {"db_id": "financial", "question": "List the account IDs with monthly issuance of statements.", "evidence": "'POPLATEK MESICNE' stands for monthly issuance", "SQL": "SELECT account_id FROM account WHERE Frequency = 'POPLATEK MESICNE'", "question_toks": ["List", "the", "account", "IDs", "with", "monthly", "issuance", "of", "statements", "."], "SQL_toks": ["SELECT", "account_id", "FROM", "account", "WHERE", "Frequency", "=", "'POPLATEK", "MESICNE", "'"], "evidence_toks": ["'POPLATEK", "MESICNE", "'", "stands", "for", "monthly", "issuance"], "difficulty": "simple", "templatized_domain_statements": ["monthly issuance of statements refers to account.Frequency = 'POPLATEK MESICNE'"]}, {"db_id": "financial", "question": "List the top ten districts, by descending order, from the highest to the lowest, the number of female account holders.", "evidence": "A2 refers to districts; Female refers to gender = 'F'", "SQL": "SELECT COUNT(T1.client_id) FROM client AS T1 INNER JOIN district AS T2 ON T1.district_id = T2.district_id WHERE T1.gender = 'F' GROUP BY T2.district_id, T2.A2 ORDER BY COUNT(T2.A2) DESC LIMIT 10", "question_toks": ["List", "the", "top", "ten", "districts", ",", "by", "descending", "order", ",", "from", "the", "highest", "to", "the", "lowest", ",", "the", "number", "of", "female", "account", "holders", "."], "SQL_toks": ["SELECT", "COUNT", "(", "T1.client_id", ")", "FROM", "client", "AS", "T1", "INNER", "JOIN", "district", "AS", "T2", "ON", "T1.district_id", "=", "T2.district_id", "WHERE", "T1.gender", "=", "'", "F", "'", "GROUP", "BY", "T2.district_id", ",", "T2.A2", "ORDER", "BY", "COUNT", "(", "T2.A2", ")", "DESC", "LIMIT", "10"], "evidence_toks": ["A2", "refers", "to", "districts", ";", "Female", "refers", "to", "gender", "=", "'", "F", "'"], "difficulty": "moderate", "templatized_domain_statements": ["'districts' refers to district.A2", "'Female account holders' refers to client.gender = 'F'"]}, {"db_id": "financial", "question": "How many of the account holders in South Bohemia still do not own credit cards?", "evidence": "A3 contains the region names; South Bohemia is one of region names.", "SQL": "SELECT COUNT(T3.account_id) FROM district AS T1 INNER JOIN client AS T2 ON T1.district_id = T2.district_id INNER JOIN disp AS T3 ON T2.client_id = T3.client_id WHERE T1.A3 = 'south Bohemia' AND T3.type != 'OWNER'", "question_toks": ["How", "many", "of", "the", "account", "holders", "in", "South", "Bohemia", "still", "do", "not", "own", "credit", "cards", "?"], "SQL_toks": ["SELECT", "COUNT", "(", "T3.account_id", ")", "FROM", "district", "AS", "T1", "INNER", "JOIN", "client", "AS", "T2", "ON", "T1.district_id", "=", "T2.district_id", "INNER", "JOIN", "disp", "AS", "T3", "ON", "T2.client_id", "=", "T3.client_id", "WHERE", "T1.A3", "=", "'south", "Bohemia", "'", "AND", "T3.type", "!", "=", "'OWNER", "'"], "evidence_toks": ["A3", "contains", "the", "region", "names", ";", "South", "Bohemia", "is", "one", "of", "region", "names", "."], "difficulty": "moderate", "templatized_domain_statements": ["'South Bohemia' refers to district.A3 = 'south Bohemia'", "'do not own credit cards' refers to disp.type != 'OWNER'"]}, {"db_id": "financial", "question": "What is the average loan amount by male borrowers?", "evidence": "Male refers to gender = 'M'", "SQL": "SELECT AVG(T3.amount) FROM client AS T1 INNER JOIN account AS T2 ON T1.district_id = T2.district_id INNER JOIN loan AS T3 ON T2.account_id = T3.account_id WHERE T1.gender = 'M'", "question_toks": ["What", "is", "the", "average", "loan", "amount", "by", "male", "borrowers", "?"], "SQL_toks": ["SELECT", "AVG", "(", "T3.amount", ")", "FROM", "client", "AS", "T1", "INNER", "JOIN", "account", "AS", "T2", "ON", "T1.district_id", "=", "T2.district_id", "INNER", "JOIN", "loan", "AS", "T3", "ON", "T2.account_id", "=", "T3.account_id", "WHERE", "T1.gender", "=", "'M", "'"], "evidence_toks": ["Male", "refers", "to", "gender", "=", "'M", "'"], "difficulty": "simple", "templatized_domain_statements": ["'Male borrowers' refers to client.gender = 'M'"]}, {"db_id": "financial", "question": "In 1996, which districts have the highest unemployment rate? List their branch location and district name.", "evidence": "A2 refers to district names; A13 refers to unemploymant rate in 1996", "SQL": "SELECT district_id, A2 FROM district ORDER BY A13 DESC LIMIT 1", "question_toks": ["In", "1996", ",", "which", "districts", "have", "the", "highest", "unemployment", "rate", "?", "List", "their", "branch", "location", "and", "district", "name", "."], "SQL_toks": ["SELECT", "district_id", ",", "A2", "FROM", "district", "ORDER", "BY", "A13", "DESC", "LIMIT", "1"], "evidence_toks": ["A2", "refers", "to", "district", "names", ";", "A13", "refers", "to", "unemploymant", "rate", "in", "1996"], "difficulty": "simple", "templatized_domain_statements": ["'district names' refers to district.A2", "'unemployment rate in 1996' refers to district.A13"]}, {"db_id": "financial", "question": "In the branch where the largest number of crimes were committed in 1996, how many accounts were opened?", "evidence": "A16 stands for no. of committed crimes 1996", "SQL": "SELECT COUNT(T2.account_id) FROM district AS T1 INNER JOIN account AS T2 ON T1.district_id = T2.district_id GROUP BY T1.A16 ORDER BY T1.A16 DESC LIMIT 1", "question_toks": ["In", "the", "branch", "where", "the", "largest", "number", "of", "crimes", "were", "committed", "in", "1996", ",", "how", "many", "accounts", "were", "opened", "?"], "SQL_toks": ["SELECT", "COUNT", "(", "T2.account_id", ")", "FROM", "district", "AS", "T1", "INNER", "JOIN", "account", "AS", "T2", "ON", "T1.district_id", "=", "T2.district_id", "GROUP", "BY", "T1.A16", "ORDER", "BY", "T1.A16", "DESC", "LIMIT", "1"], "evidence_toks": ["A16", "stands", "for", "no", ".", "of", "committed", "crimes", "1996"], "difficulty": "simple", "templatized_domain_statements": ["'number of crimes were committed in 1996' refers to district.A16"]}, {"db_id": "financial", "question": "Between 1/1/1995 and 12/31/1997, how many loans in the amount of at least 250,000 per account that chose monthly statement issuance were approved?", "evidence": "Frequency = 'POPLATEK MESICNE' stands for monthly issurance", "SQL": "SELECT COUNT(T1.account_id) FROM account AS T1 INNER JOIN loan AS T2 ON T1.account_id = T2.account_id WHERE T2.date BETWEEN '1995-01-01' AND '1997-12-31' AND T1.frequency = 'POPLATEK MESICNE' AND T2.amount > 250000", "question_toks": ["Between", "1/1/1995", "and", "12/31/1997", ",", "how", "many", "loans", "in", "the", "amount", "of", "at", "least", "250,000", "per", "account", "that", "chose", "monthly", "statement", "issuance", "were", "approved", "?"], "SQL_toks": ["SELECT", "COUNT", "(", "T1.account_id", ")", "FROM", "account", "AS", "T1", "INNER", "JOIN", "loan", "AS", "T2", "ON", "T1.account_id", "=", "T2.account_id", "WHERE", "T2.date", "BETWEEN", "'1995-01-01", "'", "AND", "'1997-12-31", "'", "AND", "T1.frequency", "=", "'POPLATEK", "MESICNE", "'", "AND", "T2.amount", ">", "250000"], "evidence_toks": ["Frequency", "=", "'POPLATEK", "MESICNE", "'", "stands", "for", "monthly", "issurance"], "difficulty": "moderate", "templatized_domain_statements": ["monthly statement issuance' refers to account.frequency = 'POPLATEK MESICNE'"]}, {"db_id": "financial", "question": "How many accounts have running contracts in Branch location 1?", "evidence": "Status = 'C' stands for running contract, OK so far; Status = 'D' stands for running contract, client in debt", "SQL": "SELECT COUNT(T1.account_id) FROM account AS T1 INNER JOIN district AS T2 ON T1.district_id = T2.district_id INNER JOIN loan AS T3 ON T1.account_id = T3.account_id WHERE T1.district_id = 1 AND T3.status = 'C' OR T3.status = 'D'", "question_toks": ["How", "many", "accounts", "have", "running", "contracts", "in", "Branch", "location", "1", "?"], "SQL_toks": ["SELECT", "COUNT", "(", "T1.account_id", ")", "FROM", "account", "AS", "T1", "INNER", "JOIN", "district", "AS", "T2", "ON", "T1.district_id", "=", "T2.district_id", "INNER", "JOIN", "loan", "AS", "T3", "ON", "T1.account_id", "=", "T3.account_id", "WHERE", "T1.district_id", "=", "1", "AND", "T3.status", "=", "'", "C", "'", "OR", "T3.status", "=", "'D", "'"], "evidence_toks": ["Status", "=", "'", "C", "'", "stands", "for", "running", "contract", ",", "OK", "so", "far", ";", "Status", "=", "'D", "'", "stands", "for", "running", "contract", ",", "client", "in", "debt"], "difficulty": "moderate", "templatized_domain_statements": ["'running contracts' refers to loan.status = 'C' such that contract ok so far", "'running contracts' refers to loan.status = 'D' such that client is in debt"]}, {"db_id": "financial", "question": "In the branch where the second-highest number of crimes were committed in 1995 occurred, how many male clients are there?", "evidence": "Male refers to gender = 'M'; A15 stands for no. of commited crimes 1995", "SQL": "SELECT COUNT(T1.client_id) FROM client AS T1 INNER JOIN district AS T2 ON T1.district_id = T2.district_id WHERE T1.gender = 'M' GROUP BY T2.A15 ORDER BY T2.A15 DESC LIMIT 1, 1", "question_toks": ["In", "the", "branch", "where", "the", "second-highest", "number", "of", "crimes", "were", "committed", "in", "1995", "occurred", ",", "how", "many", "male", "clients", "are", "there", "?"], "SQL_toks": ["SELECT", "COUNT", "(", "T1.client_id", ")", "FROM", "client", "AS", "T1", "INNER", "JOIN", "district", "AS", "T2", "ON", "T1.district_id", "=", "T2.district_id", "WHERE", "T1.gender", "=", "'M", "'", "GROUP", "BY", "T2.A15", "ORDER", "BY", "T2.A15", "DESC", "LIMIT", "1", ",", "1"], "evidence_toks": ["Male", "refers", "to", "gender", "=", "'M", "'", ";", "A15", "stands", "for", "no", ".", "of", "commited", "crimes", "1995"], "difficulty": "moderate", "templatized_domain_statements": ["'Male' refers to client.gender = 'M'", "'crimes committed in 1995' refers to value of district.A15"]}, {"db_id": "financial", "question": "How many accounts are there in the district of \"Pisek\"?", "evidence": "A2 refers to district name", "SQL": "SELECT COUNT(T1.account_id) FROM account AS T1 INNER JOIN district AS T2 ON T1.district_id = T2.district_id WHERE T2.A2 = 'Pisek'", "question_toks": ["How", "many", "accounts", "are", "there", "in", "the", "district", "of", "``", "Pisek", "''", "?"], "SQL_toks": ["SELECT", "COUNT", "(", "T1.account_id", ")", "FROM", "account", "AS", "T1", "INNER", "JOIN", "district", "AS", "T2", "ON", "T1.district_id", "=", "T2.district_id", "WHERE", "T2.A2", "=", "'Pisek", "'"], "evidence_toks": ["A2", "refers", "to", "district", "name"], "difficulty": "simple", "templatized_domain_statements": ["'district of \"Pisek\"' refers to district.A2 = 'Pisek'"]}, {"db_id": "financial", "question": "Which districts have transactions greater than USS$10,000 in 1997?", "evidence": "", "SQL": "SELECT T1.district_id FROM account AS T1 INNER JOIN district AS T2 ON T1.district_id = T2.district_id INNER JOIN trans AS T3 ON T1.account_id = T3.account_id WHERE STRFTIME('%Y', T3.date) = '1997' GROUP BY T1.district_id HAVING SUM(T3.amount) > 10000", "question_toks": ["Which", "districts", "have", "transactions", "greater", "than", "USS", "$", "10,000", "in", "1997", "?"], "SQL_toks": ["SELECT", "T1.district_id", "FROM", "account", "AS", "T1", "INNER", "JOIN", "district", "AS", "T2", "ON", "T1.district_id", "=", "T2.district_id", "INNER", "JOIN", "trans", "AS", "T3", "ON", "T1.account_id", "=", "T3.account_id", "WHERE", "STRFTIME", "(", "'", "%", "Y", "'", ",", "T3.date", ")", "=", "'1997", "'", "GROUP", "BY", "T1.district_id", "HAVING", "SUM", "(", "T3.amount", ")", ">", "10000"], "evidence_toks": [], "difficulty": "simple", "templatized_domain_statements": []}, {"db_id": "financial", "question": "Who are the account holder identification numbers whose spent per month on the credit card is less than the average, in 1998?", "evidence": "Operation = 'VYBER KARTOU' refers to credit card withdrawal", "SQL": "SELECT T1.account_id FROM trans AS T1 INNER JOIN account AS T2 ON T1.account_id = T2.account_id WHERE STRFTIME('%Y', T1.date) = '1998' AND T1.operation = 'VYBER KARTOU' AND T1.amount > (SELECT AVG(amount) FROM trans)", "question_toks": ["Who", "are", "the", "account", "holder", "identification", "numbers", "whose", "spent", "per", "month", "on", "the", "credit", "card", "is", "less", "than", "the", "average", ",", "in", "1998", "?"], "SQL_toks": ["SELECT", "T1.account_id", "FROM", "trans", "AS", "T1", "INNER", "JOIN", "account", "AS", "T2", "ON", "T1.account_id", "=", "T2.account_id", "WHERE", "STRFTIME", "(", "'", "%", "Y", "'", ",", "T1.date", ")", "=", "'1998", "'", "AND", "T1.operation", "=", "'VYBER", "KARTOU", "'", "AND", "T1.amount", ">", "(", "SELECT", "AVG", "(", "amount", ")", "FROM", "trans", ")"], "evidence_toks": ["Operation", "=", "'VYBER", "KARTOU", "'", "refers", "to", "credit", "card", "withdrawal"], "difficulty": "moderate", "templatized_domain_statements": ["'credit card withdrawal' refers to trans.operation = 'VYBER KARTOU'", "'spent on the credit card' refers to trans.operation = 'VYBER KARTOU'"]}, {"db_id": "financial", "question": "Who are the female account holders who own credit cards and also have loans?", "evidence": "Female refers to gender = 'F'", "SQL": "SELECT T1.client_id FROM client AS T1 INNER JOIN disp AS T2 ON T1.client_id = T2.client_id INNER JOIN loan AS T3 ON T2.account_id = T3.account_id INNER JOIN card AS T4 ON T2.disp_id = T4.disp_id WHERE T1.gender = 'F'", "question_toks": ["Who", "are", "the", "female", "account", "holders", "who", "own", "credit", "cards", "and", "also", "have", "loans", "?"], "SQL_toks": ["SELECT", "T1.client_id", "FROM", "client", "AS", "T1", "INNER", "JOIN", "disp", "AS", "T2", "ON", "T1.client_id", "=", "T2.client_id", "INNER", "JOIN", "loan", "AS", "T3", "ON", "T2.account_id", "=", "T3.account_id", "INNER", "JOIN", "card", "AS", "T4", "ON", "T2.disp_id", "=", "T4.disp_id", "WHERE", "T1.gender", "=", "'", "F", "'"], "evidence_toks": ["Female", "refers", "to", "gender", "=", "'", "F", "'"], "difficulty": "simple", "templatized_domain_statements": ["'female' refers to client.gender = 'F'"]}, {"db_id": "financial", "question": "Please list the name of the districts with accounts that made withdrawal transactions.", "evidence": "A2 refers to district name; type = 'VYDAJ' stands for withdrawal transactions", "SQL": "SELECT DISTINCT T1.A2 FROM district AS T1 INNER JOIN account AS T2 ON T1.district_id = T2.district_id INNER JOIN trans AS T3 ON T2.account_id = T3.account_id WHERE T3.type = 'VYDAJ'", "question_toks": ["Please", "list", "the", "name", "of", "the", "districts", "with", "accounts", "that", "made", "withdrawal", "transactions", "."], "SQL_toks": ["SELECT", "DISTINCT", "T1.A2", "FROM", "district", "AS", "T1", "INNER", "JOIN", "account", "AS", "T2", "ON", "T1.district_id", "=", "T2.district_id", "INNER", "JOIN", "trans", "AS", "T3", "ON", "T2.account_id", "=", "T3.account_id", "WHERE", "T3.type", "=", "'VYDAJ", "'"], "evidence_toks": ["A2", "refers", "to", "district", "name", ";", "type", "=", "'VYDAJ", "'", "stands", "for", "withdrawal", "transactions"], "difficulty": "moderate", "templatized_domain_statements": ["'name of the districts' refers to  district.A2", "'withdrawal transactions' refers to trans.type = 'VYDAJ'"]}, {"db_id": "financial", "question": "How many male clients in 'Hl.m. Praha' district?", "evidence": "District data appears in the A2; Male means that gender = 'M'", "SQL": "SELECT COUNT(T1.client_id) FROM client AS T1 INNER JOIN district AS T2 ON T1.district_id = T2.district_id WHERE T1.gender = 'M' AND T2.A2 = 'Hl.m. Praha'", "question_toks": ["How", "many", "male", "clients", "in", "'Hl.m", ".", "Praha", "'", "district", "?"], "SQL_toks": ["SELECT", "COUNT", "(", "T1.client_id", ")", "FROM", "client", "AS", "T1", "INNER", "JOIN", "district", "AS", "T2", "ON", "T1.district_id", "=", "T2.district_id", "WHERE", "T1.gender", "=", "'M", "'", "AND", "T2.A2", "=", "'Hl.m", ".", "Praha", "'"], "evidence_toks": ["District", "data", "appears", "in", "the", "A2", ";", "Male", "means", "that", "gender", "=", "'M", "'"], "difficulty": "simple", "templatized_domain_statements": ["'District' refers to district.A2", "'Male' refers to client.gender = 'M'"]}, {"db_id": "financial", "question": "How many percent of 'Gold' cards were issued prior to 1998?", "evidence": "Percent of Gold = [ count(type = 'gold' and issued date < 1998) / count(all cards)] * 100%", "SQL": "SELECT CAST(SUM(type = 'gold') AS REAL) * 100 / COUNT(card_id) FROM card WHERE STRFTIME('%Y', issued) < '1998'", "question_toks": ["How", "many", "percent", "of", "'Gold", "'", "cards", "were", "issued", "prior", "to", "1998", "?"], "SQL_toks": ["SELECT", "CAST", "(", "SUM", "(", "type", "=", "'gold", "'", ")", "AS", "REAL", ")", "*", "100", "/", "COUNT", "(", "card_id", ")", "FROM", "card", "WHERE", "STRFTIME", "(", "'", "%", "Y", "'", ",", "issued", ")", "<", "'1998", "'"], "evidence_toks": ["Percent", "of", "Gold", "=", "[", "count", "(", "type", "=", "'gold", "'", "and", "issued", "date", "<", "1998", ")", "/", "count", "(", "all", "cards", ")", "]", "*", "100", "%"], "difficulty": "simple", "templatized_domain_statements": ["'Percent of 'Gold' cards issued' refers to CAST(SUM(card.type = 'gold') AS REAL) * 100 / COUNT(card.card_id)"]}, {"db_id": "financial", "question": "Who is the owner of the account with the largest loan amount?", "evidence": "", "SQL": "SELECT T1.client_id FROM disp AS T1 INNER JOIN loan AS T2 ON T1.account_id = T2.account_id ORDER BY T2.amount DESC LIMIT 1", "question_toks": ["Who", "is", "the", "owner", "of", "the", "account", "with", "the", "largest", "loan", "amount", "?"], "SQL_toks": ["SELECT", "T1.client_id", "FROM", "disp", "AS", "T1", "INNER", "JOIN", "loan", "AS", "T2", "ON", "T1.account_id", "=", "T2.account_id", "ORDER", "BY", "T2.amount", "DESC", "LIMIT", "1"], "evidence_toks": [], "difficulty": "simple", "templatized_domain_statements": []}, {"db_id": "financial", "question": "What is the district Id of the account that placed the order with the id 33333?", "evidence": "", "SQL": "SELECT T3.district_id FROM `order` AS T1 INNER JOIN account AS T2 ON T1.account_id = T2.account_id INNER JOIN district AS T3 ON T2.district_id = T3.district_id WHERE T1.order_id = 33333", "question_toks": ["What", "is", "the", "district", "Id", "of", "the", "account", "that", "placed", "the", "order", "with", "the", "id", "33333", "?"], "SQL_toks": ["SELECT", "T3.district_id", "FROM", "`", "order", "`", "AS", "T1", "INNER", "JOIN", "account", "AS", "T2", "ON", "T1.account_id", "=", "T2.account_id", "INNER", "JOIN", "district", "AS", "T3", "ON", "T2.district_id", "=", "T3.district_id", "WHERE", "T1.order_id", "=", "33333"], "evidence_toks": [], "difficulty": "simple", "templatized_domain_statements": []}, {"db_id": "financial", "question": "What is the region of the client with the id 3541 from?", "evidence": "A3 refers to region", "SQL": "SELECT T2.district_id, T1.A3 FROM district AS T1 INNER JOIN client AS T2 ON T1.district_id = T2.district_id WHERE T2.client_id = 3541", "question_toks": ["What", "is", "the", "region", "of", "the", "client", "with", "the", "id", "3541", "from", "?"], "SQL_toks": ["SELECT", "T2.district_id", ",", "T1.A3", "FROM", "district", "AS", "T1", "INNER", "JOIN", "client", "AS", "T2", "ON", "T1.district_id", "=", "T2.district_id", "WHERE", "T2.client_id", "=", "3541"], "evidence_toks": ["A3", "refers", "to", "region"], "difficulty": "simple", "templatized_domain_statements": ["'region' refers to column district.A3"]}, {"db_id": "financial", "question": "Please list all the transactions made by accounts from district 5.", "evidence": "", "SQL": "SELECT T3.trans_id FROM district AS T1 INNER JOIN account AS T2 ON T1.district_id = T2.district_id INNER JOIN trans AS T3 ON T2.account_id = T3.account_id WHERE T1.district_id = 5", "question_toks": ["Please", "list", "all", "the", "transactions", "made", "by", "accounts", "from", "district", "5", "."], "SQL_toks": ["SELECT", "T3.trans_id", "FROM", "district", "AS", "T1", "INNER", "JOIN", "account", "AS", "T2", "ON", "T1.district_id", "=", "T2.district_id", "INNER", "JOIN", "trans", "AS", "T3", "ON", "T2.account_id", "=", "T3.account_id", "WHERE", "T1.district_id", "=", "5"], "evidence_toks": [], "difficulty": "simple", "templatized_domain_statements": []}, {"db_id": "financial", "question": "What percentage of clients who opened their accounts in the district with an average salary of over 10000 are women?", "evidence": "Female refers to gender = 'F'; Woman and female are closed; Average salary can be found in A11", "SQL": "SELECT CAST(SUM(T2.gender = 'F') AS REAL) * 100 / COUNT(T2.client_id) FROM district AS T1 INNER JOIN client AS T2 ON T1.district_id = T2.district_id WHERE T1.A11 > 10000", "question_toks": ["What", "percentage", "of", "clients", "who", "opened", "their", "accounts", "in", "the", "district", "with", "an", "average", "salary", "of", "over", "10000", "are", "women", "?"], "SQL_toks": ["SELECT", "CAST", "(", "SUM", "(", "T2.gender", "=", "'", "F", "'", ")", "AS", "REAL", ")", "*", "100", "/", "COUNT", "(", "T2.client_id", ")", "FROM", "district", "AS", "T1", "INNER", "JOIN", "client", "AS", "T2", "ON", "T1.district_id", "=", "T2.district_id", "WHERE", "T1.A11", ">", "10000"], "evidence_toks": ["Female", "refers", "to", "gender", "=", "'", "F", "'", ";", "Woman", "and", "female", "are", "closed", ";", "Average", "salary", "can", "be", "found", "in", "A11"], "difficulty": "moderate", "templatized_domain_statements": ["'female' refers to client.gender = 'F'", "'women' refers to client.gender = 'F'", "'average salary of over {100}' refers to value of column district.A11 > 100"]}, {"db_id": "financial", "question": "How many credit card withdrawals were recorded after 1995?", "evidence": "Operation = 'VYBER KARTOU' means credit card withdrawals", "SQL": "SELECT COUNT(account_id) FROM trans WHERE STRFTIME('%Y', date) > '1995' AND operation = 'VYBER KARTOU'", "question_toks": ["How", "many", "credit", "card", "withdrawals", "were", "recorded", "after", "1995", "?"], "SQL_toks": ["SELECT", "COUNT", "(", "account_id", ")", "FROM", "trans", "WHERE", "STRFTIME", "(", "'", "%", "Y", "'", ",", "date", ")", ">", "'1995", "'", "AND", "operation", "=", "'VYBER", "KARTOU", "'"], "evidence_toks": ["Operation", "=", "'VYBER", "KARTOU", "'", "means", "credit", "card", "withdrawals"], "difficulty": "simple", "templatized_domain_statements": ["'credit card withdrawals' refers to trans.operation = 'VYBER KARTOU'"]}, {"db_id": "financial", "question": "How many owner and disponent dispositions are there from account number 1 to account number 10?", "evidence": "", "SQL": "SELECT SUM(type = 'Owner') , SUM(type = 'Disponent') FROM disp WHERE account_id BETWEEN 1 AND 10", "question_toks": ["How", "many", "owner", "and", "disponent", "dispositions", "are", "there", "from", "account", "number", "1", "to", "account", "number", "10", "?"], "SQL_toks": ["SELECT", "SUM", "(", "type", "=", "'Owner", "'", ")", ",", "SUM", "(", "type", "=", "'Disponent", "'", ")", "FROM", "disp", "WHERE", "account_id", "BETWEEN", "1", "AND", "10"], "evidence_toks": [], "difficulty": "simple", "templatized_domain_statements": []}, {"db_id": "financial", "question": "What year was account owner number 130 born?", "evidence": "", "SQL": "SELECT STRFTIME('%Y', T1.birth_date) FROM client AS T1 INNER JOIN account AS T2 ON T1.district_id = T2.district_id WHERE T2.account_id = 130", "question_toks": ["What", "year", "was", "account", "owner", "number", "130", "born", "?"], "SQL_toks": ["SELECT", "STRFTIME", "(", "'", "%", "Y", "'", ",", "T1.birth_date", ")", "FROM", "client", "AS", "T1", "INNER", "JOIN", "account", "AS", "T2", "ON", "T1.district_id", "=", "T2.district_id", "WHERE", "T2.account_id", "=", "130"], "evidence_toks": [], "difficulty": "simple", "templatized_domain_statements": []}, {"db_id": "financial", "question": "What is the amount of debt that client number 992 has, and how is this client doing with payments?", "evidence": "", "SQL": "SELECT T3.amount, T3.status FROM client AS T1 INNER JOIN account AS T2 ON T1.district_id = T2.district_id INNER JOIN loan AS T3 ON T2.account_id = T3.account_id WHERE T1.client_id = 992", "question_toks": ["What", "is", "the", "amount", "of", "debt", "that", "client", "number", "992", "has", ",", "and", "how", "is", "this", "client", "doing", "with", "payments", "?"], "SQL_toks": ["SELECT", "T3.amount", ",", "T3.status", "FROM", "client", "AS", "T1", "INNER", "JOIN", "account", "AS", "T2", "ON", "T1.district_id", "=", "T2.district_id", "INNER", "JOIN", "loan", "AS", "T3", "ON", "T2.account_id", "=", "T3.account_id", "WHERE", "T1.client_id", "=", "992"], "evidence_toks": [], "difficulty": "simple", "templatized_domain_statements": []}, {"db_id": "financial", "question": "Which kind of credit card does client number 9 possess?", "evidence": "", "SQL": "SELECT T3.type FROM client AS T1 INNER JOIN disp AS T2 ON T1.client_id = T2.client_id INNER JOIN card AS T3 ON T2.disp_id = T3.disp_id WHERE T1.client_id = 9", "question_toks": ["Which", "kind", "of", "credit", "card", "does", "client", "number", "9", "possess", "?"], "SQL_toks": ["SELECT", "T3.type", "FROM", "client", "AS", "T1", "INNER", "JOIN", "disp", "AS", "T2", "ON", "T1.client_id", "=", "T2.client_id", "INNER", "JOIN", "card", "AS", "T3", "ON", "T2.disp_id", "=", "T3.disp_id", "WHERE", "T1.client_id", "=", "9"], "evidence_toks": [], "difficulty": "simple", "templatized_domain_statements": []}, {"db_id": "financial", "question": "How much, in total, did client number 617 pay for all of the transactions in 1998?", "evidence": "", "SQL": "SELECT SUM(T3.amount) FROM client AS T1 INNER JOIN account AS T2 ON T1.district_id = T2.district_id INNER JOIN trans AS T3 ON T2.account_id = T3.account_id WHERE STRFTIME('%Y', T3.date)= '1998' AND T1.client_id = 617", "question_toks": ["How", "much", ",", "in", "total", ",", "did", "client", "number", "617", "pay", "for", "all", "of", "the", "transactions", "in", "1998", "?"], "SQL_toks": ["SELECT", "SUM", "(", "T3.amount", ")", "FROM", "client", "AS", "T1", "INNER", "JOIN", "account", "AS", "T2", "ON", "T1.district_id", "=", "T2.district_id", "INNER", "JOIN", "trans", "AS", "T3", "ON", "T2.account_id", "=", "T3.account_id", "WHERE", "STRFTIME", "(", "'", "%", "Y", "'", ",", "T3.date", ")", "=", "'1998", "'", "AND", "T1.client_id", "=", "617"], "evidence_toks": [], "difficulty": "simple", "templatized_domain_statements": []}, {"db_id": "financial", "question": "Please provide a list of clients who were born between 1983 and 1987 and whose account branch is in East Bohemia, along with their IDs.", "evidence": "", "SQL": "SELECT T1.client_id, T3.account_id FROM client AS T1 INNER JOIN district AS T2 ON T1.district_id = T2.district_id INNER JOIN account AS T3 ON T2.district_id = T3.district_id WHERE T2.A3 = 'east Bohemia' AND STRFTIME('%Y', T1.birth_date) BETWEEN '1983' AND '1987'", "question_toks": ["Please", "provide", "a", "list", "of", "clients", "who", "were", "born", "between", "1983", "and", "1987", "and", "whose", "account", "branch", "is", "in", "East", "Bohemia", ",", "along", "with", "their", "IDs", "."], "SQL_toks": ["SELECT", "T1.client_id", ",", "T3.account_id", "FROM", "client", "AS", "T1", "INNER", "JOIN", "district", "AS", "T2", "ON", "T1.district_id", "=", "T2.district_id", "INNER", "JOIN", "account", "AS", "T3", "ON", "T2.district_id", "=", "T3.district_id", "WHERE", "T2.A3", "=", "'east", "Bohemia", "'", "AND", "STRFTIME", "(", "'", "%", "Y", "'", ",", "T1.birth_date", ")", "BETWEEN", "'1983", "'", "AND", "'1987", "'"], "evidence_toks": [], "difficulty": "moderate", "templatized_domain_statements": []}, {"db_id": "financial", "question": "Please provide the IDs of the 3 female clients with the largest loans.", "evidence": "Female refers to gender = 'F'", "SQL": "SELECT T1.client_id FROM client AS T1 INNER JOIN account AS T2 ON T1.district_id = T2.district_id INNER JOIN loan AS T3 ON T2.account_id = T3.account_id WHERE T1.gender = 'F' ORDER BY T3.amount DESC LIMIT 3", "question_toks": ["Please", "provide", "the", "IDs", "of", "the", "3", "female", "clients", "with", "the", "largest", "loans", "."], "SQL_toks": ["SELECT", "T1.client_id", "FROM", "client", "AS", "T1", "INNER", "JOIN", "account", "AS", "T2", "ON", "T1.district_id", "=", "T2.district_id", "INNER", "JOIN", "loan", "AS", "T3", "ON", "T2.account_id", "=", "T3.account_id", "WHERE", "T1.gender", "=", "'", "F", "'", "ORDER", "BY", "T3.amount", "DESC", "LIMIT", "3"], "evidence_toks": ["Female", "refers", "to", "gender", "=", "'", "F", "'"], "difficulty": "simple", "templatized_domain_statements": ["'female' refers to client.gender = 'F'"]}, {"db_id": "financial", "question": "How many female customers have a junior credit card?", "evidence": "Female refers to gender = 'F'", "SQL": "SELECT COUNT(T1.client_id) FROM client AS T1 INNER JOIN disp AS T2 ON T1.client_id = T2.client_id INNER JOIN card AS T3 ON T2.disp_id = T3.disp_id WHERE T1.gender = 'F' AND T3.type = 'junior'", "question_toks": ["How", "many", "female", "customers", "have", "a", "junior", "credit", "card", "?"], "SQL_toks": ["SELECT", "COUNT", "(", "T1.client_id", ")", "FROM", "client", "AS", "T1", "INNER", "JOIN", "disp", "AS", "T2", "ON", "T1.client_id", "=", "T2.client_id", "INNER", "JOIN", "card", "AS", "T3", "ON", "T2.disp_id", "=", "T3.disp_id", "WHERE", "T1.gender", "=", "'", "F", "'", "AND", "T3.type", "=", "'junior", "'"], "evidence_toks": ["Female", "refers", "to", "gender", "=", "'", "F", "'"], "difficulty": "simple", "templatized_domain_statements": ["'female customers' refers to client.gender = 'F'"]}, {"db_id": "financial", "question": "What percentage of male clients request for weekly statements to be issued?", "evidence": "Percentage of male clients = [count(male clients who requested weekly statements / count(clients who requested weekly statements)] * 100%; Male means gender = 'M'; 'POPLATEK TYDNE' stands for weekly issuance", "SQL": "SELECT CAST(SUM(T1.gender = 'M') AS REAL) * 100 / COUNT(T1.client_id) FROM client AS T1 INNER JOIN account AS T2 ON T1.district_id = T2.district_id WHERE T2.frequency = 'POPLATEK TYDNE'", "question_toks": ["What", "percentage", "of", "male", "clients", "request", "for", "weekly", "statements", "to", "be", "issued", "?"], "SQL_toks": ["SELECT", "CAST", "(", "SUM", "(", "T1.gender", "=", "'M", "'", ")", "AS", "REAL", ")", "*", "100", "/", "COUNT", "(", "T1.client_id", ")", "FROM", "client", "AS", "T1", "INNER", "JOIN", "account", "AS", "T2", "ON", "T1.district_id", "=", "T2.district_id", "WHERE", "T2.frequency", "=", "'POPLATEK", "TYDNE", "'"], "evidence_toks": ["Percentage", "of", "male", "clients", "=", "[", "count", "(", "male", "clients", "who", "requested", "weekly", "statements", "/", "count", "(", "clients", "who", "requested", "weekly", "statements", ")", "]", "*", "100", "%", ";", "Male", "means", "gender", "=", "'M", "'", ";", "'POPLATEK", "TYDNE", "'", "stands", "for", "weekly", "issuance"], "difficulty": "moderate", "templatized_domain_statements": ["'Percentage of male clients' refers to CAST(SUM(client.gender = 'M') AS REAL) * 100 / COUNT(client.client_id)", "'Male' refers to client.gender = 'M'", "'weekly statements to be issued' refers to account.frequency = 'POPLATEK TYDNE'"]}, {"db_id": "financial", "question": "How many clients who choose statement of weekly issuance are User?", "evidence": "Frequency = 'POPLATEK TYDNE' refers to weekly issuance", "SQL": "SELECT COUNT(T2.account_id) FROM account AS T1 INNER JOIN disp AS T2 ON T2.account_id = T1.account_id WHERE T1.frequency = 'POPLATEK TYDNE' AND T2.type = 'USER'", "question_toks": ["How", "many", "clients", "who", "choose", "statement", "of", "weekly", "issuance", "are", "User", "?"], "SQL_toks": ["SELECT", "COUNT", "(", "T2.account_id", ")", "FROM", "account", "AS", "T1", "INNER", "JOIN", "disp", "AS", "T2", "ON", "T2.account_id", "=", "T1.account_id", "WHERE", "T1.frequency", "=", "'POPLATEK", "TYDNE", "'", "AND", "T2.type", "=", "'USER", "'"], "evidence_toks": ["Frequency", "=", "'POPLATEK", "TYDNE", "'", "refers", "to", "weekly", "issuance"], "difficulty": "simple", "templatized_domain_statements": ["'statement of weekly issuance' refers to account.Frequency = 'POPLATEK TYDNE'", "'clients who are 'User'' refers disp.type = 'USER'"]}, {"db_id": "financial", "question": "Among the accounts who have loan validity more than 24 months, list out the accounts that have the lowest approved amount and have account opening date before 1997.", "evidence": "", "SQL": "SELECT T1.account_id FROM loan AS T1 INNER JOIN account AS T2 ON T1.account_id = T2.account_id WHERE T1.duration > 24 AND STRFTIME('%Y', T2.date) < '1997' ORDER BY T1.amount ASC LIMIT 1", "question_toks": ["Among", "the", "accounts", "who", "have", "loan", "validity", "more", "than", "24", "months", ",", "list", "out", "the", "accounts", "that", "have", "the", "lowest", "approved", "amount", "and", "have", "account", "opening", "date", "before", "1997", "."], "SQL_toks": ["SELECT", "T1.account_id", "FROM", "loan", "AS", "T1", "INNER", "JOIN", "account", "AS", "T2", "ON", "T1.account_id", "=", "T2.account_id", "WHERE", "T1.duration", ">", "24", "AND", "STRFTIME", "(", "'", "%", "Y", "'", ",", "T2.date", ")", "<", "'1997", "'", "ORDER", "BY", "T1.amount", "ASC", "LIMIT", "1"], "evidence_toks": [], "difficulty": "moderate", "templatized_domain_statements": []}, {"db_id": "financial", "question": "Name the account numbers of female clients who are oldest and have lowest average salary?", "evidence": "Female refers to 'F' in the gender; A11 contains information about average salary", "SQL": "SELECT T3.account_id FROM client AS T1 INNER JOIN district AS T2 ON T1.district_id = T2.district_id INNER JOIN account AS T3 ON T2.district_id = T3.district_id WHERE T1.gender = 'F' ORDER BY T1.birth_date ASC, T2.A11 ASC LIMIT 1", "question_toks": ["Name", "the", "account", "numbers", "of", "female", "clients", "who", "are", "oldest", "and", "have", "lowest", "average", "salary", "?"], "SQL_toks": ["SELECT", "T3.account_id", "FROM", "client", "AS", "T1", "INNER", "JOIN", "district", "AS", "T2", "ON", "T1.district_id", "=", "T2.district_id", "INNER", "JOIN", "account", "AS", "T3", "ON", "T2.district_id", "=", "T3.district_id", "WHERE", "T1.gender", "=", "'", "F", "'", "ORDER", "BY", "T1.birth_date", "ASC", ",", "T2.A11", "ASC", "LIMIT", "1"], "evidence_toks": ["Female", "refers", "to", "'", "F", "'", "in", "the", "gender", ";", "A11", "contains", "information", "about", "average", "salary"], "difficulty": "moderate", "templatized_domain_statements": ["'Female clients' refers to client.gender = 'F'", " 'Average salary' refers to district.A11"]}, {"db_id": "financial", "question": "How many clients who were born in 1920 stay in east Bohemia?", "evidence": "East Bohemia appears in the column A3, which refers to the region.", "SQL": "SELECT COUNT(T1.client_id) FROM client AS T1 INNER JOIN district AS T2 ON T1.district_id = T2.district_id WHERE STRFTIME('%Y', T1.birth_date) = '1920' AND T2.A3 = 'east Bohemia'", "question_toks": ["How", "many", "clients", "who", "were", "born", "in", "1920", "stay", "in", "east", "Bohemia", "?"], "SQL_toks": ["SELECT", "COUNT", "(", "T1.client_id", ")", "FROM", "client", "AS", "T1", "INNER", "JOIN", "district", "AS", "T2", "ON", "T1.district_id", "=", "T2.district_id", "WHERE", "STRFTIME", "(", "'", "%", "Y", "'", ",", "T1.birth_date", ")", "=", "'1920", "'", "AND", "T2.A3", "=", "'east", "Bohemia", "'"], "evidence_toks": ["East", "Bohemia", "appears", "in", "the", "column", "A3", ",", "which", "refers", "to", "the", "region", "."], "difficulty": "simple", "templatized_domain_statements": ["'East Bohemia' refers to value of column district.A3 = 'east Bohemia'"]}, {"db_id": "financial", "question": "How many loan accounts are for pre-payment of duration of 24 months with weekly issuance of statement.", "evidence": "Frequency = 'POPLATEK TYDNE' referes to weekly statement", "SQL": "SELECT COUNT(T2.account_id) FROM account AS T1 INNER JOIN loan AS T2 ON T1.account_id = T2.account_id WHERE T2.duration = 24 AND T1.frequency = 'POPLATEK TYDNE'", "question_toks": ["How", "many", "loan", "accounts", "are", "for", "pre-payment", "of", "duration", "of", "24", "months", "with", "weekly", "issuance", "of", "statement", "."], "SQL_toks": ["SELECT", "COUNT", "(", "T2.account_id", ")", "FROM", "account", "AS", "T1", "INNER", "JOIN", "loan", "AS", "T2", "ON", "T1.account_id", "=", "T2.account_id", "WHERE", "T2.duration", "=", "24", "AND", "T1.frequency", "=", "'POPLATEK", "TYDNE", "'"], "evidence_toks": ["Frequency", "=", "'POPLATEK", "TYDNE", "'", "referes", "to", "weekly", "statement"], "difficulty": "simple", "templatized_domain_statements": ["'weekly issuance of statement' refers to account.Frequency = 'POPLATEK TYDNE'"]}, {"db_id": "financial", "question": "What is the average amount of loan which are still on running contract with statement issuance after each transaction?", "evidence": "status = 'C' stands for running contract, OK so far; status = 'D' stands for running contract, client in debt. 'POPLATEK PO OBRATU' stands for issuance after transaction", "SQL": "SELECT AVG(T2.payments) FROM account AS T1 INNER JOIN loan AS T2 ON T1.account_id = T2.account_id WHERE T2.status IN ('C', 'D') AND T1.frequency = 'POPLATEK PO OBRATU'", "question_toks": ["What", "is", "the", "average", "amount", "of", "loan", "which", "are", "still", "on", "running", "contract", "with", "statement", "issuance", "after", "each", "transaction", "?"], "SQL_toks": ["SELECT", "AVG", "(", "T2.payments", ")", "FROM", "account", "AS", "T1", "INNER", "JOIN", "loan", "AS", "T2", "ON", "T1.account_id", "=", "T2.account_id", "WHERE", "T2.status", "IN", "(", "'", "C", "'", ",", "'D", "'", ")", "AND", "T1.frequency", "=", "'POPLATEK", "PO", "OBRATU", "'"], "evidence_toks": ["status", "=", "'", "C", "'", "stands", "for", "running", "contract", ",", "OK", "so", "far", ";", "status", "=", "'D", "'", "stands", "for", "running", "contract", ",", "client", "in", "debt", ".", "'POPLATEK", "PO", "OBRATU", "'", "stands", "for", "issuance", "after", "transaction"], "difficulty": "moderate", "templatized_domain_statements": ["'running contract' refers to status = 'C' such that contract is ok so far", "'running contracts' refers to status = 'D' such that client is in debt", "'issuance after each transaction' refers to account.frequency = 'POPLATEK PO OBRATU'"]}]