[{"db_id": "formula_1", "question": "Please give the names of the races held on the circuits in Spain.", "evidence": "Spain is a name of country;", "SQL": "SELECT DISTINCT T2.name FROM circuits AS T1 INNER JOIN races AS T2 ON T2.circuitID = T1.circuitId WHERE T1.country = 'Spain'", "question_toks": ["Please", "give", "the", "names", "of", "the", "races", "held", "on", "the", "circuits", "in", "Spain", "."], "SQL_toks": ["SELECT", "DISTINCT", "T2.name", "FROM", "circuits", "AS", "T1", "INNER", "JOIN", "races", "AS", "T2", "ON", "T2.circuitID", "=", "T1.circuitId", "WHERE", "T1.country", "=", "'Spain", "'"], "evidence_toks": ["Spain", "is", "a", "name", "of", "country", ";"], "difficulty": "simple"}, {"db_id": "formula_1", "question": "Please list the time of the races held on Sepang International Circuit.", "evidence": "", "SQL": "SELECT DISTINCT T2.time FROM circuits AS T1 INNER JOIN races AS T2 ON T2.circuitID = T1.circuitId WHERE T1.name = 'Sepang International Circuit'", "question_toks": ["Please", "list", "the", "time", "of", "the", "races", "held", "on", "Sepang", "International", "Circuit", "."], "SQL_toks": ["SELECT", "DISTINCT", "T2.time", "FROM", "circuits", "AS", "T1", "INNER", "JOIN", "races", "AS", "T2", "ON", "T2.circuitID", "=", "T1.circuitId", "WHERE", "T1.name", "=", "'Sepang", "International", "Circuit", "'"], "evidence_toks": [], "difficulty": "simple"}, {"db_id": "formula_1", "question": "Which country is the constructor which got 1 point in the race No. 24 from?", "evidence": "race number refers to raceId;", "SQL": "SELECT T2.nationality FROM constructorResults AS T1 INNER JOIN constructors AS T2 ON T2.constructorId = T1.constructorId WHERE T1.raceId = 24 AND T1.points = 1", "question_toks": ["Which", "country", "is", "the", "constructor", "which", "got", "1", "point", "in", "the", "race", "No", ".", "24", "from", "?"], "SQL_toks": ["SELECT", "T2.nationality", "FROM", "constructorResults", "AS", "T1", "INNER", "JOIN", "constructors", "AS", "T2", "ON", "T2.constructorId", "=", "T1.constructorId", "WHERE", "T1.raceId", "=", "24", "AND", "T1.points", "=", "1"], "evidence_toks": ["race", "number", "refers", "to", "raceId", ";"], "difficulty": "simple"}, {"db_id": "formula_1", "question": "What's Bruno Senna's Q1 result in the qualifying race No. 354?", "evidence": "race number refers to raceId;", "SQL": "SELECT T1.q1 FROM qualifying AS T1 INNER JOIN drivers AS T2 ON T2.driverId = T1.driverId WHERE T1.raceId = 354 AND T2.forename = 'Bruno' AND T2.surname = 'Senna'", "question_toks": ["What", "'s", "Bruno", "Senna", "'s", "Q1", "result", "in", "the", "qualifying", "race", "No", ".", "354", "?"], "SQL_toks": ["SELECT", "T1.q1", "FROM", "qualifying", "AS", "T1", "INNER", "JOIN", "drivers", "AS", "T2", "ON", "T2.driverId", "=", "T1.driverId", "WHERE", "T1.raceId", "=", "354", "AND", "T2.forename", "=", "'Bruno", "'", "AND", "T2.surname", "=", "'Senna", "'"], "evidence_toks": ["race", "number", "refers", "to", "raceId", ";"], "difficulty": "simple"}, {"db_id": "formula_1", "question": "What is his number of the driver who finished 0:01:54 in the Q3 of qualifying race No.903?", "evidence": "race number refers to raceId;", "SQL": "SELECT T2.number FROM qualifying AS T1 INNER JOIN drivers AS T2 ON T2.driverId = T1.driverId WHERE T1.raceId = 903 AND T1.q3 LIKE '1:54%'", "question_toks": ["What", "is", "his", "number", "of", "the", "driver", "who", "finished", "0:01:54", "in", "the", "Q3", "of", "qualifying", "race", "No.903", "?"], "SQL_toks": ["SELECT", "T2.number", "FROM", "qualifying", "AS", "T1", "INNER", "JOIN", "drivers", "AS", "T2", "ON", "T2.driverId", "=", "T1.driverId", "WHERE", "T1.raceId", "=", "903", "AND", "T1.q3", "LIKE", "'", "1:54", "%", "'"], "evidence_toks": ["race", "number", "refers", "to", "raceId", ";"], "difficulty": "simple"}, {"db_id": "formula_1", "question": "What is the actual finish time for Bruce McLaren in the race No.743?", "evidence": "race number refers to raceId;", "SQL": "SELECT T2.time FROM drivers AS T1 INNER JOIN results AS T2 ON T2.driverId = T1.driverId WHERE T2.raceId = 743 AND T1.forename = 'Bruce' AND T1.surname = 'McLaren'", "question_toks": ["What", "is", "the", "actual", "finish", "time", "for", "Bruce", "McLaren", "in", "the", "race", "No.743", "?"], "SQL_toks": ["SELECT", "T2.time", "FROM", "drivers", "AS", "T1", "INNER", "JOIN", "results", "AS", "T2", "ON", "T2.driverId", "=", "T1.driverId", "WHERE", "T2.raceId", "=", "743", "AND", "T1.forename", "=", "'Bruce", "'", "AND", "T1.surname", "=", "'McLaren", "'"], "evidence_toks": ["race", "number", "refers", "to", "raceId", ";"], "difficulty": "simple"}, {"db_id": "formula_1", "question": "Who finished second in the San Marino Grand Prix in 2006?", "evidence": "finished second refers to position = 2;", "SQL": "SELECT T3.forename, T3.surname FROM races AS T1 INNER JOIN results AS T2 ON T2.raceId = T1.raceId INNER JOIN drivers AS T3 ON T3.driverId = T2.driverId WHERE T1.year = 2006 AND T1.name = 'San Marino GrAND Prix' AND T2.position = 2", "question_toks": ["Who", "finished", "second", "in", "the", "San", "Marino", "Grand", "Prix", "in", "2006", "?"], "SQL_toks": ["SELECT", "T3.forename", ",", "T3.surname", "FROM", "races", "AS", "T1", "INNER", "JOIN", "results", "AS", "T2", "ON", "T2.raceId", "=", "T1.raceId", "INNER", "JOIN", "drivers", "AS", "T3", "ON", "T3.driverId", "=", "T2.driverId", "WHERE", "T1.year", "=", "2006", "AND", "T1.name", "=", "'San", "Marino", "GrAND", "Prix", "'", "AND", "T2.position", "=", "2"], "evidence_toks": ["finished", "second", "refers", "to", "position", "=", "2", ";"], "difficulty": "simple"}, {"db_id": "formula_1", "question": "Show me the season page of year when the race No. 901 took place.", "evidence": "race number refers to raceId;", "SQL": "SELECT T2.url FROM races AS T1 INNER JOIN seasons AS T2 ON T2.year = T1.year WHERE T1.raceId = 901", "question_toks": ["Show", "me", "the", "season", "page", "of", "year", "when", "the", "race", "No", ".", "901", "took", "place", "."], "SQL_toks": ["SELECT", "T2.url", "FROM", "races", "AS", "T1", "INNER", "JOIN", "seasons", "AS", "T2", "ON", "T2.year", "=", "T1.year", "WHERE", "T1.raceId", "=", "901"], "evidence_toks": ["race", "number", "refers", "to", "raceId", ";"], "difficulty": "simple"}, {"db_id": "formula_1", "question": "For the race happened in 2015/11/29, how many drivers finished the game?", "evidence": "", "SQL": "SELECT COUNT(T2.driverId) FROM races AS T1 INNER JOIN results AS T2 ON T2.raceId = T1.raceId WHERE T1.date = '2015-11-29' AND T2.time IS NOT NULL", "question_toks": ["For", "the", "race", "happened", "in", "2015/11/29", ",", "how", "many", "drivers", "finished", "the", "game", "?"], "SQL_toks": ["SELECT", "COUNT", "(", "T2.driverId", ")", "FROM", "races", "AS", "T1", "INNER", "JOIN", "results", "AS", "T2", "ON", "T2.raceId", "=", "T1.raceId", "WHERE", "T1.date", "=", "'2015-11-29", "'", "AND", "T2.time", "IS", "NOT", "NULL"], "evidence_toks": [], "difficulty": "simple"}, {"db_id": "formula_1", "question": "For the driver who set the fastest lap speed, what is his nationality\uff1f", "evidence": "the fastest lap speed refers to (MAX) fastestLapSpeed\n\nSQL mentions raceId = 348, that is not in the question", "SQL": "SELECT T1.nationality FROM drivers AS T1 INNER JOIN results AS T2 ON T2.driverId = T1.driverId WHERE T2.fastestLapTime IS NOT NULL ORDER BY T2.fastestLapSpeed DESC LIMIT 1", "question_toks": ["For", "the", "driver", "who", "set", "the", "fastest", "lap", "speed", ",", "what", "is", "his", "nationality\uff1f"], "SQL_toks": ["SELECT", "T1.nationality", "FROM", "drivers", "AS", "T1", "INNER", "JOIN", "results", "AS", "T2", "ON", "T2.driverId", "=", "T1.driverId", "WHERE", "T2.fastestLapTime", "IS", "NOT", "NULL", "ORDER", "BY", "T2.fastestLapSpeed", "DESC", "LIMIT", "1"], "evidence_toks": ["the", "fastest", "lap", "speed", "refers", "to", "(", "MAX", ")", "fastestLapSpeed", "SQL", "mentions", "raceId", "=", "348", ",", "that", "is", "not", "in", "the", "question"], "difficulty": "moderate"}, {"db_id": "formula_1", "question": "Paul di Resta was in the No. 853 race, what percent faster did he finish in the 853rd race than the next race for the fastest lap speed?", "evidence": "race number refers to raceId; DIVIDE(SUBTRACT(fastestLapSpeed(raceId = 853), (fastestLapSpeed (raceId = 854)), (fastestLapSpeed(raceId = 853)) as percentage", "SQL": "SELECT (SUM(IIF(T2.raceId = 853, T2.fastestLapSpeed, 0)) - SUM(IIF(T2.raceId = 854, T2.fastestLapSpeed, 0))) * 100 / SUM(IIF(T2.raceId = 853, T2.fastestLapSpeed, 0)) FROM drivers AS T1 INNER JOIN results AS T2 ON T2.driverId = T1.driverId WHERE T1.forename = 'Paul' AND T1.surname = 'di Resta'", "question_toks": ["Paul", "di", "Resta", "was", "in", "the", "No", ".", "853", "race", ",", "what", "percent", "faster", "did", "he", "finish", "in", "the", "853rd", "race", "than", "the", "next", "race", "for", "the", "fastest", "lap", "speed", "?"], "SQL_toks": ["SELECT", "(", "SUM", "(", "IIF", "(", "T2.raceId", "=", "853", ",", "T2.fastestLapSpeed", ",", "0", ")", ")", "-", "SUM", "(", "IIF", "(", "T2.raceId", "=", "854", ",", "T2.fastestLapSpeed", ",", "0", ")", ")", ")", "*", "100", "/", "SUM", "(", "IIF", "(", "T2.raceId", "=", "853", ",", "T2.fastestLapSpeed", ",", "0", ")", ")", "FROM", "drivers", "AS", "T1", "INNER", "JOIN", "results", "AS", "T2", "ON", "T2.driverId", "=", "T1.driverId", "WHERE", "T1.forename", "=", "'Paul", "'", "AND", "T1.surname", "=", "'di", "Resta", "'"], "evidence_toks": ["race", "number", "refers", "to", "raceId", ";", "DIVIDE", "(", "SUBTRACT", "(", "fastestLapSpeed", "(", "raceId", "=", "853", ")", ",", "(", "fastestLapSpeed", "(", "raceId", "=", "854", ")", ")", ",", "(", "fastestLapSpeed", "(", "raceId", "=", "853", ")", ")", "as", "percentage"], "difficulty": "challenging"}, {"db_id": "formula_1", "question": "For the drivers who took part in the race in 1983/7/16, what's their race completion rate?", "evidence": "DIVIDE(COUNT(driverid where time>0 and date = '1983-07-16'), (COUNT(driverid where date = '1983-07-16')) as percentage", "SQL": "SELECT CAST(COUNT(CASE WHEN T2.time IS NOT NULL THEN T2.driverId END) AS REAL) * 100 / COUNT(T2.driverId) FROM races AS T1 INNER JOIN results AS T2 ON T2.raceId = T1.raceId WHERE T1.date = '1983-07-16'", "question_toks": ["For", "the", "drivers", "who", "took", "part", "in", "the", "race", "in", "1983/7/16", ",", "what", "'s", "their", "race", "completion", "rate", "?"], "SQL_toks": ["SELECT", "CAST", "(", "COUNT", "(", "CASE", "WHEN", "T2.time", "IS", "NOT", "NULL", "THEN", "T2.driverId", "END", ")", "AS", "REAL", ")", "*", "100", "/", "COUNT", "(", "T2.driverId", ")", "FROM", "races", "AS", "T1", "INNER", "JOIN", "results", "AS", "T2", "ON", "T2.raceId", "=", "T1.raceId", "WHERE", "T1.date", "=", "'1983-07-16", "'"], "evidence_toks": ["DIVIDE", "(", "COUNT", "(", "driverid", "where", "time", ">", "0", "and", "date", "=", "'1983-07-16", "'", ")", ",", "(", "COUNT", "(", "driverid", "where", "date", "=", "'1983-07-16", "'", ")", ")", "as", "percentage"], "difficulty": "moderate"}, {"db_id": "formula_1", "question": "How many races were there in 2005? Name all the races in descending order.", "evidence": "", "SQL": "SELECT name FROM races WHERE year = 2005 ORDER BY name DESC", "question_toks": ["How", "many", "races", "were", "there", "in", "2005", "?", "Name", "all", "the", "races", "in", "descending", "order", "."], "SQL_toks": ["SELECT", "name", "FROM", "races", "WHERE", "year", "=", "2005", "ORDER", "BY", "name", "DESC"], "evidence_toks": [], "difficulty": "simple"}, {"db_id": "formula_1", "question": "State the name and date of the last round of race in year 1999.", "evidence": "the last round refers to max(round);", "SQL": "SELECT name, date FROM races WHERE year = 1999 ORDER BY round DESC LIMIT 1", "question_toks": ["State", "the", "name", "and", "date", "of", "the", "last", "round", "of", "race", "in", "year", "1999", "."], "SQL_toks": ["SELECT", "name", ",", "date", "FROM", "races", "WHERE", "year", "=", "1999", "ORDER", "BY", "round", "DESC", "LIMIT", "1"], "evidence_toks": ["the", "last", "round", "refers", "to", "max", "(", "round", ")", ";"], "difficulty": "simple"}, {"db_id": "formula_1", "question": "Which year has the most number of races?", "evidence": "the most number of races refers to max(round);", "SQL": "SELECT year FROM races GROUP BY year ORDER BY COUNT(round) DESC LIMIT 1", "question_toks": ["Which", "year", "has", "the", "most", "number", "of", "races", "?"], "SQL_toks": ["SELECT", "year", "FROM", "races", "GROUP", "BY", "year", "ORDER", "BY", "COUNT", "(", "round", ")", "DESC", "LIMIT", "1"], "evidence_toks": ["the", "most", "number", "of", "races", "refers", "to", "max", "(", "round", ")", ";"], "difficulty": "simple"}, {"db_id": "formula_1", "question": "Name the races in year 2017 that are not hosted in year 2000.", "evidence": "not hosted means not in;", "SQL": "SELECT name FROM races WHERE year = 2017 AND name NOT IN ( SELECT name FROM races WHERE year = 2000 )", "question_toks": ["Name", "the", "races", "in", "year", "2017", "that", "are", "not", "hosted", "in", "year", "2000", "."], "SQL_toks": ["SELECT", "name", "FROM", "races", "WHERE", "year", "=", "2017", "AND", "name", "NOT", "IN", "(", "SELECT", "name", "FROM", "races", "WHERE", "year", "=", "2000", ")"], "evidence_toks": ["not", "hosted", "means", "not", "in", ";"], "difficulty": "simple"}, {"db_id": "formula_1", "question": "In which country was the first European Grand Prix hosted? Name the circuit and location.", "evidence": "the first refers to min(year);", "SQL": "SELECT T1.country, T1.location FROM circuits AS T1 INNER JOIN races AS T2 ON T2.circuitID = T1.circuitId WHERE T2.name = 'European GrAND Prix' ORDER BY T2.year ASC LIMIT 1", "question_toks": ["In", "which", "country", "was", "the", "first", "European", "Grand", "Prix", "hosted", "?", "Name", "the", "circuit", "and", "location", "."], "SQL_toks": ["SELECT", "T1.country", ",", "T1.location", "FROM", "circuits", "AS", "T1", "INNER", "JOIN", "races", "AS", "T2", "ON", "T2.circuitID", "=", "T1.circuitId", "WHERE", "T2.name", "=", "'European", "GrAND", "Prix", "'", "ORDER", "BY", "T2.year", "ASC", "LIMIT", "1"], "evidence_toks": ["the", "first", "refers", "to", "min", "(", "year", ")", ";"], "difficulty": "simple"}, {"db_id": "formula_1", "question": "Name all drivers in the 2010 Singapore Grand Prix order by their position stands.", "evidence": "", "SQL": "SELECT T3.forename, T3.surname FROM races AS T1 INNER JOIN driverStandings AS T2 ON T2.raceId = T1.raceId INNER JOIN drivers AS T3 ON T3.driverId = T2.driverId WHERE T1.name = 'Singapore GrAND Prix' AND T1.year = 2010 ORDER BY T2.position ASC", "question_toks": ["Name", "all", "drivers", "in", "the", "2010", "Singapore", "Grand", "Prix", "order", "by", "their", "position", "stands", "."], "SQL_toks": ["SELECT", "T3.forename", ",", "T3.surname", "FROM", "races", "AS", "T1", "INNER", "JOIN", "driverStandings", "AS", "T2", "ON", "T2.raceId", "=", "T1.raceId", "INNER", "JOIN", "drivers", "AS", "T3", "ON", "T3.driverId", "=", "T2.driverId", "WHERE", "T1.name", "=", "'Singapore", "GrAND", "Prix", "'", "AND", "T1.year", "=", "2010", "ORDER", "BY", "T2.position", "ASC"], "evidence_toks": [], "difficulty": "simple"}, {"db_id": "formula_1", "question": "What is the best lap time recorded? List the driver and race with such recorded lap time.", "evidence": "the best lap time refers to min(time)", "SQL": "SELECT T2.milliseconds, T1.forename, T1.surname, T3.name FROM drivers AS T1 INNER JOIN lapTimes AS T2 ON T1.driverId = T2.driverId INNER JOIN races AS T3 ON T2.raceId = T3.raceId ORDER BY T2.milliseconds ASC LIMIT 1", "question_toks": ["What", "is", "the", "best", "lap", "time", "recorded", "?", "List", "the", "driver", "and", "race", "with", "such", "recorded", "lap", "time", "."], "SQL_toks": ["SELECT", "T2.milliseconds", ",", "T1.forename", ",", "T1.surname", ",", "T3.name", "FROM", "drivers", "AS", "T1", "INNER", "JOIN", "lapTimes", "AS", "T2", "ON", "T1.driverId", "=", "T2.driverId", "INNER", "JOIN", "races", "AS", "T3", "ON", "T2.raceId", "=", "T3.raceId", "ORDER", "BY", "T2.milliseconds", "ASC", "LIMIT", "1"], "evidence_toks": ["the", "best", "lap", "time", "refers", "to", "min", "(", "time", ")"], "difficulty": "moderate"}, {"db_id": "formula_1", "question": "Calculate the percentage whereby Hamilton was not at the 1st track of the the f1 circuit since 2010.", "evidence": "DIVIDE(COUNT(raceId) where surname = 'Hamilton', year > 2010 and position>1), (COUNT(raceId) where surname = 'Hamilton', year > 2010) as percentage;", "SQL": "SELECT CAST(COUNT(CASE WHEN T2.position <> 1 THEN T2.position END) AS REAL) * 100 / COUNT(T2.position) FROM races AS T1 INNER JOIN driverStandings AS T2 ON T2.raceId = T1.raceId INNER JOIN drivers AS T3 ON T3.driverId = T2.driverId WHERE T3.surname = 'Hamilton' AND T1.year > 2010", "question_toks": ["Calculate", "the", "percentage", "whereby", "Hamilton", "was", "not", "at", "the", "1st", "track", "of", "the", "the", "f1", "circuit", "since", "2010", "."], "SQL_toks": ["SELECT", "CAST", "(", "COUNT", "(", "CASE", "WHEN", "T2.position", "<", ">", "1", "THEN", "T2.position", "END", ")", "AS", "REAL", ")", "*", "100", "/", "COUNT", "(", "T2.position", ")", "FROM", "races", "AS", "T1", "INNER", "JOIN", "driverStandings", "AS", "T2", "ON", "T2.raceId", "=", "T1.raceId", "INNER", "JOIN", "drivers", "AS", "T3", "ON", "T3.driverId", "=", "T2.driverId", "WHERE", "T3.surname", "=", "'Hamilton", "'", "AND", "T1.year", ">", "2010"], "evidence_toks": ["DIVIDE", "(", "COUNT", "(", "raceId", ")", "where", "surname", "=", "'Hamilton", "'", ",", "year", ">", "2010", "and", "position", ">", "1", ")", ",", "(", "COUNT", "(", "raceId", ")", "where", "surname", "=", "'Hamilton", "'", ",", "year", ">", "2010", ")", "as", "percentage", ";"], "difficulty": "challenging"}, {"db_id": "formula_1", "question": "Name the driver with the most winning. Mention his nationality and what is his average point scores.", "evidence": "the most winning refers to MAX(COUNT(wins); avg(points);", "SQL": "SELECT T1.forename, T1.surname, T1.nationality, AVG(T2.points) FROM drivers AS T1 INNER JOIN driverStandings AS T2 ON T2.driverId = T1.driverId WHERE T2.wins = 1 GROUP BY T1.forename, T1.surname, T1.nationality ORDER BY COUNT(T2.wins) DESC LIMIT 1", "question_toks": ["Name", "the", "driver", "with", "the", "most", "winning", ".", "Mention", "his", "nationality", "and", "what", "is", "his", "average", "point", "scores", "."], "SQL_toks": ["SELECT", "T1.forename", ",", "T1.surname", ",", "T1.nationality", ",", "AVG", "(", "T2.points", ")", "FROM", "drivers", "AS", "T1", "INNER", "JOIN", "driverStandings", "AS", "T2", "ON", "T2.driverId", "=", "T1.driverId", "WHERE", "T2.wins", "=", "1", "GROUP", "BY", "T1.forename", ",", "T1.surname", ",", "T1.nationality", "ORDER", "BY", "COUNT", "(", "T2.wins", ")", "DESC", "LIMIT", "1"], "evidence_toks": ["the", "most", "winning", "refers", "to", "MAX", "(", "COUNT", "(", "wins", ")", ";", "avg", "(", "points", ")", ";"], "difficulty": "moderate"}, {"db_id": "formula_1", "question": "How old is the youngest Japanese driver? What is his name?", "evidence": "youngest Japanese driver refers to max(dob); Japanese refers to nationality = 'Japanese'; age = 2022-year(dob)+1\n", "SQL": "SELECT STRFTIME('%Y', CURRENT_TIMESTAMP) - STRFTIME('%Y', dob), forename , surname FROM drivers WHERE nationality = 'Japanese' ORDER BY dob DESC LIMIT 1", "question_toks": ["How", "old", "is", "the", "youngest", "Japanese", "driver", "?", "What", "is", "his", "name", "?"], "SQL_toks": ["SELECT", "STRFTIME", "(", "'", "%", "Y", "'", ",", "CURRENT_TIMESTAMP", ")", "-", "STRFTIME", "(", "'", "%", "Y", "'", ",", "dob", ")", ",", "forename", ",", "surname", "FROM", "drivers", "WHERE", "nationality", "=", "'Japanese", "'", "ORDER", "BY", "dob", "DESC", "LIMIT", "1"], "evidence_toks": ["youngest", "Japanese", "driver", "refers", "to", "max", "(", "dob", ")", ";", "Japanese", "refers", "to", "nationality", "=", "'Japanese", "'", ";", "age", "=", "2022-year", "(", "dob", ")", "+1"], "difficulty": "simple"}, {"db_id": "formula_1", "question": "List circuits which host 4 f1 races from year 1990 to 2000.", "evidence": "from year 1990 to 2000 refers to year(date) between 1990 and 2000; did not host any f1 races refers to COUNT(raceId) = 0", "SQL": "SELECT DISTINCT T1.name FROM circuits AS T1 INNER JOIN races AS T2 ON T2.circuitID = T1.circuitId WHERE STRFTIME('%Y', T2.date) BETWEEN '1990' AND '2000' GROUP BY T1.name HAVING COUNT(T2.raceId) = 4", "question_toks": ["List", "circuits", "which", "host", "4", "f1", "races", "from", "year", "1990", "to", "2000", "."], "SQL_toks": ["SELECT", "DISTINCT", "T1.name", "FROM", "circuits", "AS", "T1", "INNER", "JOIN", "races", "AS", "T2", "ON", "T2.circuitID", "=", "T1.circuitId", "WHERE", "STRFTIME", "(", "'", "%", "Y", "'", ",", "T2.date", ")", "BETWEEN", "'1990", "'", "AND", "'2000", "'", "GROUP", "BY", "T1.name", "HAVING", "COUNT", "(", "T2.raceId", ")", "=", "4"], "evidence_toks": ["from", "year", "1990", "to", "2000", "refers", "to", "year", "(", "date", ")", "between", "1990", "and", "2000", ";", "did", "not", "host", "any", "f1", "races", "refers", "to", "COUNT", "(", "raceId", ")", "=", "0"], "difficulty": "moderate"}, {"db_id": "formula_1", "question": "Which race was Alex Yoong in when he was in track number less than 10?", "evidence": "track number less than 10 refers to position < 10", "SQL": "SELECT T1.name FROM races AS T1 INNER JOIN driverStandings AS T2 ON T2.raceId = T1.raceId INNER JOIN drivers AS T3 ON T3.driverId = T2.driverId WHERE T3.forename = 'Alex' AND T3.surname = 'Yoong' AND T2.position < 10", "question_toks": ["Which", "race", "was", "Alex", "Yoong", "in", "when", "he", "was", "in", "track", "number", "less", "than", "10", "?"], "SQL_toks": ["SELECT", "T1.name", "FROM", "races", "AS", "T1", "INNER", "JOIN", "driverStandings", "AS", "T2", "ON", "T2.raceId", "=", "T1.raceId", "INNER", "JOIN", "drivers", "AS", "T3", "ON", "T3.driverId", "=", "T2.driverId", "WHERE", "T3.forename", "=", "'Alex", "'", "AND", "T3.surname", "=", "'Yoong", "'", "AND", "T2.position", "<", "10"], "evidence_toks": ["track", "number", "less", "than", "10", "refers", "to", "position", "<", "10"], "difficulty": "simple"}, {"db_id": "formula_1", "question": "What is Eddie Irvine's average points scored in year 2000?", "evidence": "average points = AVG(points where year = 2000)", "SQL": "SELECT AVG(T2.points) FROM drivers AS T1 INNER JOIN driverStandings AS T2 ON T2.driverId = T1.driverId INNER JOIN races AS T3 ON T3.raceId = T2.raceId WHERE T1.forename = 'Eddie' AND T1.surname = 'Irvine' AND T3.year = 2000", "question_toks": ["What", "is", "Eddie", "Irvine", "'s", "average", "points", "scored", "in", "year", "2000", "?"], "SQL_toks": ["SELECT", "AVG", "(", "T2.points", ")", "FROM", "drivers", "AS", "T1", "INNER", "JOIN", "driverStandings", "AS", "T2", "ON", "T2.driverId", "=", "T1.driverId", "INNER", "JOIN", "races", "AS", "T3", "ON", "T3.raceId", "=", "T2.raceId", "WHERE", "T1.forename", "=", "'Eddie", "'", "AND", "T1.surname", "=", "'Irvine", "'", "AND", "T3.year", "=", "2000"], "evidence_toks": ["average", "points", "=", "AVG", "(", "points", "where", "year", "=", "2000", ")"], "difficulty": "simple"}, {"db_id": "formula_1", "question": "List all races in 2017 and the hosting country order by date of the event.", "evidence": "", "SQL": "SELECT DISTINCT T2.name, T1.country FROM circuits AS T1 INNER JOIN races AS T2 ON T2.circuitID = T1.circuitId WHERE T2.year = 2017 ORDER BY T2.date ASC", "question_toks": ["List", "all", "races", "in", "2017", "and", "the", "hosting", "country", "order", "by", "date", "of", "the", "event", "."], "SQL_toks": ["SELECT", "DISTINCT", "T2.name", ",", "T1.country", "FROM", "circuits", "AS", "T1", "INNER", "JOIN", "races", "AS", "T2", "ON", "T2.circuitID", "=", "T1.circuitId", "WHERE", "T2.year", "=", "2017", "ORDER", "BY", "T2.date", "ASC"], "evidence_toks": [], "difficulty": "simple"}, {"db_id": "formula_1", "question": "Among all European Grand Prix races, what is the percentage of the races were hosted in Germany?", "evidence": "percentage = divide(COUNT(races where country = Germany and name = 'Europearn Grand Prix'),COUNT(races where name = 'Europearn Grand Prix'))*100", "SQL": "SELECT CAST(COUNT(CASE WHEN T1.country = 'Germany' THEN T2.circuitID END) AS REAL) * 100 / COUNT(T2.circuitId) FROM circuits AS T1 INNER JOIN races AS T2 ON T2.circuitID = T1.circuitId WHERE T2.name = 'European GrAND Prix'", "question_toks": ["Among", "all", "European", "Grand", "Prix", "races", ",", "what", "is", "the", "percentage", "of", "the", "races", "were", "hosted", "in", "Germany", "?"], "SQL_toks": ["SELECT", "CAST", "(", "COUNT", "(", "CASE", "WHEN", "T1.country", "=", "'Germany", "'", "THEN", "T2.circuitID", "END", ")", "AS", "REAL", ")", "*", "100", "/", "COUNT", "(", "T2.circuitId", ")", "FROM", "circuits", "AS", "T1", "INNER", "JOIN", "races", "AS", "T2", "ON", "T2.circuitID", "=", "T1.circuitId", "WHERE", "T2.name", "=", "'European", "GrAND", "Prix", "'"], "evidence_toks": ["percentage", "=", "divide", "(", "COUNT", "(", "races", "where", "country", "=", "Germany", "and", "name", "=", "'Europearn", "Grand", "Prix", "'", ")", ",", "COUNT", "(", "races", "where", "name", "=", "'Europearn", "Grand", "Prix", "'", ")", ")", "*100"], "difficulty": "moderate"}, {"db_id": "formula_1", "question": "What's the location coordinates of Silverstone Circuit?", "evidence": "location coordinates refers to (lat, lng)", "SQL": "SELECT lat, lng FROM circuits WHERE name = 'Silverstone Circuit'", "question_toks": ["What", "'s", "the", "location", "coordinates", "of", "Silverstone", "Circuit", "?"], "SQL_toks": ["SELECT", "lat", ",", "lng", "FROM", "circuits", "WHERE", "name", "=", "'Silverstone", "Circuit", "'"], "evidence_toks": ["location", "coordinates", "refers", "to", "(", "lat", ",", "lng", ")"], "difficulty": "simple"}, {"db_id": "formula_1", "question": "Which website should I go to if I want to know more about Anthony Davidson?", "evidence": "website refers to url", "SQL": "SELECT url FROM drivers WHERE forename = 'Anthony' AND surname = 'Davidson'", "question_toks": ["Which", "website", "should", "I", "go", "to", "if", "I", "want", "to", "know", "more", "about", "Anthony", "Davidson", "?"], "SQL_toks": ["SELECT", "url", "FROM", "drivers", "WHERE", "forename", "=", "'Anthony", "'", "AND", "surname", "=", "'Davidson", "'"], "evidence_toks": ["website", "refers", "to", "url"], "difficulty": "simple"}, {"db_id": "formula_1", "question": "What\u2019s Lewis Hamilton's reference name?", "evidence": "reference name refers to driverRef", "SQL": "SELECT driverRef FROM drivers WHERE forename = 'Lewis' AND surname = 'Hamilton'", "question_toks": ["What", "\u2019", "s", "Lewis", "Hamilton", "'s", "reference", "name", "?"], "SQL_toks": ["SELECT", "driverRef", "FROM", "drivers", "WHERE", "forename", "=", "'Lewis", "'", "AND", "surname", "=", "'Hamilton", "'"], "evidence_toks": ["reference", "name", "refers", "to", "driverRef"], "difficulty": "simple"}, {"db_id": "formula_1", "question": "Please list all the years that Silverstone Circuit was used in a Formula_1 race.", "evidence": "", "SQL": "SELECT DISTINCT T2.year FROM circuits AS T1 INNER JOIN races AS T2 ON T2.circuitID = T1.circuitId WHERE T1.name = 'Silverstone Circuit'", "question_toks": ["Please", "list", "all", "the", "years", "that", "Silverstone", "Circuit", "was", "used", "in", "a", "Formula_1", "race", "."], "SQL_toks": ["SELECT", "DISTINCT", "T2.year", "FROM", "circuits", "AS", "T1", "INNER", "JOIN", "races", "AS", "T2", "ON", "T2.circuitID", "=", "T1.circuitId", "WHERE", "T1.name", "=", "'Silverstone", "Circuit", "'"], "evidence_toks": [], "difficulty": "simple"}, {"db_id": "formula_1", "question": "What time did the the 2008's Formula_1 race took place on the Albert Park Grand Prix Circuit?", "evidence": "", "SQL": "SELECT T2.date, T2.time FROM circuits AS T1 INNER JOIN races AS T2 ON T2.circuitID = T1.circuitId WHERE T2.year = 2008 AND T1.name = 'Albert Park GrAND Prix Circuit'", "question_toks": ["What", "time", "did", "the", "the", "2008", "'s", "Formula_1", "race", "took", "place", "on", "the", "Albert", "Park", "Grand", "Prix", "Circuit", "?"], "SQL_toks": ["SELECT", "T2.date", ",", "T2.time", "FROM", "circuits", "AS", "T1", "INNER", "JOIN", "races", "AS", "T2", "ON", "T2.circuitID", "=", "T1.circuitId", "WHERE", "T2.year", "=", "2008", "AND", "T1.name", "=", "'Albert", "Park", "GrAND", "Prix", "Circuit", "'"], "evidence_toks": [], "difficulty": "simple"}, {"db_id": "formula_1", "question": "Which driver created the fastest lap speed in a Formula_1 race? Please give both his forename and surname.", "evidence": "the fastest lap speed refers to max(fastestLapSpeed)", "SQL": "SELECT T1.forename, T1.surname FROM drivers AS T1 INNER JOIN results AS T2 ON T2.driverId = T1.driverId WHERE T2.fastestLapTime IS NOT NULL ORDER BY T2.fastestLapSpeed DESC LIMIT 1", "question_toks": ["Which", "driver", "created", "the", "fastest", "lap", "speed", "in", "a", "Formula_1", "race", "?", "Please", "give", "both", "his", "forename", "and", "surname", "."], "SQL_toks": ["SELECT", "T1.forename", ",", "T1.surname", "FROM", "drivers", "AS", "T1", "INNER", "JOIN", "results", "AS", "T2", "ON", "T2.driverId", "=", "T1.driverId", "WHERE", "T2.fastestLapTime", "IS", "NOT", "NULL", "ORDER", "BY", "T2.fastestLapSpeed", "DESC", "LIMIT", "1"], "evidence_toks": ["the", "fastest", "lap", "speed", "refers", "to", "max", "(", "fastestLapSpeed", ")"], "difficulty": "simple"}, {"db_id": "formula_1", "question": "Which driver ranked the first in the Australian Grand Prix in 2008? Please give his reference name.", "evidence": "reference name refers to driverRef", "SQL": "SELECT T3.forename, T3.surname, T3.driverRef FROM races AS T1 INNER JOIN results AS T2 ON T2.raceId = T1.raceId INNER JOIN drivers AS T3 ON T3.driverId = T2.driverId WHERE T1.name = 'Australian GrAND Prix' AND T2.rank = 1 AND T1.year = 2008", "question_toks": ["Which", "driver", "ranked", "the", "first", "in", "the", "Australian", "Grand", "Prix", "in", "2008", "?", "Please", "give", "his", "reference", "name", "."], "SQL_toks": ["SELECT", "T3.forename", ",", "T3.surname", ",", "T3.driverRef", "FROM", "races", "AS", "T1", "INNER", "JOIN", "results", "AS", "T2", "ON", "T2.raceId", "=", "T1.raceId", "INNER", "JOIN", "drivers", "AS", "T3", "ON", "T3.driverId", "=", "T2.driverId", "WHERE", "T1.name", "=", "'Australian", "GrAND", "Prix", "'", "AND", "T2.rank", "=", "1", "AND", "T1.year", "=", "2008"], "evidence_toks": ["reference", "name", "refers", "to", "driverRef"], "difficulty": "moderate"}, {"db_id": "formula_1", "question": "In which Formula_1 race did Lewis Hamilton rank the highest?", "evidence": "rank the highest refers to min(rank)", "SQL": "SELECT name FROM races WHERE raceId IN ( SELECT raceId FROM results WHERE rank = 1 AND driverId = ( SELECT driverId FROM drivers WHERE forename = 'Lewis' AND surname = 'Hamilton' ) )", "question_toks": ["In", "which", "Formula_1", "race", "did", "Lewis", "Hamilton", "rank", "the", "highest", "?"], "SQL_toks": ["SELECT", "name", "FROM", "races", "WHERE", "raceId", "IN", "(", "SELECT", "raceId", "FROM", "results", "WHERE", "rank", "=", "1", "AND", "driverId", "=", "(", "SELECT", "driverId", "FROM", "drivers", "WHERE", "forename", "=", "'Lewis", "'", "AND", "surname", "=", "'Hamilton", "'", ")", ")"], "evidence_toks": ["rank", "the", "highest", "refers", "to", "min", "(", "rank", ")"], "difficulty": "simple"}, {"db_id": "formula_1", "question": "What was the fastest lap speed among all drivers in the 2009 Spanish Grand Prix?", "evidence": "the fastest lap speed refers to max(fastestLapSpeed)", "SQL": "SELECT T2.fastestLapSpeed FROM races AS T1 INNER JOIN results AS T2 ON T2.raceId = T1.raceId WHERE T1.name = 'Spanish GrAND Prix' AND T1.year = 2009 AND T2.fastestLapSpeed IS NOT NULL ORDER BY T2.fastestLapSpeed DESC LIMIT 1", "question_toks": ["What", "was", "the", "fastest", "lap", "speed", "among", "all", "drivers", "in", "the", "2009", "Spanish", "Grand", "Prix", "?"], "SQL_toks": ["SELECT", "T2.fastestLapSpeed", "FROM", "races", "AS", "T1", "INNER", "JOIN", "results", "AS", "T2", "ON", "T2.raceId", "=", "T1.raceId", "WHERE", "T1.name", "=", "'Spanish", "GrAND", "Prix", "'", "AND", "T1.year", "=", "2009", "AND", "T2.fastestLapSpeed", "IS", "NOT", "NULL", "ORDER", "BY", "T2.fastestLapSpeed", "DESC", "LIMIT", "1"], "evidence_toks": ["the", "fastest", "lap", "speed", "refers", "to", "max", "(", "fastestLapSpeed", ")"], "difficulty": "moderate"}, {"db_id": "formula_1", "question": "What was Lewis Hamilton's order of position in the 2008 Australian Grand Prix?", "evidence": "order of position refers to positionOrder", "SQL": "SELECT T2.positionOrder FROM races AS T1 INNER JOIN results AS T2 ON T2.raceId = T1.raceId INNER JOIN drivers AS T3 ON T3.driverId = T2.driverId WHERE T3.forename = 'Lewis' AND T3.surname = 'Hamilton' AND T1.name = 'Australian GrAND Prix' AND T1.year = 2008", "question_toks": ["What", "was", "Lewis", "Hamilton", "'s", "order", "of", "position", "in", "the", "2008", "Australian", "Grand", "Prix", "?"], "SQL_toks": ["SELECT", "T2.positionOrder", "FROM", "races", "AS", "T1", "INNER", "JOIN", "results", "AS", "T2", "ON", "T2.raceId", "=", "T1.raceId", "INNER", "JOIN", "drivers", "AS", "T3", "ON", "T3.driverId", "=", "T2.driverId", "WHERE", "T3.forename", "=", "'Lewis", "'", "AND", "T3.surname", "=", "'Hamilton", "'", "AND", "T1.name", "=", "'Australian", "GrAND", "Prix", "'", "AND", "T1.year", "=", "2008"], "evidence_toks": ["order", "of", "position", "refers", "to", "positionOrder"], "difficulty": "moderate"}, {"db_id": "formula_1", "question": "Which driver was in the no. 4 grid formation when starting the race in 2008's Australian Grand Prix? Please give his forename and surname.", "evidence": "the no. 4 grid formation refers to grid = 4", "SQL": "SELECT T3.forename, T3.surname FROM races AS T1 INNER JOIN results AS T2 ON T2.raceId = T1.raceId INNER JOIN drivers AS T3 ON T3.driverId = T2.driverId WHERE T2.grid = 4 AND T1.name = 'Australian GrAND Prix' AND T1.year = 2008", "question_toks": ["Which", "driver", "was", "in", "the", "no", ".", "4", "grid", "formation", "when", "starting", "the", "race", "in", "2008", "'s", "Australian", "Grand", "Prix", "?", "Please", "give", "his", "forename", "and", "surname", "."], "SQL_toks": ["SELECT", "T3.forename", ",", "T3.surname", "FROM", "races", "AS", "T1", "INNER", "JOIN", "results", "AS", "T2", "ON", "T2.raceId", "=", "T1.raceId", "INNER", "JOIN", "drivers", "AS", "T3", "ON", "T3.driverId", "=", "T2.driverId", "WHERE", "T2.grid", "=", "4", "AND", "T1.name", "=", "'Australian", "GrAND", "Prix", "'", "AND", "T1.year", "=", "2008"], "evidence_toks": ["the", "no", ".", "4", "grid", "formation", "refers", "to", "grid", "=", "4"], "difficulty": "moderate"}, {"db_id": "formula_1", "question": "What's the finish time for the driver who ranked second in 2008's Australian Grand Prix?", "evidence": "finish time refers to time", "SQL": "SELECT T1.time FROM results AS T1 INNER JOIN races AS T2 on T1.raceId = T2.raceId WHERE T1.rank = 2 AND T2.name = 'Australian GrAND Prix' AND T2.year = 2008", "question_toks": ["What", "'s", "the", "finish", "time", "for", "the", "driver", "who", "ranked", "second", "in", "2008", "'s", "Australian", "Grand", "Prix", "?"], "SQL_toks": ["SELECT", "T1.time", "FROM", "results", "AS", "T1", "INNER", "JOIN", "races", "AS", "T2", "on", "T1.raceId", "=", "T2.raceId", "WHERE", "T1.rank", "=", "2", "AND", "T2.name", "=", "'Australian", "GrAND", "Prix", "'", "AND", "T2.year", "=", "2008"], "evidence_toks": ["finish", "time", "refers", "to", "time"], "difficulty": "simple"}, {"db_id": "formula_1", "question": "Who was the champion of 2008's Australian Grand Prix and where can I know more about him?", "evidence": "the champion refers to rank = 1; where can I know more refers to url", "SQL": "SELECT T1.forename, T1.surname, T1.url FROM drivers AS T1 INNER JOIN results AS T2 ON T1.driverId = T2.driverId INNER JOIN races AS T3 ON T3.raceId = T2.raceId WHERE T3.name = 'Australian GrAND Prix' AND T2.rank = 1 AND T3.year = 2008", "question_toks": ["Who", "was", "the", "champion", "of", "2008", "'s", "Australian", "Grand", "Prix", "and", "where", "can", "I", "know", "more", "about", "him", "?"], "SQL_toks": ["SELECT", "T1.forename", ",", "T1.surname", ",", "T1.url", "FROM", "drivers", "AS", "T1", "INNER", "JOIN", "results", "AS", "T2", "ON", "T1.driverId", "=", "T2.driverId", "INNER", "JOIN", "races", "AS", "T3", "ON", "T3.raceId", "=", "T2.raceId", "WHERE", "T3.name", "=", "'Australian", "GrAND", "Prix", "'", "AND", "T2.rank", "=", "1", "AND", "T3.year", "=", "2008"], "evidence_toks": ["the", "champion", "refers", "to", "rank", "=", "1", ";", "where", "can", "I", "know", "more", "refers", "to", "url"], "difficulty": "moderate"}, {"db_id": "formula_1", "question": "How many drivers from the USA participated in the 2008 Australian Grand Prix?", "evidence": "from the USA refers to nationality = 'American'", "SQL": "SELECT COUNT(*) FROM drivers AS T1 INNER JOIN results AS T2 ON T1.driverId = T2.driverId INNER JOIN races AS T3 ON T3.raceId = T2.raceId WHERE T3.name = 'Australian GrAND Prix' AND T1.nationality = 'American' AND T3.year = 2008", "question_toks": ["How", "many", "drivers", "from", "the", "USA", "participated", "in", "the", "2008", "Australian", "Grand", "Prix", "?"], "SQL_toks": ["SELECT", "COUNT", "(", "*", ")", "FROM", "drivers", "AS", "T1", "INNER", "JOIN", "results", "AS", "T2", "ON", "T1.driverId", "=", "T2.driverId", "INNER", "JOIN", "races", "AS", "T3", "ON", "T3.raceId", "=", "T2.raceId", "WHERE", "T3.name", "=", "'Australian", "GrAND", "Prix", "'", "AND", "T1.nationality", "=", "'American", "'", "AND", "T3.year", "=", "2008"], "evidence_toks": ["from", "the", "USA", "refers", "to", "nationality", "=", "'American", "'"], "difficulty": "moderate"}, {"db_id": "formula_1", "question": "Among the drivers that finished the race in the 2008 Australian Grand Prix, how many of them have participated in Formula_1 races?", "evidence": "COUNT(raceID) > 0 reveals that this driver participated in races.", "SQL": "SELECT COUNT(T1.driverId) FROM results AS T1 INNER JOIN races AS T2 on T1.raceId = T2.raceId WHERE T2.name = 'Australian GrAND Prix' AND T2.year = 2008 GROUP BY T1.driverId HAVING COUNT(T2.raceId) > 0", "question_toks": ["Among", "the", "drivers", "that", "finished", "the", "race", "in", "the", "2008", "Australian", "Grand", "Prix", ",", "how", "many", "of", "them", "have", "participated", "in", "Formula_1", "races", "?"], "SQL_toks": ["SELECT", "COUNT", "(", "T1.driverId", ")", "FROM", "results", "AS", "T1", "INNER", "JOIN", "races", "AS", "T2", "on", "T1.raceId", "=", "T2.raceId", "WHERE", "T2.name", "=", "'Australian", "GrAND", "Prix", "'", "AND", "T2.year", "=", "2008", "GROUP", "BY", "T1.driverId", "HAVING", "COUNT", "(", "T2.raceId", ")", ">", "0"], "evidence_toks": ["COUNT", "(", "raceID", ")", ">", "0", "reveals", "that", "this", "driver", "participated", "in", "races", "."], "difficulty": "moderate"}, {"db_id": "formula_1", "question": "How many points did Lewis Hamilton get in total in all the Formula_1 races he participated?", "evidence": "", "SQL": "SELECT SUM(T2.points) FROM drivers AS T1 INNER JOIN results AS T2 ON T1.driverId = T2.driverId WHERE T1.forename = 'Lewis' AND T1.surname = 'Hamilton' ORDER BY T2.points DESC LIMIT 1", "question_toks": ["How", "many", "points", "did", "Lewis", "Hamilton", "get", "in", "total", "in", "all", "the", "Formula_1", "races", "he", "participated", "?"], "SQL_toks": ["SELECT", "SUM", "(", "T2.points", ")", "FROM", "drivers", "AS", "T1", "INNER", "JOIN", "results", "AS", "T2", "ON", "T1.driverId", "=", "T2.driverId", "WHERE", "T1.forename", "=", "'Lewis", "'", "AND", "T1.surname", "=", "'Hamilton", "'", "ORDER", "BY", "T2.points", "DESC", "LIMIT", "1"], "evidence_toks": [], "difficulty": "simple"}, {"db_id": "formula_1", "question": "What is the average fastest lap time for Lewis Hamilton in all the Formula_1 races?", "evidence": "average fastest lap time = avg(fastestLapTime)", "SQL": "SELECT AVG(T2.fastestLapTime) FROM drivers AS T1 INNER JOIN results AS T2 ON T1.driverId = T2.driverId WHERE T1.surname = 'Hamilton' AND T1.forename = 'Lewis'", "question_toks": ["What", "is", "the", "average", "fastest", "lap", "time", "for", "Lewis", "Hamilton", "in", "all", "the", "Formula_1", "races", "?"], "SQL_toks": ["SELECT", "AVG", "(", "T2.fastestLapTime", ")", "FROM", "drivers", "AS", "T1", "INNER", "JOIN", "results", "AS", "T2", "ON", "T1.driverId", "=", "T2.driverId", "WHERE", "T1.surname", "=", "'Hamilton", "'", "AND", "T1.forename", "=", "'Lewis", "'"], "evidence_toks": ["average", "fastest", "lap", "time", "=", "avg", "(", "fastestLapTime", ")"], "difficulty": "simple"}, {"db_id": "formula_1", "question": "How much faster in percentage is the champion than the driver who finished the race last in the 2008 Australian Grand Prix?", "evidence": "how much faster in percentage = divide(subtract(max(time), min(time)), min(time)) * 100%", "SQL": "SELECT CAST((MAX(T2.time) - MIN(T2.time)) AS REAL) * 100 / MIN(T2.time) FROM results AS T1 INNER JOIN races AS T2 ON T1.raceId = T2.raceId WHERE T2.name = 'Australian GrAND Prix' AND T2.time IS NOT NULL AND T2.year = 2008", "question_toks": ["How", "much", "faster", "in", "percentage", "is", "the", "champion", "than", "the", "driver", "who", "finished", "the", "race", "last", "in", "the", "2008", "Australian", "Grand", "Prix", "?"], "SQL_toks": ["SELECT", "CAST", "(", "(", "MAX", "(", "T2.time", ")", "-", "MIN", "(", "T2.time", ")", ")", "AS", "REAL", ")", "*", "100", "/", "MIN", "(", "T2.time", ")", "FROM", "results", "AS", "T1", "INNER", "JOIN", "races", "AS", "T2", "ON", "T1.raceId", "=", "T2.raceId", "WHERE", "T2.name", "=", "'Australian", "GrAND", "Prix", "'", "AND", "T2.time", "IS", "NOT", "NULL", "AND", "T2.year", "=", "2008"], "evidence_toks": ["how", "much", "faster", "in", "percentage", "=", "divide", "(", "subtract", "(", "max", "(", "time", ")", ",", "min", "(", "time", ")", ")", ",", "min", "(", "time", ")", ")", "*", "100", "%"], "difficulty": "moderate"}, {"db_id": "formula_1", "question": "Please list the location coordinates of the US circuits.", "evidence": "location coordinates refers to (lat, lng); the US refers to country = 'USA';", "SQL": "SELECT lat, lng FROM circuits WHERE country = 'USA'", "question_toks": ["Please", "list", "the", "location", "coordinates", "of", "the", "US", "circuits", "."], "SQL_toks": ["SELECT", "lat", ",", "lng", "FROM", "circuits", "WHERE", "country", "=", "'USA", "'"], "evidence_toks": ["location", "coordinates", "refers", "to", "(", "lat", ",", "lng", ")", ";", "the", "US", "refers", "to", "country", "=", "'USA", "'", ";"], "difficulty": "simple"}, {"db_id": "formula_1", "question": "Which constructor has the highest point?", "evidence": "", "SQL": "SELECT T2.name FROM constructorStandings AS T1 INNER JOIN constructors AS T2 on T1.constructorId = T2.constructorId ORDER BY T1.points DESC LIMIT 1", "question_toks": ["Which", "constructor", "has", "the", "highest", "point", "?"], "SQL_toks": ["SELECT", "T2.name", "FROM", "constructorStandings", "AS", "T1", "INNER", "JOIN", "constructors", "AS", "T2", "on", "T1.constructorId", "=", "T2.constructorId", "ORDER", "BY", "T1.points", "DESC", "LIMIT", "1"], "evidence_toks": [], "difficulty": "simple"}, {"db_id": "formula_1", "question": "Please list the constructor names with 0 points at race 291.", "evidence": "race at 18 refers to raceID = 18;", "SQL": "SELECT T2.name FROM constructorStandings AS T1 INNER JOIN constructors AS T2 on T1.constructorId = T2.constructorId WHERE T1.points = 0 AND T1.raceId = 291", "question_toks": ["Please", "list", "the", "constructor", "names", "with", "0", "points", "at", "race", "291", "."], "SQL_toks": ["SELECT", "T2.name", "FROM", "constructorStandings", "AS", "T1", "INNER", "JOIN", "constructors", "AS", "T2", "on", "T1.constructorId", "=", "T2.constructorId", "WHERE", "T1.points", "=", "0", "AND", "T1.raceId", "=", "291"], "evidence_toks": ["race", "at", "18", "refers", "to", "raceID", "=", "18", ";"], "difficulty": "simple"}, {"db_id": "formula_1", "question": "How many Japanese constructors have 0 points in 2 races?", "evidence": "2 races refers to COUNT(raceID) = 2;", "SQL": "SELECT COUNT(T1.raceId) FROM constructorStandings AS T1 INNER JOIN constructors AS T2 on T1.constructorId = T2.constructorId WHERE T1.points = 0 AND T2.nationality = 'Japanese' GROUP BY T1.constructorId HAVING COUNT(raceId) = 2", "question_toks": ["How", "many", "Japanese", "constructors", "have", "0", "points", "in", "2", "races", "?"], "SQL_toks": ["SELECT", "COUNT", "(", "T1.raceId", ")", "FROM", "constructorStandings", "AS", "T1", "INNER", "JOIN", "constructors", "AS", "T2", "on", "T1.constructorId", "=", "T2.constructorId", "WHERE", "T1.points", "=", "0", "AND", "T2.nationality", "=", "'Japanese", "'", "GROUP", "BY", "T1.constructorId", "HAVING", "COUNT", "(", "raceId", ")", "=", "2"], "evidence_toks": ["2", "races", "refers", "to", "COUNT", "(", "raceID", ")", "=", "2", ";"], "difficulty": "simple"}, {"db_id": "formula_1", "question": "Which constructors have been ranked 1?", "evidence": "", "SQL": "SELECT DISTINCT T2.name FROM results AS T1 INNER JOIN constructors AS T2 on T1.constructorId = T2.constructorId WHERE T1.rank = 1", "question_toks": ["Which", "constructors", "have", "been", "ranked", "1", "?"], "SQL_toks": ["SELECT", "DISTINCT", "T2.name", "FROM", "results", "AS", "T1", "INNER", "JOIN", "constructors", "AS", "T2", "on", "T1.constructorId", "=", "T2.constructorId", "WHERE", "T1.rank", "=", "1"], "evidence_toks": [], "difficulty": "simple"}, {"db_id": "formula_1", "question": "Which drivers born after 1975 have been ranked 2? Please give their forenames and surnames.", "evidence": "born after 1975 refers to year(dob) >1975;", "SQL": "SELECT T2.forename, T2.surname FROM results AS T1 INNER JOIN drivers AS T2 on T1.driverId = T2.driverId WHERE STRFTIME('%Y', T2.dob) > '1975' AND T1.rank = 2", "question_toks": ["Which", "drivers", "born", "after", "1975", "have", "been", "ranked", "2", "?", "Please", "give", "their", "forenames", "and", "surnames", "."], "SQL_toks": ["SELECT", "T2.forename", ",", "T2.surname", "FROM", "results", "AS", "T1", "INNER", "JOIN", "drivers", "AS", "T2", "on", "T1.driverId", "=", "T2.driverId", "WHERE", "STRFTIME", "(", "'", "%", "Y", "'", ",", "T2.dob", ")", ">", "'1975", "'", "AND", "T1.rank", "=", "2"], "evidence_toks": ["born", "after", "1975", "refers", "to", "year", "(", "dob", ")", ">", "1975", ";"], "difficulty": "simple"}, {"db_id": "formula_1", "question": "How many Italian drivers haven't finished the race?", "evidence": "haven't finished the race refers to time is null;", "SQL": "SELECT COUNT(T1.driverId) FROM results AS T1 INNER JOIN drivers AS T2 on T1.driverId = T2.driverId WHERE T2.nationality = 'Italian' AND T1.time IS NULL", "question_toks": ["How", "many", "Italian", "drivers", "have", "n't", "finished", "the", "race", "?"], "SQL_toks": ["SELECT", "COUNT", "(", "T1.driverId", ")", "FROM", "results", "AS", "T1", "INNER", "JOIN", "drivers", "AS", "T2", "on", "T1.driverId", "=", "T2.driverId", "WHERE", "T2.nationality", "=", "'Italian", "'", "AND", "T1.time", "IS", "NULL"], "evidence_toks": ["have", "n't", "finished", "the", "race", "refers", "to", "time", "is", "null", ";"], "difficulty": "simple"}, {"db_id": "formula_1", "question": "What is the average of fastest lap speed in the 2009 Spanish Grand Prix race?", "evidence": "Spanish Grand Prix is the name of race refers to name = 'Spanish Grand Prix'; average fastest lap speed refers to avg(fastestLapSpeed);", "SQL": "SELECT AVG(T1.fastestLapSpeed) FROM results AS T1 INNER JOIN races AS T2 on T1.raceId = T2.raceId WHERE T2.year = 2009 AND T2.name = 'Spanish GrAND Prix'", "question_toks": ["What", "is", "the", "average", "of", "fastest", "lap", "speed", "in", "the", "2009", "Spanish", "Grand", "Prix", "race", "?"], "SQL_toks": ["SELECT", "AVG", "(", "T1.fastestLapSpeed", ")", "FROM", "results", "AS", "T1", "INNER", "JOIN", "races", "AS", "T2", "on", "T1.raceId", "=", "T2.raceId", "WHERE", "T2.year", "=", "2009", "AND", "T2.name", "=", "'Spanish", "GrAND", "Prix", "'"], "evidence_toks": ["Spanish", "Grand", "Prix", "is", "the", "name", "of", "race", "refers", "to", "name", "=", "'Spanish", "Grand", "Prix", "'", ";", "average", "fastest", "lap", "speed", "refers", "to", "avg", "(", "fastestLapSpeed", ")", ";"], "difficulty": "moderate"}, {"db_id": "formula_1", "question": "Which race has the shortest actual finishing time? Please give the name and year.", "evidence": "shortest actual finishing time refers to Min(milliseconds) except milliseconds = null;", "SQL": "SELECT T1.name, T1.year FROM races AS T1 INNER JOIN results AS T2 on T1.raceId = T2.raceId ORDER BY T2.milliseconds LIMIT 1", "question_toks": ["Which", "race", "has", "the", "shortest", "actual", "finishing", "time", "?", "Please", "give", "the", "name", "and", "year", "."], "SQL_toks": ["SELECT", "T1.name", ",", "T1.year", "FROM", "races", "AS", "T1", "INNER", "JOIN", "results", "AS", "T2", "on", "T1.raceId", "=", "T2.raceId", "ORDER", "BY", "T2.milliseconds", "LIMIT", "1"], "evidence_toks": ["shortest", "actual", "finishing", "time", "refers", "to", "Min", "(", "milliseconds", ")", "except", "milliseconds", "=", "null", ";"], "difficulty": "simple"}, {"db_id": "formula_1", "question": "How many French drivers who obtain the laptime less than 01:00.00?", "evidence": "lap time less than 01:00.00 refers to time<'01:00.00';", "SQL": "SELECT COUNT(T1.driverId) FROM drivers AS T1 INNER JOIN lapTimes AS T2 on T1.driverId = T2.driverId WHERE T1.Nationality = 'French' AND T2.time < '01:00.00'", "question_toks": ["How", "many", "French", "drivers", "who", "obtain", "the", "laptime", "less", "than", "01:00.00", "?"], "SQL_toks": ["SELECT", "COUNT", "(", "T1.driverId", ")", "FROM", "drivers", "AS", "T1", "INNER", "JOIN", "lapTimes", "AS", "T2", "on", "T1.driverId", "=", "T2.driverId", "WHERE", "T1.Nationality", "=", "'French", "'", "AND", "T2.time", "<", "'01:00.00", "'"], "evidence_toks": ["lap", "time", "less", "than", "01:00.00", "refers", "to", "time", "<", "'01:00.00", "'", ";"], "difficulty": "simple"}, {"db_id": "formula_1", "question": "List out the code for drivers who have nationality in America.", "evidence": "nationality = 'America'", "SQL": "SELECT code FROM drivers WHERE Nationality = 'American'", "question_toks": ["List", "out", "the", "code", "for", "drivers", "who", "have", "nationality", "in", "America", "."], "SQL_toks": ["SELECT", "code", "FROM", "drivers", "WHERE", "Nationality", "=", "'American", "'"], "evidence_toks": ["nationality", "=", "'America", "'"], "difficulty": "simple"}, {"db_id": "formula_1", "question": "List out the Id number of races which were hold in 2009.", "evidence": "", "SQL": "SELECT raceId FROM races WHERE year = 2009", "question_toks": ["List", "out", "the", "Id", "number", "of", "races", "which", "were", "hold", "in", "2009", "."], "SQL_toks": ["SELECT", "raceId", "FROM", "races", "WHERE", "year", "=", "2009"], "evidence_toks": [], "difficulty": "simple"}, {"db_id": "formula_1", "question": "What is reference name of Robert Kubica?", "evidence": "reference name refers to driverRef;", "SQL": "SELECT driverRef FROM drivers WHERE forename = 'Robert' AND surname = 'Kubica'", "question_toks": ["What", "is", "reference", "name", "of", "Robert", "Kubica", "?"], "SQL_toks": ["SELECT", "driverRef", "FROM", "drivers", "WHERE", "forename", "=", "'Robert", "'", "AND", "surname", "=", "'Kubica", "'"], "evidence_toks": ["reference", "name", "refers", "to", "driverRef", ";"], "difficulty": "simple"}, {"db_id": "formula_1", "question": "How many Australian drivers who were born in 1980?", "evidence": "born in 1980 refers to year(dob) = 1980;", "SQL": "SELECT COUNT(driverId) FROM drivers WHERE nationality = 'Australian' AND STRFTIME('%Y', dob) = '1980'", "question_toks": ["How", "many", "Australian", "drivers", "who", "were", "born", "in", "1980", "?"], "SQL_toks": ["SELECT", "COUNT", "(", "driverId", ")", "FROM", "drivers", "WHERE", "nationality", "=", "'Australian", "'", "AND", "STRFTIME", "(", "'", "%", "Y", "'", ",", "dob", ")", "=", "'1980", "'"], "evidence_toks": ["born", "in", "1980", "refers", "to", "year", "(", "dob", ")", "=", "1980", ";"], "difficulty": "simple"}, {"db_id": "formula_1", "question": "List out top 3 German drivers who were born from 1980-1990 and have the earliest lap time.", "evidence": "born from 1980-1990 refers to year(dob) between 1980 and 1990; earliest lap time refers to Min(time);", "SQL": "SELECT T2.driverId FROM pitStops AS T1 INNER JOIN drivers AS T2 on T1.driverId = T2.driverId WHERE T2.nationality = 'German' AND STRFTIME('%Y', T2.dob) BETWEEN '1980' AND '1990' ORDER BY T1.time LIMIT 3", "question_toks": ["List", "out", "top", "3", "German", "drivers", "who", "were", "born", "from", "1980-1990", "and", "have", "the", "earliest", "lap", "time", "."], "SQL_toks": ["SELECT", "T2.driverId", "FROM", "pitStops", "AS", "T1", "INNER", "JOIN", "drivers", "AS", "T2", "on", "T1.driverId", "=", "T2.driverId", "WHERE", "T2.nationality", "=", "'German", "'", "AND", "STRFTIME", "(", "'", "%", "Y", "'", ",", "T2.dob", ")", "BETWEEN", "'1980", "'", "AND", "'1990", "'", "ORDER", "BY", "T1.time", "LIMIT", "3"], "evidence_toks": ["born", "from", "1980-1990", "refers", "to", "year", "(", "dob", ")", "between", "1980", "and", "1990", ";", "earliest", "lap", "time", "refers", "to", "Min", "(", "time", ")", ";"], "difficulty": "moderate"}, {"db_id": "formula_1", "question": "Please state the reference name of the oldest Japanese driver.", "evidence": "oldest refers to Min(year(dob));", "SQL": "SELECT T2.driverId, T2.code FROM lapTimes AS T1 INNER JOIN drivers AS T2 on T1.driverId = T2.driverId WHERE STRFTIME('%Y', T2.dob) = '1971' ORDER BY T1.time LIMIT 1", "question_toks": ["Please", "state", "the", "reference", "name", "of", "the", "oldest", "Japanese", "driver", "."], "SQL_toks": ["SELECT", "T2.driverId", ",", "T2.code", "FROM", "lapTimes", "AS", "T1", "INNER", "JOIN", "drivers", "AS", "T2", "on", "T1.driverId", "=", "T2.driverId", "WHERE", "STRFTIME", "(", "'", "%", "Y", "'", ",", "T2.dob", ")", "=", "'1971", "'", "ORDER", "BY", "T1.time", "LIMIT", "1"], "evidence_toks": ["oldest", "refers", "to", "Min", "(", "year", "(", "dob", ")", ")", ";"], "difficulty": "simple"}, {"db_id": "formula_1", "question": "Which drivers who were born in 1971 and has the fastest lap time on the race? Give id and code of these drivers.", "evidence": "born in 1971 refers to year(dob) = 1971; fastest lap time refers to Min(time);", "SQL": "SELECT T2.driverId, T2.code FROM lapTimes AS T1 INNER JOIN drivers AS T2 on T1.driverId = T2.driverId WHERE STRFTIME('%Y', T2.dob) = '1971' ORDER BY T1.time LIMIT 1", "question_toks": ["Which", "drivers", "who", "were", "born", "in", "1971", "and", "has", "the", "fastest", "lap", "time", "on", "the", "race", "?", "Give", "id", "and", "code", "of", "these", "drivers", "."], "SQL_toks": ["SELECT", "T2.driverId", ",", "T2.code", "FROM", "lapTimes", "AS", "T1", "INNER", "JOIN", "drivers", "AS", "T2", "on", "T1.driverId", "=", "T2.driverId", "WHERE", "STRFTIME", "(", "'", "%", "Y", "'", ",", "T2.dob", ")", "=", "'1971", "'", "ORDER", "BY", "T1.time", "LIMIT", "1"], "evidence_toks": ["born", "in", "1971", "refers", "to", "year", "(", "dob", ")", "=", "1971", ";", "fastest", "lap", "time", "refers", "to", "Min", "(", "time", ")", ";"], "difficulty": "moderate"}, {"db_id": "formula_1", "question": "List out top 10 Spanish drivers who were born before 1982 and have the latest lap time.", "evidence": "born before 1965 refers to year(dob)<1965; latest lap time refers to Max(time);", "SQL": "SELECT T2.driverId FROM pitStops AS T1 INNER JOIN drivers AS T2 on T1.driverId = T2.driverId WHERE T2.nationality = 'Spanish' AND STRFTIME('%Y', T2.dob) < '1982' ORDER BY T1.time DESC LIMIT 10", "question_toks": ["List", "out", "top", "10", "Spanish", "drivers", "who", "were", "born", "before", "1982", "and", "have", "the", "latest", "lap", "time", "."], "SQL_toks": ["SELECT", "T2.driverId", "FROM", "pitStops", "AS", "T1", "INNER", "JOIN", "drivers", "AS", "T2", "on", "T1.driverId", "=", "T2.driverId", "WHERE", "T2.nationality", "=", "'Spanish", "'", "AND", "STRFTIME", "(", "'", "%", "Y", "'", ",", "T2.dob", ")", "<", "'1982", "'", "ORDER", "BY", "T1.time", "DESC", "LIMIT", "10"], "evidence_toks": ["born", "before", "1965", "refers", "to", "year", "(", "dob", ")", "<", "1965", ";", "latest", "lap", "time", "refers", "to", "Max", "(", "time", ")", ";"], "difficulty": "moderate"}, {"db_id": "formula_1", "question": "Which year has the lowest speed of lap time?", "evidence": "lowest speed of lap time refers to Max(time);", "SQL": "SELECT T2.year FROM lapTimes AS T1 INNER JOIN races AS T2 on T1.raceId = T2.raceId ORDER BY T1.time DESC LIMIT 1", "question_toks": ["Which", "year", "has", "the", "lowest", "speed", "of", "lap", "time", "?"], "SQL_toks": ["SELECT", "T2.year", "FROM", "lapTimes", "AS", "T1", "INNER", "JOIN", "races", "AS", "T2", "on", "T1.raceId", "=", "T2.raceId", "ORDER", "BY", "T1.time", "DESC", "LIMIT", "1"], "evidence_toks": ["lowest", "speed", "of", "lap", "time", "refers", "to", "Max", "(", "time", ")", ";"], "difficulty": "simple"}, {"db_id": "formula_1", "question": "List the driver's ID of the top five driver, by descending order, the fastest time during the first lap of the race.", "evidence": "fastest time refers to Min(time);", "SQL": "SELECT driverId FROM lapTimes WHERE lap = 1 ORDER BY time LIMIT 5", "question_toks": ["List", "the", "driver", "'s", "ID", "of", "the", "top", "five", "driver", ",", "by", "descending", "order", ",", "the", "fastest", "time", "during", "the", "first", "lap", "of", "the", "race", "."], "SQL_toks": ["SELECT", "driverId", "FROM", "lapTimes", "WHERE", "lap", "=", "1", "ORDER", "BY", "time", "LIMIT", "5"], "evidence_toks": ["fastest", "time", "refers", "to", "Min", "(", "time", ")", ";"], "difficulty": "simple"}, {"db_id": "formula_1", "question": "From race nos. 50 to 100, how many finishers have been disqualified?", "evidence": "disqualified refers to statusID = 2, finisher refers to time! = null; race no. refers to raceId; raceId>50 and raceId<100;", "SQL": "SELECT SUM(IIF(time IS NULL, 1, 0)) FROM results WHERE statusId = 2 AND raceID < 100 AND raceId > 50", "question_toks": ["From", "race", "nos", ".", "50", "to", "100", ",", "how", "many", "finishers", "have", "been", "disqualified", "?"], "SQL_toks": ["SELECT", "SUM", "(", "IIF", "(", "time", "IS", "NULL", ",", "1", ",", "0", ")", ")", "FROM", "results", "WHERE", "statusId", "=", "2", "AND", "raceID", "<", "100", "AND", "raceId", ">", "50"], "evidence_toks": ["disqualified", "refers", "to", "statusID", "=", "2", ",", "finisher", "refers", "to", "time", "!", "=", "null", ";", "race", "no", ".", "refers", "to", "raceId", ";", "raceId", ">", "50", "and", "raceId", "<", "100", ";"], "difficulty": "simple"}, {"db_id": "formula_1", "question": "How many times the circuits were held in Austria? Please give their location and coordinates.", "evidence": "location coordinates refers to (lat,lng);", "SQL": "SELECT DISTINCT location, lat, lng FROM circuits WHERE country = 'Austria'", "question_toks": ["How", "many", "times", "the", "circuits", "were", "held", "in", "Austria", "?", "Please", "give", "their", "location", "and", "coordinates", "."], "SQL_toks": ["SELECT", "DISTINCT", "location", ",", "lat", ",", "lng", "FROM", "circuits", "WHERE", "country", "=", "'Austria", "'"], "evidence_toks": ["location", "coordinates", "refers", "to", "(", "lat", ",", "lng", ")", ";"], "difficulty": "simple"}, {"db_id": "formula_1", "question": "What race number has the most finishers?", "evidence": "finisher refers to time is not null;", "SQL": "SELECT raceId FROM results GROUP BY raceId ORDER BY COUNT(time IS NOT NULL) DESC LIMIT 1", "question_toks": ["What", "race", "number", "has", "the", "most", "finishers", "?"], "SQL_toks": ["SELECT", "raceId", "FROM", "results", "GROUP", "BY", "raceId", "ORDER", "BY", "COUNT", "(", "time", "IS", "NOT", "NULL", ")", "DESC", "LIMIT", "1"], "evidence_toks": ["finisher", "refers", "to", "time", "is", "not", "null", ";"], "difficulty": "simple"}, {"db_id": "formula_1", "question": "List the reference name of the drivers who passed the second qualifying lap during race no. 23. Indicate their nationality and birthday.", "evidence": "passed the second qualifying lap refers to q2 is not null; birthday refers to dob; reference name of drivers refers to driverRef; race no. refers to raceId;", "SQL": "SELECT T2.driverRef, T2.nationality, T2.dob FROM qualifying AS T1 INNER JOIN drivers AS T2 on T1.driverId = T2.driverId WHERE T1.raceId = 23 AND T1.q2 IS NOT NULL", "question_toks": ["List", "the", "reference", "name", "of", "the", "drivers", "who", "passed", "the", "second", "qualifying", "lap", "during", "race", "no", ".", "23", ".", "Indicate", "their", "nationality", "and", "birthday", "."], "SQL_toks": ["SELECT", "T2.driverRef", ",", "T2.nationality", ",", "T2.dob", "FROM", "qualifying", "AS", "T1", "INNER", "JOIN", "drivers", "AS", "T2", "on", "T1.driverId", "=", "T2.driverId", "WHERE", "T1.raceId", "=", "23", "AND", "T1.q2", "IS", "NOT", "NULL"], "evidence_toks": ["passed", "the", "second", "qualifying", "lap", "refers", "to", "q2", "is", "not", "null", ";", "birthday", "refers", "to", "dob", ";", "reference", "name", "of", "drivers", "refers", "to", "driverRef", ";", "race", "no", ".", "refers", "to", "raceId", ";"], "difficulty": "moderate"}, {"db_id": "formula_1", "question": "How many American drivers have been disqualified from the race.", "evidence": "disqualified refers to statusID = 2;", "SQL": "SELECT COUNT(T1.driverId) FROM drivers AS T1 INNER JOIN results AS T2 on T1.driverId = T2.driverId INNER JOIN status AS T3 on T2.statusId = T3.statusId WHERE T3.status = 2 AND T1.nationality = 'American'", "question_toks": ["How", "many", "American", "drivers", "have", "been", "disqualified", "from", "the", "race", "."], "SQL_toks": ["SELECT", "COUNT", "(", "T1.driverId", ")", "FROM", "drivers", "AS", "T1", "INNER", "JOIN", "results", "AS", "T2", "on", "T1.driverId", "=", "T2.driverId", "INNER", "JOIN", "status", "AS", "T3", "on", "T2.statusId", "=", "T3.statusId", "WHERE", "T3.status", "=", "2", "AND", "T1.nationality", "=", "'American", "'"], "evidence_toks": ["disqualified", "refers", "to", "statusID", "=", "2", ";"], "difficulty": "simple"}, {"db_id": "formula_1", "question": "Which of the Italian constructor got the highest point to date? Give its introduction website?", "evidence": "introduction website refers to url; Italian is a nationality", "SQL": "SELECT T1.url FROM constructors AS T1 INNER JOIN constructorStandings AS T2 on T1.constructorId = T2.constructorId WHERE T1.nationality = 'Italian' ORDER BY T2.points DESC LIMIT 1", "question_toks": ["Which", "of", "the", "Italian", "constructor", "got", "the", "highest", "point", "to", "date", "?", "Give", "its", "introduction", "website", "?"], "SQL_toks": ["SELECT", "T1.url", "FROM", "constructors", "AS", "T1", "INNER", "JOIN", "constructorStandings", "AS", "T2", "on", "T1.constructorId", "=", "T2.constructorId", "WHERE", "T1.nationality", "=", "'Italian", "'", "ORDER", "BY", "T2.points", "DESC", "LIMIT", "1"], "evidence_toks": ["introduction", "website", "refers", "to", "url", ";", "Italian", "is", "a", "nationality"], "difficulty": "simple"}, {"db_id": "formula_1", "question": "Among the drivers who participated in the French Grand Prix, who has the slowest time in the 3rd lap.", "evidence": "slowest time refers to Max(time);", "SQL": "SELECT T1.driverId FROM lapTimes AS T1 INNER JOIN races AS T2 on T1.raceId = T2.raceId WHERE T2.name = 'French GrAND Prix' AND T1.lap = 3 ORDER BY T1.time DESC LIMIT 1", "question_toks": ["Among", "the", "drivers", "who", "participated", "in", "the", "French", "Grand", "Prix", ",", "who", "has", "the", "slowest", "time", "in", "the", "3rd", "lap", "."], "SQL_toks": ["SELECT", "T1.driverId", "FROM", "lapTimes", "AS", "T1", "INNER", "JOIN", "races", "AS", "T2", "on", "T1.raceId", "=", "T2.raceId", "WHERE", "T2.name", "=", "'French", "GrAND", "Prix", "'", "AND", "T1.lap", "=", "3", "ORDER", "BY", "T1.time", "DESC", "LIMIT", "1"], "evidence_toks": ["slowest", "time", "refers", "to", "Max", "(", "time", ")", ";"], "difficulty": "simple"}, {"db_id": "formula_1", "question": "What is the constructor reference name of the champion in the 2009 Singapore Grand Prix? Please give its website.", "evidence": "the time of the champion shows in the format of \"minutes: seconds.millionsecond\" in which Max(time); constructor reference name refers to constructorRef; website refers to url", "SQL": "SELECT T3.constructorRef, T3.url FROM results AS T1 INNER JOIN races AS T2 on T1.raceId = T2.raceId INNER JOIN constructors AS T3 on T1.constructorId = T3.constructorId WHERE T2.name = 'Singapore GrAND Prix' AND T2.year = 2009", "question_toks": ["What", "is", "the", "constructor", "reference", "name", "of", "the", "champion", "in", "the", "2009", "Singapore", "Grand", "Prix", "?", "Please", "give", "its", "website", "."], "SQL_toks": ["SELECT", "T3.constructorRef", ",", "T3.url", "FROM", "results", "AS", "T1", "INNER", "JOIN", "races", "AS", "T2", "on", "T1.raceId", "=", "T2.raceId", "INNER", "JOIN", "constructors", "AS", "T3", "on", "T1.constructorId", "=", "T3.constructorId", "WHERE", "T2.name", "=", "'Singapore", "GrAND", "Prix", "'", "AND", "T2.year", "=", "2009"], "evidence_toks": ["the", "time", "of", "the", "champion", "shows", "in", "the", "format", "of", "``", "minutes", ":", "seconds.millionsecond", "''", "in", "which", "Max", "(", "time", ")", ";", "constructor", "reference", "name", "refers", "to", "constructorRef", ";", "website", "refers", "to", "url"], "difficulty": "challenging"}, {"db_id": "formula_1", "question": "What is the full name and date of birth of Asian drivers born between 1981 and 1991?", "evidence": "Full name refers to forname, surname; Date of birth refers to dob; year(dob) BETWEEN '1981' AND '1991'; Asian is a nationality", "SQL": "SELECT forename, surname, dob FROM drivers WHERE nationality = 'Austrian' AND STRFTIME('%Y', dob) BETWEEN '1981' AND '1991'", "question_toks": ["What", "is", "the", "full", "name", "and", "date", "of", "birth", "of", "Asian", "drivers", "born", "between", "1981", "and", "1991", "?"], "SQL_toks": ["SELECT", "forename", ",", "surname", ",", "dob", "FROM", "drivers", "WHERE", "nationality", "=", "'Austrian", "'", "AND", "STRFTIME", "(", "'", "%", "Y", "'", ",", "dob", ")", "BETWEEN", "'1981", "'", "AND", "'1991", "'"], "evidence_toks": ["Full", "name", "refers", "to", "forname", ",", "surname", ";", "Date", "of", "birth", "refers", "to", "dob", ";", "year", "(", "dob", ")", "BETWEEN", "'1981", "'", "AND", "'1991", "'", ";", "Asian", "is", "a", "nationality"], "difficulty": "simple"}, {"db_id": "formula_1", "question": "In which location does the Hungaroring circuit located? Also, find the country and coordinates of this circuit?", "evidence": "coordinates expressed in latitude and longitude refers to (lat, lng)", "SQL": "SELECT country, lat, lng FROM circuits WHERE name = 'Hungaroring'", "question_toks": ["In", "which", "location", "does", "the", "Hungaroring", "circuit", "located", "?", "Also", ",", "find", "the", "country", "and", "coordinates", "of", "this", "circuit", "?"], "SQL_toks": ["SELECT", "country", ",", "lat", ",", "lng", "FROM", "circuits", "WHERE", "name", "=", "'Hungaroring", "'"], "evidence_toks": ["coordinates", "expressed", "in", "latitude", "and", "longitude", "refers", "to", "(", "lat", ",", "lng", ")"], "difficulty": "simple"}, {"db_id": "formula_1", "question": "Which constructor scored most points from Monaco Grand Prix between 1980 and 2010? List the name of this team.", "evidence": "Monaco Grand Priz refers to the race; race in year between 1980 and 2010", "SQL": "SELECT T2.name FROM constructorResults AS T1 INNER JOIN constructors AS T2 ON T1.constructorId = T2.constructorId INNER JOIN races AS T3 ON T3.raceid = T1.raceid WHERE T3.name = 'Monaco GrAND Prix' AND T3.year BETWEEN 1980 AND 2010 GROUP BY T2.name ORDER BY SUM(T1.points) DESC LIMIT 1", "question_toks": ["Which", "constructor", "scored", "most", "points", "from", "Monaco", "Grand", "Prix", "between", "1980", "and", "2010", "?", "List", "the", "name", "of", "this", "team", "."], "SQL_toks": ["SELECT", "T2.name", "FROM", "constructorResults", "AS", "T1", "INNER", "JOIN", "constructors", "AS", "T2", "ON", "T1.constructorId", "=", "T2.constructorId", "INNER", "JOIN", "races", "AS", "T3", "ON", "T3.raceid", "=", "T1.raceid", "WHERE", "T3.name", "=", "'Monaco", "GrAND", "Prix", "'", "AND", "T3.year", "BETWEEN", "1980", "AND", "2010", "GROUP", "BY", "T2.name", "ORDER", "BY", "SUM", "(", "T1.points", ")", "DESC", "LIMIT", "1"], "evidence_toks": ["Monaco", "Grand", "Priz", "refers", "to", "the", "race", ";", "race", "in", "year", "between", "1980", "and", "2010"], "difficulty": "challenging"}, {"db_id": "formula_1", "question": "What is the average score scored by Lewis Hamilton from all the Silverstone Grand Prix?", "evidence": "Average score = AVG(points); Silverstone Grand Prix is the name of race", "SQL": "SELECT CAST(SUM(IIF(T3.name = 'Silverstone GrAND Prix' AND T1.forename = 'Lewis' AND T1.surname = 'Hamilton', T2.points, 0)) AS REAL) / SUM(IIF(T3.name = 'Silverstone GrAND Prix' AND T1.forename = 'Lewis' AND T1.surname = 'Hamilton', 1, 0)) FROM drivers AS T1 INNER JOIN driverStandings AS T2 ON T1.driverId = T2.driverId INNER JOIN races AS T3 ON T3.raceId = T2.raceId", "question_toks": ["What", "is", "the", "average", "score", "scored", "by", "Lewis", "Hamilton", "from", "all", "the", "Silverstone", "Grand", "Prix", "?"], "SQL_toks": ["SELECT", "CAST", "(", "SUM", "(", "IIF", "(", "T3.name", "=", "'Silverstone", "GrAND", "Prix", "'", "AND", "T1.forename", "=", "'Lewis", "'", "AND", "T1.surname", "=", "'Hamilton", "'", ",", "T2.points", ",", "0", ")", ")", "AS", "REAL", ")", "/", "SUM", "(", "IIF", "(", "T3.name", "=", "'Silverstone", "GrAND", "Prix", "'", "AND", "T1.forename", "=", "'Lewis", "'", "AND", "T1.surname", "=", "'Hamilton", "'", ",", "1", ",", "0", ")", ")", "FROM", "drivers", "AS", "T1", "INNER", "JOIN", "driverStandings", "AS", "T2", "ON", "T1.driverId", "=", "T2.driverId", "INNER", "JOIN", "races", "AS", "T3", "ON", "T3.raceId", "=", "T2.raceId"], "evidence_toks": ["Average", "score", "=", "AVG", "(", "points", ")", ";", "Silverstone", "Grand", "Prix", "is", "the", "name", "of", "race"], "difficulty": "challenging"}, {"db_id": "formula_1", "question": "Which citizenship do the vast majority of the drivers hold?", "evidence": "Citizenship of majority of drivers = MAX(nationality); citizenship and nationality are synonyms\n\n", "SQL": "SELECT nationality FROM drivers GROUP BY nationality ORDER BY COUNT(driverId) DESC LIMIT 1", "question_toks": ["Which", "citizenship", "do", "the", "vast", "majority", "of", "the", "drivers", "hold", "?"], "SQL_toks": ["SELECT", "nationality", "FROM", "drivers", "GROUP", "BY", "nationality", "ORDER", "BY", "COUNT", "(", "driverId", ")", "DESC", "LIMIT", "1"], "evidence_toks": ["Citizenship", "of", "majority", "of", "drivers", "=", "MAX", "(", "nationality", ")", ";", "citizenship", "and", "nationality", "are", "synonyms"], "difficulty": "simple"}, {"db_id": "formula_1", "question": "In terms of number of points acquired, how many victories did the driver who ranked 91st acquired?", "evidence": "victories refer to wins; 91st refers to points\n\n", "SQL": "SELECT SUM(CASE WHEN points = 91 THEN wins ELSE 0 END) FROM driverStandings", "question_toks": ["In", "terms", "of", "number", "of", "points", "acquired", ",", "how", "many", "victories", "did", "the", "driver", "who", "ranked", "91st", "acquired", "?"], "SQL_toks": ["SELECT", "SUM", "(", "CASE", "WHEN", "points", "=", "91", "THEN", "wins", "ELSE", "0", "END", ")", "FROM", "driverStandings"], "evidence_toks": ["victories", "refer", "to", "wins", ";", "91st", "refers", "to", "points"], "difficulty": "simple"}, {"db_id": "formula_1", "question": "In terms of the fastest lap time, what is the name of the race which recorded the fastest lap speed by a racer?", "evidence": "Fastest lap speed refers to MIN(fastestLapTime)\n\n", "SQL": "SELECT T1.name FROM races AS T1 INNER JOIN results AS T2 ON T1.raceId = T2.raceId ORDER BY T2.fastestLapTime, T2.fastestLapSpeed LIMIT 1", "question_toks": ["In", "terms", "of", "the", "fastest", "lap", "time", ",", "what", "is", "the", "name", "of", "the", "race", "which", "recorded", "the", "fastest", "lap", "speed", "by", "a", "racer", "?"], "SQL_toks": ["SELECT", "T1.name", "FROM", "races", "AS", "T1", "INNER", "JOIN", "results", "AS", "T2", "ON", "T1.raceId", "=", "T2.raceId", "ORDER", "BY", "T2.fastestLapTime", ",", "T2.fastestLapSpeed", "LIMIT", "1"], "evidence_toks": ["Fastest", "lap", "speed", "refers", "to", "MIN", "(", "fastestLapTime", ")"], "difficulty": "simple"}, {"db_id": "formula_1", "question": "How many wins was achieved by the oldest racer? Indicate his/her full name.", "evidence": "oldest racer refers to MIN(dob); full name refers to forename, surname.", "SQL": "SELECT SUM(T1.wins) FROM driverStandings AS T1 INNER JOIN drivers AS T2 on T1.driverId = T2.driverId GROUP BY T2.forename, T2.surname ORDER BY T2.dob LIMIT 1", "question_toks": ["How", "many", "wins", "was", "achieved", "by", "the", "oldest", "racer", "?", "Indicate", "his/her", "full", "name", "."], "SQL_toks": ["SELECT", "SUM", "(", "T1.wins", ")", "FROM", "driverStandings", "AS", "T1", "INNER", "JOIN", "drivers", "AS", "T2", "on", "T1.driverId", "=", "T2.driverId", "GROUP", "BY", "T2.forename", ",", "T2.surname", "ORDER", "BY", "T2.dob", "LIMIT", "1"], "evidence_toks": ["oldest", "racer", "refers", "to", "MIN", "(", "dob", ")", ";", "full", "name", "refers", "to", "forename", ",", "surname", "."], "difficulty": "simple"}, {"db_id": "formula_1", "question": "What was the longest time that Lewis Hamilton had spent at a pit stop?", "evidence": "longest time refes to MAX(duration);", "SQL": "SELECT T1.duration FROM pitStops AS T1 INNER JOIN drivers AS T2 on T1.driverId = T2.driverId WHERE T2.forename = 'Lewis' AND T2.surname = 'Hamilton' ORDER BY T1.duration DESC LIMIT 1", "question_toks": ["What", "was", "the", "longest", "time", "that", "Lewis", "Hamilton", "had", "spent", "at", "a", "pit", "stop", "?"], "SQL_toks": ["SELECT", "T1.duration", "FROM", "pitStops", "AS", "T1", "INNER", "JOIN", "drivers", "AS", "T2", "on", "T1.driverId", "=", "T2.driverId", "WHERE", "T2.forename", "=", "'Lewis", "'", "AND", "T2.surname", "=", "'Hamilton", "'", "ORDER", "BY", "T1.duration", "DESC", "LIMIT", "1"], "evidence_toks": ["longest", "time", "refes", "to", "MAX", "(", "duration", ")", ";"], "difficulty": "simple"}, {"db_id": "formula_1", "question": "Please list the time each driver spent at the pit stop during the 2011 Australian Grand Prix.", "evidence": "time spent at pit stop refers to duration", "SQL": "SELECT T1.duration FROM pitStops AS T1 INNER JOIN races AS T2 on T1.raceId = T2.raceId WHERE T2.year = 2011 AND T2.name = 'Australian GrAND Prix'", "question_toks": ["Please", "list", "the", "time", "each", "driver", "spent", "at", "the", "pit", "stop", "during", "the", "2011", "Australian", "Grand", "Prix", "."], "SQL_toks": ["SELECT", "T1.duration", "FROM", "pitStops", "AS", "T1", "INNER", "JOIN", "races", "AS", "T2", "on", "T1.raceId", "=", "T2.raceId", "WHERE", "T2.year", "=", "2011", "AND", "T2.name", "=", "'Australian", "GrAND", "Prix", "'"], "evidence_toks": ["time", "spent", "at", "pit", "stop", "refers", "to", "duration"], "difficulty": "simple"}, {"db_id": "formula_1", "question": "What was the position of the circuits during Lewis Hamilton's fastest lap in a Formula_1 race?", "evidence": "fastest lap refers to MIN(time)", "SQL": "SELECT T1.position FROM lapTimes AS T1 INNER JOIN drivers AS T2 on T1.driverId = T2.driverId WHERE T2.forename = 'Lewis' AND T2.surname = 'Hamilton' ORDER BY T1.time ASC LIMIT 1", "question_toks": ["What", "was", "the", "position", "of", "the", "circuits", "during", "Lewis", "Hamilton", "'s", "fastest", "lap", "in", "a", "Formula_1", "race", "?"], "SQL_toks": ["SELECT", "T1.position", "FROM", "lapTimes", "AS", "T1", "INNER", "JOIN", "drivers", "AS", "T2", "on", "T1.driverId", "=", "T2.driverId", "WHERE", "T2.forename", "=", "'Lewis", "'", "AND", "T2.surname", "=", "'Hamilton", "'", "ORDER", "BY", "T1.time", "ASC", "LIMIT", "1"], "evidence_toks": ["fastest", "lap", "refers", "to", "MIN", "(", "time", ")"], "difficulty": "simple"}, {"db_id": "formula_1", "question": "What is the lap record for the Albert Park Grand Prix Circuit?", "evidence": "lap record means the fastest time recorded which refers to time", "SQL": "SELECT T1.time FROM lapTimes AS T1 INNER JOIN races AS T2 on T1.raceId = T2.raceId INNER JOIN circuits AS T3 on T2.circuitId = T3.circuitId WHERE T3.name = 'Albert Park GrAND Prix Circuit'", "question_toks": ["What", "is", "the", "lap", "record", "for", "the", "Albert", "Park", "Grand", "Prix", "Circuit", "?"], "SQL_toks": ["SELECT", "T1.time", "FROM", "lapTimes", "AS", "T1", "INNER", "JOIN", "races", "AS", "T2", "on", "T1.raceId", "=", "T2.raceId", "INNER", "JOIN", "circuits", "AS", "T3", "on", "T2.circuitId", "=", "T3.circuitId", "WHERE", "T3.name", "=", "'Albert", "Park", "GrAND", "Prix", "Circuit", "'"], "evidence_toks": ["lap", "record", "means", "the", "fastest", "time", "recorded", "which", "refers", "to", "time"], "difficulty": "simple"}, {"db_id": "formula_1", "question": "In the race a driver set the lap record for the Albert Park Grand Prix Circuit, how long did he spent at the pit stop at that same race?", "evidence": "lap record means the fastest time recorded which refers to time, how long spent at pitstop refers to duration", "SQL": "SELECT DISTINCT T4.duration FROM lapTimes AS T1 INNER JOIN races AS T2 on T1.raceId = T2.raceId INNER JOIN circuits AS T3 on T2.circuitId = T3.circuitId INNER JOIN pitStops AS T4 on T2.raceId = T4.raceId WHERE T3.name = 'Albert Park GrAND Prix Circuit'", "question_toks": ["In", "the", "race", "a", "driver", "set", "the", "lap", "record", "for", "the", "Albert", "Park", "Grand", "Prix", "Circuit", ",", "how", "long", "did", "he", "spent", "at", "the", "pit", "stop", "at", "that", "same", "race", "?"], "SQL_toks": ["SELECT", "DISTINCT", "T4.duration", "FROM", "lapTimes", "AS", "T1", "INNER", "JOIN", "races", "AS", "T2", "on", "T1.raceId", "=", "T2.raceId", "INNER", "JOIN", "circuits", "AS", "T3", "on", "T2.circuitId", "=", "T3.circuitId", "INNER", "JOIN", "pitStops", "AS", "T4", "on", "T2.raceId", "=", "T4.raceId", "WHERE", "T3.name", "=", "'Albert", "Park", "GrAND", "Prix", "Circuit", "'"], "evidence_toks": ["lap", "record", "means", "the", "fastest", "time", "recorded", "which", "refers", "to", "time", ",", "how", "long", "spent", "at", "pitstop", "refers", "to", "duration"], "difficulty": "challenging"}, {"db_id": "formula_1", "question": "Please list the location coordinates of the circuits whose lap record is 1:29.488.", "evidence": "lap records means the fastest time recorded which refers to time; coordinates are expressed as latitude and longitude which refers to (lat, lng)", "SQL": "SELECT T3.lat, T3.lng FROM lapTimes AS T1 INNER JOIN races AS T2 on T1.raceId = T2.raceId INNER JOIN circuits AS T3 on T2.circuitId = T3.circuitId WHERE T1.time = '1:29.488'", "question_toks": ["Please", "list", "the", "location", "coordinates", "of", "the", "circuits", "whose", "lap", "record", "is", "1:29.488", "."], "SQL_toks": ["SELECT", "T3.lat", ",", "T3.lng", "FROM", "lapTimes", "AS", "T1", "INNER", "JOIN", "races", "AS", "T2", "on", "T1.raceId", "=", "T2.raceId", "INNER", "JOIN", "circuits", "AS", "T3", "on", "T2.circuitId", "=", "T3.circuitId", "WHERE", "T1.time", "=", "'", "1:29.488", "'"], "evidence_toks": ["lap", "records", "means", "the", "fastest", "time", "recorded", "which", "refers", "to", "time", ";", "coordinates", "are", "expressed", "as", "latitude", "and", "longitude", "which", "refers", "to", "(", "lat", ",", "lng", ")"], "difficulty": "moderate"}]