[{"db_id": "student_club", "question": "How many students in the Student_Club are from the College of Engineering?", "evidence": "", "SQL": "SELECT COUNT(T1.member_id) FROM member AS T1 INNER JOIN major AS T2 ON T1.link_to_major = T2.major_id WHERE T2.college = 'College of Engineering'", "question_toks": ["How", "many", "students", "in", "the", "Student_Club", "are", "from", "the", "College", "of", "Engineering", "?"], "SQL_toks": ["SELECT", "COUNT", "(", "T1.member_id", ")", "FROM", "member", "AS", "T1", "INNER", "JOIN", "major", "AS", "T2", "ON", "T1.link_to_major", "=", "T2.major_id", "WHERE", "T2.college", "=", "'College", "of", "Engineering", "'"], "evidence_toks": [], "difficulty": "simple"}, {"db_id": "student_club", "question": "Please list the phone numbers of the students from the Student_Club that has attended the event \"Women's Soccer\".", "evidence": "Women's Soccer is an event name; phone numbers refers to phone", "SQL": "SELECT T3.phone FROM event AS T1 INNER JOIN attendance AS T2 ON T1.event_id = T2.link_to_event INNER JOIN member AS T3 ON T2.link_to_member = T3.member_id WHERE T1.event_name = 'Women''s Soccer'", "question_toks": ["Please", "list", "the", "phone", "numbers", "of", "the", "students", "from", "the", "Student_Club", "that", "has", "attended", "the", "event", "``", "Women", "'s", "Soccer", "''", "."], "SQL_toks": ["SELECT", "T3.phone", "FROM", "event", "AS", "T1", "INNER", "JOIN", "attendance", "AS", "T2", "ON", "T1.event_id", "=", "T2.link_to_event", "INNER", "JOIN", "member", "AS", "T3", "ON", "T2.link_to_member", "=", "T3.member_id", "WHERE", "T1.event_name", "=", "'Women", "''", "s", "Soccer", "'"], "evidence_toks": ["Women", "'s", "Soccer", "is", "an", "event", "name", ";", "phone", "numbers", "refers", "to", "phone"], "difficulty": "moderate"}, {"db_id": "student_club", "question": "Among the students from the Student_Club who attended the event \"Women's Soccer\", how many of them want a T-shirt that's in medium size?", "evidence": "Women's Soccer is an event name; T-shirt that is in medium size refers to t_shirt_size = 'Medium'", "SQL": "SELECT COUNT(T1.event_id) FROM event AS T1 INNER JOIN attendance AS T2 ON T1.event_id = T2.link_to_event INNER JOIN member AS T3 ON T2.link_to_member = T3.member_id WHERE T1.event_name = 'Women''s Soccer' AND T3.t_shirt_size = 'Medium'", "question_toks": ["Among", "the", "students", "from", "the", "Student_Club", "who", "attended", "the", "event", "``", "Women", "'s", "Soccer", "''", ",", "how", "many", "of", "them", "want", "a", "T-shirt", "that", "'s", "in", "medium", "size", "?"], "SQL_toks": ["SELECT", "COUNT", "(", "T1.event_id", ")", "FROM", "event", "AS", "T1", "INNER", "JOIN", "attendance", "AS", "T2", "ON", "T1.event_id", "=", "T2.link_to_event", "INNER", "JOIN", "member", "AS", "T3", "ON", "T2.link_to_member", "=", "T3.member_id", "WHERE", "T1.event_name", "=", "'Women", "''", "s", "Soccer", "'", "AND", "T3.t_shirt_size", "=", "'Medium", "'"], "evidence_toks": ["Women", "'s", "Soccer", "is", "an", "event", "name", ";", "T-shirt", "that", "is", "in", "medium", "size", "refers", "to", "t_shirt_size", "=", "'Medium", "'"], "difficulty": "moderate"}, {"db_id": "student_club", "question": "Among the events attended by more than 10 members of the Student_Club, how many of them are meetings?", "evidence": "meetings events refers to type = 'Meeting'; attended by more than 10 members refers to COUNT(event_id) > 10", "SQL": "SELECT COUNT(T1.event_id) FROM event AS T1 INNER JOIN attendance AS T2 ON T1.event_id = T2.link_to_event WHERE T1.type = 'Meeting' GROUP BY T1.type HAVING COUNT(T2.link_to_event) >= 10", "question_toks": ["Among", "the", "events", "attended", "by", "more", "than", "10", "members", "of", "the", "Student_Club", ",", "how", "many", "of", "them", "are", "meetings", "?"], "SQL_toks": ["SELECT", "COUNT", "(", "T1.event_id", ")", "FROM", "event", "AS", "T1", "INNER", "JOIN", "attendance", "AS", "T2", "ON", "T1.event_id", "=", "T2.link_to_event", "WHERE", "T1.type", "=", "'Meeting", "'", "GROUP", "BY", "T1.type", "HAVING", "COUNT", "(", "T2.link_to_event", ")", ">", "=", "10"], "evidence_toks": ["meetings", "events", "refers", "to", "type", "=", "'Meeting", "'", ";", "attended", "by", "more", "than", "10", "members", "refers", "to", "COUNT", "(", "event_id", ")", ">", "10"], "difficulty": "moderate"}, {"db_id": "student_club", "question": "Please list the names of all the events of the Student_Club that had an attendance of over 20 students.", "evidence": "name of events refers to event_name; attendance of over 20 students COUNT(event_id) > 20", "SQL": "SELECT T1.event_name FROM event AS T1 INNER JOIN attendance AS T2 ON T1.event_id = T2.link_to_event GROUP BY T1.type HAVING COUNT(T2.link_to_event) > 20", "question_toks": ["Please", "list", "the", "names", "of", "all", "the", "events", "of", "the", "Student_Club", "that", "had", "an", "attendance", "of", "over", "20", "students", "."], "SQL_toks": ["SELECT", "T1.event_name", "FROM", "event", "AS", "T1", "INNER", "JOIN", "attendance", "AS", "T2", "ON", "T1.event_id", "=", "T2.link_to_event", "GROUP", "BY", "T1.type", "HAVING", "COUNT", "(", "T2.link_to_event", ")", ">", "20"], "evidence_toks": ["name", "of", "events", "refers", "to", "event_name", ";", "attendance", "of", "over", "20", "students", "COUNT", "(", "event_id", ")", ">", "20"], "difficulty": "moderate"}, {"db_id": "student_club", "question": "What is the average attendance of meetings in 2020?", "evidence": "meetings in 2020 refers to type = 'Meeting' where YEAR(event_date) = 2020; average = DIVIDE(COUNT(event_id), COUNT(DISTINCT event_name))", "SQL": "SELECT CAST(COUNT(T2.link_to_event) AS REAL) / COUNT(DISTINCT T1.event_id) FROM event AS T1 INNER JOIN attendance AS T2 ON T1.event_id = T2.link_to_event WHERE SUBSTR(T1.event_date, 1, 4) = '2020' AND T1.type = 'Meeting'", "question_toks": ["What", "is", "the", "average", "attendance", "of", "meetings", "in", "2020", "?"], "SQL_toks": ["SELECT", "CAST", "(", "COUNT", "(", "T2.link_to_event", ")", "AS", "REAL", ")", "/", "COUNT", "(", "DISTINCT", "T1.event_id", ")", "FROM", "event", "AS", "T1", "INNER", "JOIN", "attendance", "AS", "T2", "ON", "T1.event_id", "=", "T2.link_to_event", "WHERE", "SUBSTR", "(", "T1.event_date", ",", "1", ",", "4", ")", "=", "'2020", "'", "AND", "T1.type", "=", "'Meeting", "'"], "evidence_toks": ["meetings", "in", "2020", "refers", "to", "type", "=", "'Meeting", "'", "where", "YEAR", "(", "event_date", ")", "=", "2020", ";", "average", "=", "DIVIDE", "(", "COUNT", "(", "event_id", ")", ",", "COUNT", "(", "DISTINCT", "event_name", ")", ")"], "difficulty": "moderate"}, {"db_id": "student_club", "question": "What is the most expensive item that was spent in support of club events?", "evidence": "item in support of club events refers to expense_description; most expensive refers to MAX(cost)", "SQL": "SELECT expense_description FROM expense ORDER BY cost DESC LIMIT 1", "question_toks": ["What", "is", "the", "most", "expensive", "item", "that", "was", "spent", "in", "support", "of", "club", "events", "?"], "SQL_toks": ["SELECT", "expense_description", "FROM", "expense", "ORDER", "BY", "cost", "DESC", "LIMIT", "1"], "evidence_toks": ["item", "in", "support", "of", "club", "events", "refers", "to", "expense_description", ";", "most", "expensive", "refers", "to", "MAX", "(", "cost", ")"], "difficulty": "simple"}, {"db_id": "student_club", "question": "List the full name of all the members of the Student_Club who attended the \"Lacrosse game\" event.", "evidence": "full name of members refers to first_name, last_name; 'Lacrosse game' is an event name;", "SQL": "SELECT T1.first_name, T1.last_name FROM member AS T1 INNER JOIN attendance AS T2 ON T1.member_id = T2.link_to_member INNER JOIN event AS T3 ON T2.link_to_event = T3.event_id WHERE T3.event_name = 'Lacrosse game'", "question_toks": ["List", "the", "full", "name", "of", "all", "the", "members", "of", "the", "Student_Club", "who", "attended", "the", "``", "Lacrosse", "game", "''", "event", "."], "SQL_toks": ["SELECT", "T1.first_name", ",", "T1.last_name", "FROM", "member", "AS", "T1", "INNER", "JOIN", "attendance", "AS", "T2", "ON", "T1.member_id", "=", "T2.link_to_member", "INNER", "JOIN", "event", "AS", "T3", "ON", "T2.link_to_event", "=", "T3.event_id", "WHERE", "T3.event_name", "=", "'Lacrosse", "game", "'"], "evidence_toks": ["full", "name", "of", "members", "refers", "to", "first_name", ",", "last_name", ";", "'Lacrosse", "game", "'", "is", "an", "event", "name", ";"], "difficulty": "moderate"}, {"db_id": "student_club", "question": "List the last name of all the students who majored Law and Constitutional Studies. \n", "evidence": "'Law and Constitutional Studies' is the major name", "SQL": "SELECT T1.last_name FROM member AS T1 INNER JOIN major AS T2 ON T1.link_to_major = T2.major_id WHERE T2.major_name = 'Law AND Constitutional Studies'", "question_toks": ["List", "the", "last", "name", "of", "all", "the", "students", "who", "majored", "Law", "and", "Constitutional", "Studies", "."], "SQL_toks": ["SELECT", "T1.last_name", "FROM", "member", "AS", "T1", "INNER", "JOIN", "major", "AS", "T2", "ON", "T1.link_to_major", "=", "T2.major_id", "WHERE", "T2.major_name", "=", "'Law", "AND", "Constitutional", "Studies", "'"], "evidence_toks": ["'Law", "and", "Constitutional", "Studies", "'", "is", "the", "major", "name"], "difficulty": "simple"}, {"db_id": "student_club", "question": "What county did Sherry Ramsey grew up?", "evidence": "", "SQL": "SELECT T2.county FROM member AS T1 INNER JOIN zip_code AS T2 ON T1.zip = T2.zip_code WHERE T1.first_name = 'Sherry' AND T1.last_name = 'Ramsey'", "question_toks": ["What", "county", "did", "Sherry", "Ramsey", "grew", "up", "?"], "SQL_toks": ["SELECT", "T2.county", "FROM", "member", "AS", "T1", "INNER", "JOIN", "zip_code", "AS", "T2", "ON", "T1.zip", "=", "T2.zip_code", "WHERE", "T1.first_name", "=", "'Sherry", "'", "AND", "T1.last_name", "=", "'Ramsey", "'"], "evidence_toks": [], "difficulty": "simple"}, {"db_id": "student_club", "question": "How much did the Student_Club members spend on food in September Meeting?", "evidence": "amount spent refers to spent; spend on food in September Meeting refers to category = 'Food' where event_name = 'September Meeting'", "SQL": "SELECT T2.spent FROM event AS T1 INNER JOIN budget AS T2 ON T1.event_id = T2.link_to_event WHERE T1.event_name = 'September Meeting' AND T2.category = 'Food' AND SUBSTR(T1.event_date, 6, 2) = '09'", "question_toks": ["How", "much", "did", "the", "Student_Club", "members", "spend", "on", "food", "in", "September", "Meeting", "?"], "SQL_toks": ["SELECT", "T2.spent", "FROM", "event", "AS", "T1", "INNER", "JOIN", "budget", "AS", "T2", "ON", "T1.event_id", "=", "T2.link_to_event", "WHERE", "T1.event_name", "=", "'September", "Meeting", "'", "AND", "T2.category", "=", "'Food", "'", "AND", "SUBSTR", "(", "T1.event_date", ",", "6", ",", "2", ")", "=", "'09", "'"], "evidence_toks": ["amount", "spent", "refers", "to", "spent", ";", "spend", "on", "food", "in", "September", "Meeting", "refers", "to", "category", "=", "'Food", "'", "where", "event_name", "=", "'September", "Meeting", "'"], "difficulty": "moderate"}, {"db_id": "student_club", "question": "What city and state did the President of the Student_Club grow up?", "evidence": "'Vice President' is a position of Student Club;", "SQL": "SELECT T2.city, T2.state FROM member AS T1 INNER JOIN zip_code AS T2 ON T1.zip = T2.zip_code WHERE T1.position = 'President'", "question_toks": ["What", "city", "and", "state", "did", "the", "President", "of", "the", "Student_Club", "grow", "up", "?"], "SQL_toks": ["SELECT", "T2.city", ",", "T2.state", "FROM", "member", "AS", "T1", "INNER", "JOIN", "zip_code", "AS", "T2", "ON", "T1.zip", "=", "T2.zip_code", "WHERE", "T1.position", "=", "'President", "'"], "evidence_toks": ["'Vice", "President", "'", "is", "a", "position", "of", "Student", "Club", ";"], "difficulty": "simple"}, {"db_id": "student_club", "question": "How much did the Student_Club members spend on advertisement in September Meeting?", "evidence": "amount spent refers to spent; spend on food in September Meeting refers to category = 'Advertisement' where event_name = 'September Meeting'", "SQL": "SELECT T2.spent FROM event AS T1 INNER JOIN budget AS T2 ON T1.event_id = T2.link_to_event WHERE T1.event_name = 'September Meeting' AND T2.category = 'Advertisement' AND SUBSTR(T1.event_date, 6, 2) = '09'", "question_toks": ["How", "much", "did", "the", "Student_Club", "members", "spend", "on", "advertisement", "in", "September", "Meeting", "?"], "SQL_toks": ["SELECT", "T2.spent", "FROM", "event", "AS", "T1", "INNER", "JOIN", "budget", "AS", "T2", "ON", "T1.event_id", "=", "T2.link_to_event", "WHERE", "T1.event_name", "=", "'September", "Meeting", "'", "AND", "T2.category", "=", "'Advertisement", "'", "AND", "SUBSTR", "(", "T1.event_date", ",", "6", ",", "2", ")", "=", "'09", "'"], "evidence_toks": ["amount", "spent", "refers", "to", "spent", ";", "spend", "on", "food", "in", "September", "Meeting", "refers", "to", "category", "=", "'Advertisement", "'", "where", "event_name", "=", "'September", "Meeting", "'"], "difficulty": "moderate"}, {"db_id": "student_club", "question": "What department offers the major that Pierce and Guidi took?", "evidence": "", "SQL": "SELECT T2.department FROM member AS T1 INNER JOIN major AS T2 ON T1.link_to_major = T2.major_id WHERE T1.last_name = 'Pierce' OR T1.last_name = 'Guidi'", "question_toks": ["What", "department", "offers", "the", "major", "that", "Pierce", "and", "Guidi", "took", "?"], "SQL_toks": ["SELECT", "T2.department", "FROM", "member", "AS", "T1", "INNER", "JOIN", "major", "AS", "T2", "ON", "T1.link_to_major", "=", "T2.major_id", "WHERE", "T1.last_name", "=", "'Pierce", "'", "OR", "T1.last_name", "=", "'Guidi", "'"], "evidence_toks": [], "difficulty": "simple"}, {"db_id": "student_club", "question": "What is the total budgeted amount for all category in \"October Speaker\" event?", "evidence": "total budgeted amount refers to SUM(amount) where event_name = 'October Speaker'", "SQL": "SELECT SUM(T2.amount) FROM event AS T1 INNER JOIN budget AS T2 ON T1.event_id = T2.link_to_event WHERE T1.event_name = 'October Speaker'", "question_toks": ["What", "is", "the", "total", "budgeted", "amount", "for", "all", "category", "in", "``", "October", "Speaker", "''", "event", "?"], "SQL_toks": ["SELECT", "SUM", "(", "T2.amount", ")", "FROM", "event", "AS", "T1", "INNER", "JOIN", "budget", "AS", "T2", "ON", "T1.event_id", "=", "T2.link_to_event", "WHERE", "T1.event_name", "=", "'October", "Speaker", "'"], "evidence_toks": ["total", "budgeted", "amount", "refers", "to", "SUM", "(", "amount", ")", "where", "event_name", "=", "'October", "Speaker", "'"], "difficulty": "simple"}, {"db_id": "student_club", "question": "Calculate the total average cost that Elijah Allen spent in the events on September and October.", "evidence": "total average cost = DIVIDED(SUM(cost), COUNT(event_id)); events in September and October refers to month(expense_date) = 9 AND MONTH(expense_date) = 10", "SQL": "SELECT CAST(SUM(CASE WHEN SUBSTR(T2.expense_date, 6, 2) = '09' THEN T2.cost ELSE 0 END) + SUM(CASE WHEN SUBSTR(T2.expense_date, 6, 2) = '10' THEN T2.cost ELSE 0 END) AS REAL) / COUNT(T1.member_id) FROM member AS T1 INNER JOIN expense AS T2 ON T1.member_id = T2.link_to_member WHERE T1.last_name = 'Allen' AND T1.first_name = 'Elijah' AND (SUBSTR(T2.expense_date, 6, 2) = '09' OR SUBSTR(T2.expense_date, 6, 2) = '10')", "question_toks": ["Calculate", "the", "total", "average", "cost", "that", "Elijah", "Allen", "spent", "in", "the", "events", "on", "September", "and", "October", "."], "SQL_toks": ["SELECT", "CAST", "(", "SUM", "(", "CASE", "WHEN", "SUBSTR", "(", "T2.expense_date", ",", "6", ",", "2", ")", "=", "'09", "'", "THEN", "T2.cost", "ELSE", "0", "END", ")", "+", "SUM", "(", "CASE", "WHEN", "SUBSTR", "(", "T2.expense_date", ",", "6", ",", "2", ")", "=", "'10", "'", "THEN", "T2.cost", "ELSE", "0", "END", ")", "AS", "REAL", ")", "/", "COUNT", "(", "T1.member_id", ")", "FROM", "member", "AS", "T1", "INNER", "JOIN", "expense", "AS", "T2", "ON", "T1.member_id", "=", "T2.link_to_member", "WHERE", "T1.last_name", "=", "'Allen", "'", "AND", "T1.first_name", "=", "'Elijah", "'", "AND", "(", "SUBSTR", "(", "T2.expense_date", ",", "6", ",", "2", ")", "=", "'09", "'", "OR", "SUBSTR", "(", "T2.expense_date", ",", "6", ",", "2", ")", "=", "'10", "'", ")"], "evidence_toks": ["total", "average", "cost", "=", "DIVIDED", "(", "SUM", "(", "cost", ")", ",", "COUNT", "(", "event_id", ")", ")", ";", "events", "in", "September", "and", "October", "refers", "to", "month", "(", "expense_date", ")", "=", "9", "AND", "MONTH", "(", "expense_date", ")", "=", "10"], "difficulty": "challenging"}, {"db_id": "student_club", "question": "What was the cost for the \"Posters\" on 2019/9/4?", "evidence": "'Poster' is an event description; on 2019/9/14 refers to event_date = '2019-09-04'", "SQL": "SELECT cost FROM expense WHERE expense_description = 'Posters' AND expense_date = '2019-09-04'", "question_toks": ["What", "was", "the", "cost", "for", "the", "``", "Posters", "''", "on", "2019/9/4", "?"], "SQL_toks": ["SELECT", "cost", "FROM", "expense", "WHERE", "expense_description", "=", "'Posters", "'", "AND", "expense_date", "=", "'2019-09-04", "'"], "evidence_toks": ["'Poster", "'", "is", "an", "event", "description", ";", "on", "2019/9/14", "refers", "to", "event_date", "=", "'2019-09-04", "'"], "difficulty": "simple"}, {"db_id": "student_club", "question": "What was the notes of the fundraising on 2019/9/14?", "evidence": "fundraising on 2019/9/14 refers to source = 'Fundraising' where date_received = '2019-09-14'", "SQL": "SELECT notes FROM income WHERE source = 'Fundraising' AND date_received = '2019-09-14'", "question_toks": ["What", "was", "the", "notes", "of", "the", "fundraising", "on", "2019/9/14", "?"], "SQL_toks": ["SELECT", "notes", "FROM", "income", "WHERE", "source", "=", "'Fundraising", "'", "AND", "date_received", "=", "'2019-09-14", "'"], "evidence_toks": ["fundraising", "on", "2019/9/14", "refers", "to", "source", "=", "'Fundraising", "'", "where", "date_received", "=", "'2019-09-14", "'"], "difficulty": "simple"}, {"db_id": "student_club", "question": "Tell the hometown county for \"Adela O'Gallagher\".", "evidence": "hometown county refers to county", "SQL": "SELECT T2.county FROM member AS T1 INNER JOIN zip_code AS T2 ON T1.zip = T2.zip_code WHERE T1.first_name = 'Adela' AND T1.last_name = 'O''Gallagher'", "question_toks": ["Tell", "the", "hometown", "county", "for", "``", "Adela", "O'Gallagher", "''", "."], "SQL_toks": ["SELECT", "T2.county", "FROM", "member", "AS", "T1", "INNER", "JOIN", "zip_code", "AS", "T2", "ON", "T1.zip", "=", "T2.zip_code", "WHERE", "T1.first_name", "=", "'Adela", "'", "AND", "T1.last_name", "=", "'", "O", "''", "Gallagher", "'"], "evidence_toks": ["hometown", "county", "refers", "to", "county"], "difficulty": "simple"}, {"db_id": "student_club", "question": "For all the budgets for \"November Meeting\", how many of them had exceeded the budget?", "evidence": "'November Meeting' is an event name; remaining < 0 means the cost had exceeded the budget", "SQL": "SELECT COUNT(T2.event_id) FROM budget AS T1 INNER JOIN event AS T2 ON T1.link_to_event = T2.event_id WHERE T2.event_name = 'November Meeting' AND T1.remaining < 0", "question_toks": ["For", "all", "the", "budgets", "for", "``", "November", "Meeting", "''", ",", "how", "many", "of", "them", "had", "exceeded", "the", "budget", "?"], "SQL_toks": ["SELECT", "COUNT", "(", "T2.event_id", ")", "FROM", "budget", "AS", "T1", "INNER", "JOIN", "event", "AS", "T2", "ON", "T1.link_to_event", "=", "T2.event_id", "WHERE", "T2.event_name", "=", "'November", "Meeting", "'", "AND", "T1.remaining", "<", "0"], "evidence_toks": ["'November", "Meeting", "'", "is", "an", "event", "name", ";", "remaining", "<", "0", "means", "the", "cost", "had", "exceeded", "the", "budget"], "difficulty": "simple"}, {"db_id": "student_club", "question": "Provide the total number of the budget amount for \"September Speaker\" event.", "evidence": "'September Speaker' is an event name; total number of budget amount refers to SUM(amount)", "SQL": "SELECT SUM(T1.spent + T1.remaining) FROM budget AS T1 INNER JOIN event AS T2 ON T1.link_to_event = T2.event_id WHERE T2.event_name = 'September Speaker'", "question_toks": ["Provide", "the", "total", "number", "of", "the", "budget", "amount", "for", "``", "September", "Speaker", "''", "event", "."], "SQL_toks": ["SELECT", "SUM", "(", "T1.spent", "+", "T1.remaining", ")", "FROM", "budget", "AS", "T1", "INNER", "JOIN", "event", "AS", "T2", "ON", "T1.link_to_event", "=", "T2.event_id", "WHERE", "T2.event_name", "=", "'September", "Speaker", "'"], "evidence_toks": ["'September", "Speaker", "'", "is", "an", "event", "name", ";", "total", "number", "of", "budget", "amount", "refers", "to", "SUM", "(", "amount", ")"], "difficulty": "simple"}, {"db_id": "student_club", "question": "For all the club members from \"Human Development and Family Studies\" major, how many of them wear large size t-shirt?", "evidence": "'Human Development and Family Studies' is a major name; wear large size t-shirt refers to t_shirt_size = 'Large'", "SQL": "SELECT COUNT(T1.member_id) FROM member AS T1 INNER JOIN major AS T2 ON T1.link_to_major = T2.major_id WHERE T2.major_name = 'Human Development AND Family Studies' AND T1.t_shirt_size = 'Large'", "question_toks": ["For", "all", "the", "club", "members", "from", "``", "Human", "Development", "and", "Family", "Studies", "''", "major", ",", "how", "many", "of", "them", "wear", "large", "size", "t-shirt", "?"], "SQL_toks": ["SELECT", "COUNT", "(", "T1.member_id", ")", "FROM", "member", "AS", "T1", "INNER", "JOIN", "major", "AS", "T2", "ON", "T1.link_to_major", "=", "T2.major_id", "WHERE", "T2.major_name", "=", "'Human", "Development", "AND", "Family", "Studies", "'", "AND", "T1.t_shirt_size", "=", "'Large", "'"], "evidence_toks": ["'Human", "Development", "and", "Family", "Studies", "'", "is", "a", "major", "name", ";", "wear", "large", "size", "t-shirt", "refers", "to", "t_shirt_size", "=", "'Large", "'"], "difficulty": "moderate"}, {"db_id": "student_club", "question": "Which department was the President of the club in?", "evidence": "'President' is a position of Student Club", "SQL": "SELECT T2.department FROM member AS T1 INNER JOIN major AS T2 ON T1.link_to_major = T2.major_id WHERE T1.position = 'President'", "question_toks": ["Which", "department", "was", "the", "President", "of", "the", "club", "in", "?"], "SQL_toks": ["SELECT", "T2.department", "FROM", "member", "AS", "T1", "INNER", "JOIN", "major", "AS", "T2", "ON", "T1.link_to_major", "=", "T2.major_id", "WHERE", "T1.position", "=", "'President", "'"], "evidence_toks": ["'President", "'", "is", "a", "position", "of", "Student", "Club"], "difficulty": "simple"}, {"db_id": "student_club", "question": "State the date Connor Hilton paid his/her dues.", "evidence": "date the dues was paid refers to received_date where source = 'Dues'", "SQL": "SELECT T2.date_received FROM member AS T1 INNER JOIN income AS T2 ON T1.member_id = T2.link_to_member WHERE T1.first_name = 'Connor' AND T1.last_name = 'Hilton' AND T2.source = 'Dues'", "question_toks": ["State", "the", "date", "Connor", "Hilton", "paid", "his/her", "dues", "."], "SQL_toks": ["SELECT", "T2.date_received", "FROM", "member", "AS", "T1", "INNER", "JOIN", "income", "AS", "T2", "ON", "T1.member_id", "=", "T2.link_to_member", "WHERE", "T1.first_name", "=", "'Connor", "'", "AND", "T1.last_name", "=", "'Hilton", "'", "AND", "T2.source", "=", "'Dues", "'"], "evidence_toks": ["date", "the", "dues", "was", "paid", "refers", "to", "received_date", "where", "source", "=", "'Dues", "'"], "difficulty": "simple"}, {"db_id": "student_club", "question": "What percentage was the budget for Parking to the total budget for the \"November Speaker\"?", "evidence": "DIVDE(SUM( amount where category = 'Parking' and event_name = 'November Speaker'), COUNT(event_name = 'November Speaker)) * 100", "SQL": "SELECT CAST(SUM(CASE WHEN T1.category = 'Parking' THEN T1.amount ELSE 0 END) AS REAL) * 100 / SUM(T1.amount) FROM budget AS T1 INNER JOIN event AS T2 ON T1.link_to_event = T2.event_id WHERE T2.event_name = 'November Speaker'", "question_toks": ["What", "percentage", "was", "the", "budget", "for", "Parking", "to", "the", "total", "budget", "for", "the", "``", "November", "Speaker", "''", "?"], "SQL_toks": ["SELECT", "CAST", "(", "SUM", "(", "CASE", "WHEN", "T1.category", "=", "'Parking", "'", "THEN", "T1.amount", "ELSE", "0", "END", ")", "AS", "REAL", ")", "*", "100", "/", "SUM", "(", "T1.amount", ")", "FROM", "budget", "AS", "T1", "INNER", "JOIN", "event", "AS", "T2", "ON", "T1.link_to_event", "=", "T2.event_id", "WHERE", "T2.event_name", "=", "'November", "Speaker", "'"], "evidence_toks": ["DIVDE", "(", "SUM", "(", "amount", "where", "category", "=", "'Parking", "'", "and", "event_name", "=", "'November", "Speaker", "'", ")", ",", "COUNT", "(", "event_name", "=", "'November", "Speaker", ")", ")", "*", "100"], "difficulty": "moderate"}, {"db_id": "student_club", "question": "How many cities are there in Orange County, Virginia?", "evidence": "Orange County is the county, Virginia is the state", "SQL": "SELECT COUNT(city) FROM zip_code WHERE county = 'Orange County' AND state = 'Virginia'", "question_toks": ["How", "many", "cities", "are", "there", "in", "Orange", "County", ",", "Virginia", "?"], "SQL_toks": ["SELECT", "COUNT", "(", "city", ")", "FROM", "zip_code", "WHERE", "county", "=", "'Orange", "County", "'", "AND", "state", "=", "'Virginia", "'"], "evidence_toks": ["Orange", "County", "is", "the", "county", ",", "Virginia", "is", "the", "state"], "difficulty": "simple"}, {"db_id": "student_club", "question": "List all the members who attended the event \"October Meeting\".", "evidence": "'October Meeting' is an event name;", "SQL": "SELECT DISTINCT T3.member_id FROM event AS T1 INNER JOIN attendance AS T2 ON T1.event_id = T2.link_to_event INNER JOIN member AS T3 ON T2.link_to_member = T3.member_id WHERE T1.event_name = 'October Meeting'", "question_toks": ["List", "all", "the", "members", "who", "attended", "the", "event", "``", "October", "Meeting", "''", "."], "SQL_toks": ["SELECT", "DISTINCT", "T3.member_id", "FROM", "event", "AS", "T1", "INNER", "JOIN", "attendance", "AS", "T2", "ON", "T1.event_id", "=", "T2.link_to_event", "INNER", "JOIN", "member", "AS", "T3", "ON", "T2.link_to_member", "=", "T3.member_id", "WHERE", "T1.event_name", "=", "'October", "Meeting", "'"], "evidence_toks": ["'October", "Meeting", "'", "is", "an", "event", "name", ";"], "difficulty": "simple"}, {"db_id": "student_club", "question": "Which college do most of the members go to?", "evidence": "college most members go refers to MAX(COUNT(major.college))", "SQL": "SELECT T2.college FROM member AS T1 INNER JOIN major AS T2 ON T1.link_to_major = T2.major_id GROUP BY T2.major_id ORDER BY COUNT(T2.college) DESC LIMIT 1", "question_toks": ["Which", "college", "do", "most", "of", "the", "members", "go", "to", "?"], "SQL_toks": ["SELECT", "T2.college", "FROM", "member", "AS", "T1", "INNER", "JOIN", "major", "AS", "T2", "ON", "T1.link_to_major", "=", "T2.major_id", "GROUP", "BY", "T2.major_id", "ORDER", "BY", "COUNT", "(", "T2.college", ")", "DESC", "LIMIT", "1"], "evidence_toks": ["college", "most", "members", "go", "refers", "to", "MAX", "(", "COUNT", "(", "major.college", ")", ")"], "difficulty": "simple"}, {"db_id": "student_club", "question": "What does the person with the phone number \"809-555-3360\" major in?", "evidence": "major in refers to major_name", "SQL": "SELECT T2.major_name FROM member AS T1 INNER JOIN major AS T2 ON T1.link_to_major = T2.major_id WHERE T1.phone = '809-555-3360'", "question_toks": ["What", "does", "the", "person", "with", "the", "phone", "number", "``", "809-555-3360", "''", "major", "in", "?"], "SQL_toks": ["SELECT", "T2.major_name", "FROM", "member", "AS", "T1", "INNER", "JOIN", "major", "AS", "T2", "ON", "T1.link_to_major", "=", "T2.major_id", "WHERE", "T1.phone", "=", "'809-555-3360", "'"], "evidence_toks": ["major", "in", "refers", "to", "major_name"], "difficulty": "simple"}, {"db_id": "student_club", "question": "How many members attended the \"Women's Soccer\" event?", "evidence": "'Women's Soccer' is the event name;", "SQL": "SELECT COUNT(T2.link_to_member) FROM event AS T1 INNER JOIN attendance AS T2 ON T1.event_id = T2.link_to_event WHERE T1.event_name = 'Women''s Soccer'", "question_toks": ["How", "many", "members", "attended", "the", "``", "Women", "'s", "Soccer", "''", "event", "?"], "SQL_toks": ["SELECT", "COUNT", "(", "T2.link_to_member", ")", "FROM", "event", "AS", "T1", "INNER", "JOIN", "attendance", "AS", "T2", "ON", "T1.event_id", "=", "T2.link_to_event", "WHERE", "T1.event_name", "=", "'Women", "''", "s", "Soccer", "'"], "evidence_toks": ["'Women", "'s", "Soccer", "'", "is", "the", "event", "name", ";"], "difficulty": "simple"}, {"db_id": "student_club", "question": "List all the members of the \"School of Applied Sciences, Technology and Education\" department.", "evidence": "list all members means to list all the full name; full name refers to first_name, last_name;", "SQL": "SELECT T1.first_name, T1.last_name FROM member AS T1 INNER JOIN major AS T2 ON T1.link_to_major = T2.major_id WHERE T2.department = 'School of Applied Sciences, Technology AND Education'", "question_toks": ["List", "all", "the", "members", "of", "the", "``", "School", "of", "Applied", "Sciences", ",", "Technology", "and", "Education", "''", "department", "."], "SQL_toks": ["SELECT", "T1.first_name", ",", "T1.last_name", "FROM", "member", "AS", "T1", "INNER", "JOIN", "major", "AS", "T2", "ON", "T1.link_to_major", "=", "T2.major_id", "WHERE", "T2.department", "=", "'School", "of", "Applied", "Sciences", ",", "Technology", "AND", "Education", "'"], "evidence_toks": ["list", "all", "members", "means", "to", "list", "all", "the", "full", "name", ";", "full", "name", "refers", "to", "first_name", ",", "last_name", ";"], "difficulty": "moderate"}, {"db_id": "student_club", "question": "Among all the closed events, which event has the highest spend-to-budget ratio?", "evidence": "closed events refers to event_name where status = 'Closed'; highest spend-to budget ratio refers to MAX(DIVIDE(spent, amount))", "SQL": "SELECT T2.event_name FROM budget AS T1 INNER JOIN event AS T2 ON T1.link_to_event = T2.event_id ORDER BY T1.spent / T1.amount DESC LIMIT 1", "question_toks": ["Among", "all", "the", "closed", "events", ",", "which", "event", "has", "the", "highest", "spend-to-budget", "ratio", "?"], "SQL_toks": ["SELECT", "T2.event_name", "FROM", "budget", "AS", "T1", "INNER", "JOIN", "event", "AS", "T2", "ON", "T1.link_to_event", "=", "T2.event_id", "ORDER", "BY", "T1.spent", "/", "T1.amount", "DESC", "LIMIT", "1"], "evidence_toks": ["closed", "events", "refers", "to", "event_name", "where", "status", "=", "'Closed", "'", ";", "highest", "spend-to", "budget", "ratio", "refers", "to", "MAX", "(", "DIVIDE", "(", "spent", ",", "amount", ")", ")"], "difficulty": "moderate"}, {"db_id": "student_club", "question": "How many student have the position of president?", "evidence": "'President' is a position of Student Club", "SQL": "SELECT COUNT(member_id) FROM member WHERE position = 'President'", "question_toks": ["How", "many", "student", "have", "the", "position", "of", "president", "?"], "SQL_toks": ["SELECT", "COUNT", "(", "member_id", ")", "FROM", "member", "WHERE", "position", "=", "'President", "'"], "evidence_toks": ["'President", "'", "is", "a", "position", "of", "Student", "Club"], "difficulty": "simple"}, {"db_id": "student_club", "question": "List the name of students that have attended more than 7 events.", "evidence": "name of students means the full name; full name refers to first_name, last_name; attended more than 7 events refers to COUNT(link_to_event) > 7", "SQL": "SELECT T1.first_name, T1.last_name FROM member AS T1 INNER JOIN attendance AS T2 ON T1.member_id = T2.link_to_member GROUP BY T2.link_to_member HAVING COUNT(T2.link_to_event) > 7", "question_toks": ["List", "the", "name", "of", "students", "that", "have", "attended", "more", "than", "7", "events", "."], "SQL_toks": ["SELECT", "T1.first_name", ",", "T1.last_name", "FROM", "member", "AS", "T1", "INNER", "JOIN", "attendance", "AS", "T2", "ON", "T1.member_id", "=", "T2.link_to_member", "GROUP", "BY", "T2.link_to_member", "HAVING", "COUNT", "(", "T2.link_to_event", ")", ">", "7"], "evidence_toks": ["name", "of", "students", "means", "the", "full", "name", ";", "full", "name", "refers", "to", "first_name", ",", "last_name", ";", "attended", "more", "than", "7", "events", "refers", "to", "COUNT", "(", "link_to_event", ")", ">", "7"], "difficulty": "moderate"}, {"db_id": "student_club", "question": "Among the students majored in music, who have attended the Community Theater event?", "evidence": "majored in music refers to major_name = 'Music'; 'Community Theater' is the event name;", "SQL": "SELECT T2.first_name FROM major AS T1 INNER JOIN member AS T2 ON T1.major_id = T2.link_to_major INNER JOIN attendance AS T3 ON T2.member_id = T3.link_to_member INNER JOIN event AS T4 ON T3.link_to_event = T4.event_id WHERE T4.event_name = 'Community Theater' AND T1.major_name = 'Music'", "question_toks": ["Among", "the", "students", "majored", "in", "music", ",", "who", "have", "attended", "the", "Community", "Theater", "event", "?"], "SQL_toks": ["SELECT", "T2.first_name", "FROM", "major", "AS", "T1", "INNER", "JOIN", "member", "AS", "T2", "ON", "T1.major_id", "=", "T2.link_to_major", "INNER", "JOIN", "attendance", "AS", "T3", "ON", "T2.member_id", "=", "T3.link_to_member", "INNER", "JOIN", "event", "AS", "T4", "ON", "T3.link_to_event", "=", "T4.event_id", "WHERE", "T4.event_name", "=", "'Community", "Theater", "'", "AND", "T1.major_name", "=", "'Music", "'"], "evidence_toks": ["majored", "in", "music", "refers", "to", "major_name", "=", "'Music", "'", ";", "'Community", "Theater", "'", "is", "the", "event", "name", ";"], "difficulty": "moderate"}, {"db_id": "student_club", "question": "State the name of students from Fleetwood, Pennsylvania.", "evidence": "name of students means the full name; full name refers to first_name, last_name; Fleetwood is a city; Pennsylvania is a state", "SQL": "SELECT T1.first_name FROM member AS T1 INNER JOIN zip_code AS T2 ON T1.zip = T2.zip_code WHERE T2.city = 'Fleetwood' AND T2.state = 'Pennsylvania'", "question_toks": ["State", "the", "name", "of", "students", "from", "Fleetwood", ",", "Pennsylvania", "."], "SQL_toks": ["SELECT", "T1.first_name", "FROM", "member", "AS", "T1", "INNER", "JOIN", "zip_code", "AS", "T2", "ON", "T1.zip", "=", "T2.zip_code", "WHERE", "T2.city", "=", "'Fleetwood", "'", "AND", "T2.state", "=", "'Pennsylvania", "'"], "evidence_toks": ["name", "of", "students", "means", "the", "full", "name", ";", "full", "name", "refers", "to", "first_name", ",", "last_name", ";", "Fleetwood", "is", "a", "city", ";", "Pennsylvania", "is", "a", "state"], "difficulty": "simple"}, {"db_id": "student_club", "question": "How many income generated by Grant Gilmour?", "evidence": "income generated refers to income.amount", "SQL": "SELECT T2.amount FROM member AS T1 INNER JOIN income AS T2 ON T1.member_id = T2.link_to_member WHERE T1.first_name = 'Grant' AND T1.last_name = 'Gilmour'", "question_toks": ["How", "many", "income", "generated", "by", "Grant", "Gilmour", "?"], "SQL_toks": ["SELECT", "T2.amount", "FROM", "member", "AS", "T1", "INNER", "JOIN", "income", "AS", "T2", "ON", "T1.member_id", "=", "T2.link_to_member", "WHERE", "T1.first_name", "=", "'Grant", "'", "AND", "T1.last_name", "=", "'Gilmour", "'"], "evidence_toks": ["income", "generated", "refers", "to", "income.amount"], "difficulty": "simple"}, {"db_id": "student_club", "question": "Which student was able to generate income more than $50?", "evidence": "name of students means the full name; full name refers to first_name, last_name; generate income more than $50 refers to income.amount > 50", "SQL": "SELECT T1.first_name FROM member AS T1 INNER JOIN income AS T2 ON T1.member_id = T2.link_to_member WHERE T2.amount > 50", "question_toks": ["Which", "student", "was", "able", "to", "generate", "income", "more", "than", "$", "50", "?"], "SQL_toks": ["SELECT", "T1.first_name", "FROM", "member", "AS", "T1", "INNER", "JOIN", "income", "AS", "T2", "ON", "T1.member_id", "=", "T2.link_to_member", "WHERE", "T2.amount", ">", "50"], "evidence_toks": ["name", "of", "students", "means", "the", "full", "name", ";", "full", "name", "refers", "to", "first_name", ",", "last_name", ";", "generate", "income", "more", "than", "$", "50", "refers", "to", "income.amount", ">", "50"], "difficulty": "simple"}, {"db_id": "student_club", "question": "What is the total expense for the Yearly Kickoff?", "evidence": "'Baseball game' is an event name; total expense refers to SUM(cost)", "SQL": "SELECT SUM(T3.cost) FROM event AS T1 INNER JOIN budget AS T2 ON T1.event_id = T2.link_to_event INNER JOIN expense AS T3 ON T2.budget_id = T3.link_to_budget WHERE T1.event_name = 'Yearly Kickoff'", "question_toks": ["What", "is", "the", "total", "expense", "for", "the", "Yearly", "Kickoff", "?"], "SQL_toks": ["SELECT", "SUM", "(", "T3.cost", ")", "FROM", "event", "AS", "T1", "INNER", "JOIN", "budget", "AS", "T2", "ON", "T1.event_id", "=", "T2.link_to_event", "INNER", "JOIN", "expense", "AS", "T3", "ON", "T2.budget_id", "=", "T3.link_to_budget", "WHERE", "T1.event_name", "=", "'Yearly", "Kickoff", "'"], "evidence_toks": ["'Baseball", "game", "'", "is", "an", "event", "name", ";", "total", "expense", "refers", "to", "SUM", "(", "cost", ")"], "difficulty": "simple"}, {"db_id": "student_club", "question": "Which students manage to generate the highest income. State his/her name along with the income source.", "evidence": "name of students means the full name; full name refers to first_name, last_name; generate the highest income refers to MAX(income.amount);", "SQL": "SELECT T1.first_name, T1.last_name, T2.source FROM member AS T1 INNER JOIN income AS T2 ON T1.member_id = T2.link_to_member ORDER BY T2.amount DESC LIMIT 1", "question_toks": ["Which", "students", "manage", "to", "generate", "the", "highest", "income", ".", "State", "his/her", "name", "along", "with", "the", "income", "source", "."], "SQL_toks": ["SELECT", "T1.first_name", ",", "T1.last_name", ",", "T2.source", "FROM", "member", "AS", "T1", "INNER", "JOIN", "income", "AS", "T2", "ON", "T1.member_id", "=", "T2.link_to_member", "ORDER", "BY", "T2.amount", "DESC", "LIMIT", "1"], "evidence_toks": ["name", "of", "students", "means", "the", "full", "name", ";", "full", "name", "refers", "to", "first_name", ",", "last_name", ";", "generate", "the", "highest", "income", "refers", "to", "MAX", "(", "income.amount", ")", ";"], "difficulty": "moderate"}, {"db_id": "student_club", "question": "Indicate the top source of funds received in September 2019 based on their amount.", "evidence": "top source funds refers to MAX(source) where date_received BETWEEN '2019-09-01' and '2019-09-30'", "SQL": "SELECT source FROM income WHERE amount = ( SELECT MAX(amount) FROM income )", "question_toks": ["Indicate", "the", "top", "source", "of", "funds", "received", "in", "September", "2019", "based", "on", "their", "amount", "."], "SQL_toks": ["SELECT", "source", "FROM", "income", "WHERE", "amount", "=", "(", "SELECT", "MAX", "(", "amount", ")", "FROM", "income", ")"], "evidence_toks": ["top", "source", "funds", "refers", "to", "MAX", "(", "source", ")", "where", "date_received", "BETWEEN", "'2019-09-01", "'", "and", "'2019-09-30", "'"], "difficulty": "simple"}, {"db_id": "student_club", "question": "Provide the full name and email address of the Student_Club's Secretary.", "evidence": "full name refers to first_name, last_name; 'Secretary' is a position of Student Club", "SQL": "SELECT first_name, last_name, email FROM member WHERE position = 'Secretary'", "question_toks": ["Provide", "the", "full", "name", "and", "email", "address", "of", "the", "Student_Club", "'s", "Secretary", "."], "SQL_toks": ["SELECT", "first_name", ",", "last_name", ",", "email", "FROM", "member", "WHERE", "position", "=", "'Secretary", "'"], "evidence_toks": ["full", "name", "refers", "to", "first_name", ",", "last_name", ";", "'Secretary", "'", "is", "a", "position", "of", "Student", "Club"], "difficulty": "simple"}, {"db_id": "student_club", "question": "How many members did attend the event 'Community Theater' in 2019?", "evidence": "event 'Community Theater' in 2019 refers to event_name = 'Community Theater' where YEAR(event_date) = 2019", "SQL": "SELECT COUNT(T2.link_to_member) FROM event AS T1 INNER JOIN attendance AS T2 ON T1.event_id = T2.link_to_event WHERE T1.event_name = 'Community Theater' AND SUBSTR(T1.event_date, 1, 4) = '2019'", "question_toks": ["How", "many", "members", "did", "attend", "the", "event", "'Community", "Theater", "'", "in", "2019", "?"], "SQL_toks": ["SELECT", "COUNT", "(", "T2.link_to_member", ")", "FROM", "event", "AS", "T1", "INNER", "JOIN", "attendance", "AS", "T2", "ON", "T1.event_id", "=", "T2.link_to_event", "WHERE", "T1.event_name", "=", "'Community", "Theater", "'", "AND", "SUBSTR", "(", "T1.event_date", ",", "1", ",", "4", ")", "=", "'2019", "'"], "evidence_toks": ["event", "'Community", "Theater", "'", "in", "2019", "refers", "to", "event_name", "=", "'Community", "Theater", "'", "where", "YEAR", "(", "event_date", ")", "=", "2019"], "difficulty": "moderate"}, {"db_id": "student_club", "question": "Provide the number of events attended by Luisa Guidi. What is her major?", "evidence": "major refers to major_name;", "SQL": "SELECT COUNT(T3.link_to_event), T1.major_name FROM major AS T1 INNER JOIN member AS T2 ON T1.major_id = T2.link_to_major INNER JOIN attendance AS T3 ON T2.member_id = T3.link_to_member WHERE T2.first_name = 'Luisa' AND T2.last_name = 'Guidi'", "question_toks": ["Provide", "the", "number", "of", "events", "attended", "by", "Luisa", "Guidi", ".", "What", "is", "her", "major", "?"], "SQL_toks": ["SELECT", "COUNT", "(", "T3.link_to_event", ")", ",", "T1.major_name", "FROM", "major", "AS", "T1", "INNER", "JOIN", "member", "AS", "T2", "ON", "T1.major_id", "=", "T2.link_to_major", "INNER", "JOIN", "attendance", "AS", "T3", "ON", "T2.member_id", "=", "T3.link_to_member", "WHERE", "T2.first_name", "=", "'Luisa", "'", "AND", "T2.last_name", "=", "'Guidi", "'"], "evidence_toks": ["major", "refers", "to", "major_name", ";"], "difficulty": "simple"}, {"db_id": "student_club", "question": "On average, how much did the Student_Club spend on food for the typical event in the past?", "evidence": "DIVIDE(SUM(spent), COUNT(spent)) where category = 'Food'; 'event in the past' means event_status = 'Closed'", "SQL": "SELECT SUM(spent) / COUNT(spent) FROM budget WHERE category = 'Food' AND event_status = 'Closed'", "question_toks": ["On", "average", ",", "how", "much", "did", "the", "Student_Club", "spend", "on", "food", "for", "the", "typical", "event", "in", "the", "past", "?"], "SQL_toks": ["SELECT", "SUM", "(", "spent", ")", "/", "COUNT", "(", "spent", ")", "FROM", "budget", "WHERE", "category", "=", "'Food", "'", "AND", "event_status", "=", "'Closed", "'"], "evidence_toks": ["DIVIDE", "(", "SUM", "(", "spent", ")", ",", "COUNT", "(", "spent", ")", ")", "where", "category", "=", "'Food", "'", ";", "'event", "in", "the", "past", "'", "means", "event_status", "=", "'Closed", "'"], "difficulty": "simple"}, {"db_id": "student_club", "question": "Name the event with the highest amount spent on advertisement.", "evidence": "event refers to event_name; highest amount spent on advertisement refers to MAX(spent) where category = 'Advertisement'", "SQL": "SELECT T2.event_name FROM budget AS T1 INNER JOIN event AS T2 ON T1.link_to_event = T2.event_id WHERE T1.category = 'Advertisement' ORDER BY T1.spent DESC LIMIT 1", "question_toks": ["Name", "the", "event", "with", "the", "highest", "amount", "spent", "on", "advertisement", "."], "SQL_toks": ["SELECT", "T2.event_name", "FROM", "budget", "AS", "T1", "INNER", "JOIN", "event", "AS", "T2", "ON", "T1.link_to_event", "=", "T2.event_id", "WHERE", "T1.category", "=", "'Advertisement", "'", "ORDER", "BY", "T1.spent", "DESC", "LIMIT", "1"], "evidence_toks": ["event", "refers", "to", "event_name", ";", "highest", "amount", "spent", "on", "advertisement", "refers", "to", "MAX", "(", "spent", ")", "where", "category", "=", "'Advertisement", "'"], "difficulty": "moderate"}, {"db_id": "student_club", "question": "Did Maya Mclean attend the 'Women's Soccer' event?", "evidence": "'Women's Soccer' is an event name", "SQL": "SELECT CASE WHEN T3.event_name = 'Women''s Soccer' THEN 'YES' END AS result FROM member AS T1 INNER JOIN attendance AS T2 ON T1.member_id = T2.link_to_member INNER JOIN event AS T3 ON T2.link_to_event = T3.event_id WHERE T1.first_name = 'Maya' AND T1.last_name = 'Mclean'", "question_toks": ["Did", "Maya", "Mclean", "attend", "the", "'Women", "'s", "Soccer", "'", "event", "?"], "SQL_toks": ["SELECT", "CASE", "WHEN", "T3.event_name", "=", "'Women", "''", "s", "Soccer", "'", "THEN", "'YES", "'", "END", "AS", "result", "FROM", "member", "AS", "T1", "INNER", "JOIN", "attendance", "AS", "T2", "ON", "T1.member_id", "=", "T2.link_to_member", "INNER", "JOIN", "event", "AS", "T3", "ON", "T2.link_to_event", "=", "T3.event_id", "WHERE", "T1.first_name", "=", "'Maya", "'", "AND", "T1.last_name", "=", "'Mclean", "'"], "evidence_toks": ["'Women", "'s", "Soccer", "'", "is", "an", "event", "name"], "difficulty": "moderate"}, {"db_id": "student_club", "question": "Indicate the cost of posters for 'September Speaker' event.", "evidence": "'Posters' is the expense description; 'September Speaker' is an event name", "SQL": "SELECT T3.cost FROM event AS T1 INNER JOIN budget AS T2 ON T1.event_id = T2.link_to_event INNER JOIN expense AS T3 ON T2.budget_id = T3.link_to_budget WHERE T1.event_name = 'September Speaker' AND T3.expense_description = 'Posters'", "question_toks": ["Indicate", "the", "cost", "of", "posters", "for", "'September", "Speaker", "'", "event", "."], "SQL_toks": ["SELECT", "T3.cost", "FROM", "event", "AS", "T1", "INNER", "JOIN", "budget", "AS", "T2", "ON", "T1.event_id", "=", "T2.link_to_event", "INNER", "JOIN", "expense", "AS", "T3", "ON", "T2.budget_id", "=", "T3.link_to_budget", "WHERE", "T1.event_name", "=", "'September", "Speaker", "'", "AND", "T3.expense_description", "=", "'Posters", "'"], "evidence_toks": ["'Posters", "'", "is", "the", "expense", "description", ";", "'September", "Speaker", "'", "is", "an", "event", "name"], "difficulty": "moderate"}, {"db_id": "student_club", "question": "Among the budgets for Food, which one has the highest budgeted amount?", "evidence": "MAX(amount) where category = 'Food'", "SQL": "SELECT budget_id FROM budget WHERE category = 'Food' AND amount = ( SELECT MAX(amount) FROM budget )", "question_toks": ["Among", "the", "budgets", "for", "Food", ",", "which", "one", "has", "the", "highest", "budgeted", "amount", "?"], "SQL_toks": ["SELECT", "budget_id", "FROM", "budget", "WHERE", "category", "=", "'Food", "'", "AND", "amount", "=", "(", "SELECT", "MAX", "(", "amount", ")", "FROM", "budget", ")"], "evidence_toks": ["MAX", "(", "amount", ")", "where", "category", "=", "'Food", "'"], "difficulty": "simple"}, {"db_id": "student_club", "question": "Calculate the total cost spent for Parking in the list.", "evidence": "total cost spent for Parking refers to SUM(cost) where expense_description = 'Parking'", "SQL": "SELECT SUM(cost) FROM expense WHERE expense_description = 'Parking'", "question_toks": ["Calculate", "the", "total", "cost", "spent", "for", "Parking", "in", "the", "list", "."], "SQL_toks": ["SELECT", "SUM", "(", "cost", ")", "FROM", "expense", "WHERE", "expense_description", "=", "'Parking", "'"], "evidence_toks": ["total", "cost", "spent", "for", "Parking", "refers", "to", "SUM", "(", "cost", ")", "where", "expense_description", "=", "'Parking", "'"], "difficulty": "simple"}, {"db_id": "student_club", "question": "List out the full name and total cost that member id \"rec4BLdZHS2Blfp4v\" incurred?", "evidence": "full name refers to first_name, last name", "SQL": "SELECT T1.first_name, T1.last_name, SUM(T2.cost) FROM member AS T1 INNER JOIN expense AS T2 ON T1.member_id = T2.link_to_member WHERE T1.member_id = 'rec4BLdZHS2Blfp4v'", "question_toks": ["List", "out", "the", "full", "name", "and", "total", "cost", "that", "member", "id", "``", "rec4BLdZHS2Blfp4v", "''", "incurred", "?"], "SQL_toks": ["SELECT", "T1.first_name", ",", "T1.last_name", ",", "SUM", "(", "T2.cost", ")", "FROM", "member", "AS", "T1", "INNER", "JOIN", "expense", "AS", "T2", "ON", "T1.member_id", "=", "T2.link_to_member", "WHERE", "T1.member_id", "=", "'rec4BLdZHS2Blfp4v", "'"], "evidence_toks": ["full", "name", "refers", "to", "first_name", ",", "last", "name"], "difficulty": "simple"}, {"db_id": "student_club", "question": "State what kind of expenses that Trent Smith incurred?", "evidence": "kind of expenses refers to expense_description", "SQL": "SELECT T2.expense_description FROM member AS T1 INNER JOIN expense AS T2 ON T1.member_id = T2.link_to_member WHERE T1.first_name = 'Trent' AND T1.last_name = 'Smith'", "question_toks": ["State", "what", "kind", "of", "expenses", "that", "Trent", "Smith", "incurred", "?"], "SQL_toks": ["SELECT", "T2.expense_description", "FROM", "member", "AS", "T1", "INNER", "JOIN", "expense", "AS", "T2", "ON", "T1.member_id", "=", "T2.link_to_member", "WHERE", "T1.first_name", "=", "'Trent", "'", "AND", "T1.last_name", "=", "'Smith", "'"], "evidence_toks": ["kind", "of", "expenses", "refers", "to", "expense_description"], "difficulty": "simple"}, {"db_id": "student_club", "question": "What kind of expenses incurred by members who have X-Large in size of tee shirt?", "evidence": "kind of expenses refers to expense_description; t_shirt_size = 'X-Large'", "SQL": "SELECT T2.expense_description FROM member AS T1 INNER JOIN expense AS T2 ON T1.member_id = T2.link_to_member WHERE T1.t_shirt_size = 'X-Large'", "question_toks": ["What", "kind", "of", "expenses", "incurred", "by", "members", "who", "have", "X-Large", "in", "size", "of", "tee", "shirt", "?"], "SQL_toks": ["SELECT", "T2.expense_description", "FROM", "member", "AS", "T1", "INNER", "JOIN", "expense", "AS", "T2", "ON", "T1.member_id", "=", "T2.link_to_member", "WHERE", "T1.t_shirt_size", "=", "'", "X-Large", "'"], "evidence_toks": ["kind", "of", "expenses", "refers", "to", "expense_description", ";", "t_shirt_size", "=", "'", "X-Large", "'"], "difficulty": "simple"}, {"db_id": "student_club", "question": "Mention the zip code of member who incurred less than 50USD.", "evidence": "incurred less than 50USD refers to cost < 50", "SQL": "SELECT T1.zip FROM member AS T1 INNER JOIN expense AS T2 ON T1.member_id = T2.link_to_member WHERE T2.cost < 50", "question_toks": ["Mention", "the", "zip", "code", "of", "member", "who", "incurred", "less", "than", "50USD", "."], "SQL_toks": ["SELECT", "T1.zip", "FROM", "member", "AS", "T1", "INNER", "JOIN", "expense", "AS", "T2", "ON", "T1.member_id", "=", "T2.link_to_member", "WHERE", "T2.cost", "<", "50"], "evidence_toks": ["incurred", "less", "than", "50USD", "refers", "to", "cost", "<", "50"], "difficulty": "simple"}, {"db_id": "student_club", "question": "State the name of major that Phillip Cullen has joined.", "evidence": "name of major refers to major_name", "SQL": "SELECT T1.major_name FROM major AS T1 INNER JOIN member AS T2 ON T1.major_id = T2.link_to_major WHERE T2.first_name = 'Phillip' AND T2.last_name = 'Cullen'", "question_toks": ["State", "the", "name", "of", "major", "that", "Phillip", "Cullen", "has", "joined", "."], "SQL_toks": ["SELECT", "T1.major_name", "FROM", "major", "AS", "T1", "INNER", "JOIN", "member", "AS", "T2", "ON", "T1.major_id", "=", "T2.link_to_major", "WHERE", "T2.first_name", "=", "'Phillip", "'", "AND", "T2.last_name", "=", "'Cullen", "'"], "evidence_toks": ["name", "of", "major", "refers", "to", "major_name"], "difficulty": "simple"}, {"db_id": "student_club", "question": "How many members of Business have the Medium size of tee shirt?", "evidence": "members of Economics refers to major_name = 'Business'; t_shirt_size = 'Medium'", "SQL": "SELECT COUNT(T2.member_id) FROM major AS T1 INNER JOIN member AS T2 ON T1.major_id = T2.link_to_major WHERE T1.major_name = 'Business' AND T2.t_shirt_size = 'Medium'", "question_toks": ["How", "many", "members", "of", "Business", "have", "the", "Medium", "size", "of", "tee", "shirt", "?"], "SQL_toks": ["SELECT", "COUNT", "(", "T2.member_id", ")", "FROM", "major", "AS", "T1", "INNER", "JOIN", "member", "AS", "T2", "ON", "T1.major_id", "=", "T2.link_to_major", "WHERE", "T1.major_name", "=", "'Business", "'", "AND", "T2.t_shirt_size", "=", "'Medium", "'"], "evidence_toks": ["members", "of", "Economics", "refers", "to", "major_name", "=", "'Business", "'", ";", "t_shirt_size", "=", "'Medium", "'"], "difficulty": "simple"}, {"db_id": "student_club", "question": "List out the type of events which have remaining budget more than 30 USD.", "evidence": "remaining budget more than 30 USD refers to remaining > 30", "SQL": "SELECT T1.type FROM event AS T1 INNER JOIN budget AS T2 ON T1.event_id = T2.link_to_event WHERE T2.remaining > 30", "question_toks": ["List", "out", "the", "type", "of", "events", "which", "have", "remaining", "budget", "more", "than", "30", "USD", "."], "SQL_toks": ["SELECT", "T1.type", "FROM", "event", "AS", "T1", "INNER", "JOIN", "budget", "AS", "T2", "ON", "T1.event_id", "=", "T2.link_to_event", "WHERE", "T2.remaining", ">", "30"], "evidence_toks": ["remaining", "budget", "more", "than", "30", "USD", "refers", "to", "remaining", ">", "30"], "difficulty": "simple"}, {"db_id": "student_club", "question": "State the name of major that Vice President has joined.", "evidence": "name of major refers to major_name; 'Vice President' is position of Student Club", "SQL": "SELECT T1.major_name FROM major AS T1 INNER JOIN member AS T2 ON T1.major_id = T2.link_to_major WHERE T2.position = 'Vice President'", "question_toks": ["State", "the", "name", "of", "major", "that", "Vice", "President", "has", "joined", "."], "SQL_toks": ["SELECT", "T1.major_name", "FROM", "major", "AS", "T1", "INNER", "JOIN", "member", "AS", "T2", "ON", "T1.major_id", "=", "T2.link_to_major", "WHERE", "T2.position", "=", "'Vice", "President", "'"], "evidence_toks": ["name", "of", "major", "refers", "to", "major_name", ";", "'Vice", "President", "'", "is", "position", "of", "Student", "Club"], "difficulty": "simple"}, {"db_id": "student_club", "question": "Calculate the percentage of members who are major Mathematics in the list?", "evidence": "DIVIDE(SUM(position = 'Member' and major_name = 'Mathematics'), COUNT(member_id)) * 100", "SQL": "SELECT CAST(SUM(CASE WHEN T2.major_name = 'Mathematics' THEN 1 ELSE 0 END) AS REAL) * 100 / COUNT(T1.member_id) FROM member AS T1 INNER JOIN major AS T2 ON T2.major_id = T1.link_to_major WHERE T1.position = 'Member'", "question_toks": ["Calculate", "the", "percentage", "of", "members", "who", "are", "major", "Mathematics", "in", "the", "list", "?"], "SQL_toks": ["SELECT", "CAST", "(", "SUM", "(", "CASE", "WHEN", "T2.major_name", "=", "'Mathematics", "'", "THEN", "1", "ELSE", "0", "END", ")", "AS", "REAL", ")", "*", "100", "/", "COUNT", "(", "T1.member_id", ")", "FROM", "member", "AS", "T1", "INNER", "JOIN", "major", "AS", "T2", "ON", "T2.major_id", "=", "T1.link_to_major", "WHERE", "T1.position", "=", "'Member", "'"], "evidence_toks": ["DIVIDE", "(", "SUM", "(", "position", "=", "'Member", "'", "and", "major_name", "=", "'Mathematics", "'", ")", ",", "COUNT", "(", "member_id", ")", ")", "*", "100"], "difficulty": "moderate"}, {"db_id": "student_club", "question": "How many income are received with an amount of 50?", "evidence": "amount of 50 refers to amount = 50", "SQL": "SELECT COUNT(income_id) FROM income WHERE amount = 50", "question_toks": ["How", "many", "income", "are", "received", "with", "an", "amount", "of", "50", "?"], "SQL_toks": ["SELECT", "COUNT", "(", "income_id", ")", "FROM", "income", "WHERE", "amount", "=", "50"], "evidence_toks": ["amount", "of", "50", "refers", "to", "amount", "=", "50"], "difficulty": "simple"}, {"db_id": "student_club", "question": "List the city and state of members enrolled under electrical and computer engineering department.", "evidence": "'Electrical and Computer Engineering Department' is the department; members enrolled refers to position = 'Member'", "SQL": "SELECT city, state FROM member AS T1 INNER JOIN major AS T2 ON T2.major_id = T1.link_to_major INNER JOIN zip_code AS T3 ON T3.zip_code = T1.zip WHERE department = 'Electrical AND Computer Engineering Department' AND position = 'Member'", "question_toks": ["List", "the", "city", "and", "state", "of", "members", "enrolled", "under", "electrical", "and", "computer", "engineering", "department", "."], "SQL_toks": ["SELECT", "city", ",", "state", "FROM", "member", "AS", "T1", "INNER", "JOIN", "major", "AS", "T2", "ON", "T2.major_id", "=", "T1.link_to_major", "INNER", "JOIN", "zip_code", "AS", "T3", "ON", "T3.zip_code", "=", "T1.zip", "WHERE", "department", "=", "'Electrical", "AND", "Computer", "Engineering", "Department", "'", "AND", "position", "=", "'Member", "'"], "evidence_toks": ["'Electrical", "and", "Computer", "Engineering", "Department", "'", "is", "the", "department", ";", "members", "enrolled", "refers", "to", "position", "=", "'Member", "'"], "difficulty": "moderate"}, {"db_id": "student_club", "question": "What is the last name and position of the student that bought pizza on 03/09/2019?", "evidence": "bought pizza on 03/09/2019 refers to expense_description = 'Pizza' where expense_date = '2019-09-03'", "SQL": "SELECT T1.last_name, T1.position FROM member AS T1 INNER JOIN expense AS T2 ON T1.member_id = T2.link_to_member WHERE T2.expense_date = '2019-03-09' AND T2.expense_description = 'Pizza'", "question_toks": ["What", "is", "the", "last", "name", "and", "position", "of", "the", "student", "that", "bought", "pizza", "on", "03/09/2019", "?"], "SQL_toks": ["SELECT", "T1.last_name", ",", "T1.position", "FROM", "member", "AS", "T1", "INNER", "JOIN", "expense", "AS", "T2", "ON", "T1.member_id", "=", "T2.link_to_member", "WHERE", "T2.expense_date", "=", "'2019-03-09", "'", "AND", "T2.expense_description", "=", "'Pizza", "'"], "evidence_toks": ["bought", "pizza", "on", "03/09/2019", "refers", "to", "expense_description", "=", "'Pizza", "'", "where", "expense_date", "=", "'2019-09-03", "'"], "difficulty": "moderate"}, {"db_id": "student_club", "question": "Among the members with t-shirt size of medium, what is the percentage of the amount 50 received by the Student_Club?", "evidence": "t_shirt_size = 'Medium' where position = 'Member'; percentage = DIVIDE(COUNT(amount = 50), COUNT(member_id)) * 100", "SQL": "SELECT CAST(SUM(CASE WHEN T2.amount = 50 THEN 1.0 ELSE 0 END) AS REAL) * 100 / COUNT(T2.income_id) FROM member AS T1 INNER JOIN income AS T2 ON T1.member_id = T2.link_to_member WHERE T1.position = 'Member'", "question_toks": ["Among", "the", "members", "with", "t-shirt", "size", "of", "medium", ",", "what", "is", "the", "percentage", "of", "the", "amount", "50", "received", "by", "the", "Student_Club", "?"], "SQL_toks": ["SELECT", "CAST", "(", "SUM", "(", "CASE", "WHEN", "T2.amount", "=", "50", "THEN", "1.0", "ELSE", "0", "END", ")", "AS", "REAL", ")", "*", "100", "/", "COUNT", "(", "T2.income_id", ")", "FROM", "member", "AS", "T1", "INNER", "JOIN", "income", "AS", "T2", "ON", "T1.member_id", "=", "T2.link_to_member", "WHERE", "T1.position", "=", "'Member", "'"], "evidence_toks": ["t_shirt_size", "=", "'Medium", "'", "where", "position", "=", "'Member", "'", ";", "percentage", "=", "DIVIDE", "(", "COUNT", "(", "amount", "=", "50", ")", ",", "COUNT", "(", "member_id", ")", ")", "*", "100"], "difficulty": "moderate"}, {"db_id": "student_club", "question": "What are the zip codes that have post office boxes in the country of the country of San Juan Municipio whose state is Puerto Rico?", "evidence": "zip codes that have post office boxes refers to type = 'PO Box'", "SQL": "SELECT zip_code FROM zip_code WHERE type = 'PO Box' AND county = 'San Juan Municipio' AND state = 'Puerto Rico'", "question_toks": ["What", "are", "the", "zip", "codes", "that", "have", "post", "office", "boxes", "in", "the", "country", "of", "the", "country", "of", "San", "Juan", "Municipio", "whose", "state", "is", "Puerto", "Rico", "?"], "SQL_toks": ["SELECT", "zip_code", "FROM", "zip_code", "WHERE", "type", "=", "'PO", "Box", "'", "AND", "county", "=", "'San", "Juan", "Municipio", "'", "AND", "state", "=", "'Puerto", "Rico", "'"], "evidence_toks": ["zip", "codes", "that", "have", "post", "office", "boxes", "refers", "to", "type", "=", "'PO", "Box", "'"], "difficulty": "simple"}, {"db_id": "student_club", "question": "Please indicate the college of the person whose first name is Katy with the link to the major \"rec1N0upiVLy5esTO\".", "evidence": "", "SQL": "SELECT T2.college FROM member AS T1 INNER JOIN major AS T2 ON T2.major_id = T1.link_to_major WHERE T1.link_to_major = 'rec1N0upiVLy5esTO' AND T1.first_name = 'Katy'", "question_toks": ["Please", "indicate", "the", "college", "of", "the", "person", "whose", "first", "name", "is", "Katy", "with", "the", "link", "to", "the", "major", "``", "rec1N0upiVLy5esTO", "''", "."], "SQL_toks": ["SELECT", "T2.college", "FROM", "member", "AS", "T1", "INNER", "JOIN", "major", "AS", "T2", "ON", "T2.major_id", "=", "T1.link_to_major", "WHERE", "T1.link_to_major", "=", "'rec1N0upiVLy5esTO", "'", "AND", "T1.first_name", "=", "'Katy", "'"], "evidence_toks": [], "difficulty": "simple"}, {"db_id": "student_club", "question": "How many members have education major in the College of Education & Human Services?", "evidence": "'education' is the major name; 'Member' is a position of club;", "SQL": "SELECT COUNT(T1.member_id) FROM member AS T1 INNER JOIN major AS T2 ON T2.major_id = T1.link_to_major WHERE T1.position = 'Member' AND T2.major_name LIKE '%Education%' AND T2.college = 'College of Education & Human Services'", "question_toks": ["How", "many", "members", "have", "education", "major", "in", "the", "College", "of", "Education", "&", "Human", "Services", "?"], "SQL_toks": ["SELECT", "COUNT", "(", "T1.member_id", ")", "FROM", "member", "AS", "T1", "INNER", "JOIN", "major", "AS", "T2", "ON", "T2.major_id", "=", "T1.link_to_major", "WHERE", "T1.position", "=", "'Member", "'", "AND", "T2.major_name", "LIKE", "'", "%", "Education", "%", "'", "AND", "T2.college", "=", "'College", "of", "Education", "&", "Human", "Services", "'"], "evidence_toks": ["'education", "'", "is", "the", "major", "name", ";", "'Member", "'", "is", "a", "position", "of", "club", ";"], "difficulty": "moderate"}, {"db_id": "student_club", "question": "What is the percentage of the events that went over budget?", "evidence": "went over budget refers to remaining < 0; percentage = DIVIDE(SUM(remaining < 0), COUNT(event_id)) * 100", "SQL": "SELECT CAST(SUM(CASE WHEN remaining < 0 THEN 1 ELSE 0 END) AS REAL) * 100 / COUNT(budget_id) FROM budget", "question_toks": ["What", "is", "the", "percentage", "of", "the", "events", "that", "went", "over", "budget", "?"], "SQL_toks": ["SELECT", "CAST", "(", "SUM", "(", "CASE", "WHEN", "remaining", "<", "0", "THEN", "1", "ELSE", "0", "END", ")", "AS", "REAL", ")", "*", "100", "/", "COUNT", "(", "budget_id", ")", "FROM", "budget"], "evidence_toks": ["went", "over", "budget", "refers", "to", "remaining", "<", "0", ";", "percentage", "=", "DIVIDE", "(", "SUM", "(", "remaining", "<", "0", ")", ",", "COUNT", "(", "event_id", ")", ")", "*", "100"], "difficulty": "simple"}, {"db_id": "student_club", "question": "List the expenses that spend more than fifty dollars on average.", "evidence": "expense refers to expense_description; spend more than fifty dollars on average refers to DIVIDE( SUM(cost), COUNT(expense_id) ) > 50", "SQL": "SELECT expense_description FROM expense GROUP BY expense_description HAVING AVG(cost) > 50", "question_toks": ["List", "the", "expenses", "that", "spend", "more", "than", "fifty", "dollars", "on", "average", "."], "SQL_toks": ["SELECT", "expense_description", "FROM", "expense", "GROUP", "BY", "expense_description", "HAVING", "AVG", "(", "cost", ")", ">", "50"], "evidence_toks": ["expense", "refers", "to", "expense_description", ";", "spend", "more", "than", "fifty", "dollars", "on", "average", "refers", "to", "DIVIDE", "(", "SUM", "(", "cost", ")", ",", "COUNT", "(", "expense_id", ")", ")", ">", "50"], "difficulty": "simple"}, {"db_id": "student_club", "question": "Find the name and date of events with expenses for pizza that were more than fifty dollars but less than a hundred dollars.", "evidence": "name of event refers to event_name; date of event refers to event_date; expenses for pizza refers to expense_description = 'Pizza' where cost > 50 and cost < 100", "SQL": "SELECT T1.event_name, T1.event_date FROM event AS T1 INNER JOIN budget AS T2 ON T1.event_id = T2.link_to_event INNER JOIN expense AS T3 ON T2.budget_id = T3.link_to_budget WHERE T3.expense_description = 'Pizza' AND 50 < T3.cost OR T3.cost < 100", "question_toks": ["Find", "the", "name", "and", "date", "of", "events", "with", "expenses", "for", "pizza", "that", "were", "more", "than", "fifty", "dollars", "but", "less", "than", "a", "hundred", "dollars", "."], "SQL_toks": ["SELECT", "T1.event_name", ",", "T1.event_date", "FROM", "event", "AS", "T1", "INNER", "JOIN", "budget", "AS", "T2", "ON", "T1.event_id", "=", "T2.link_to_event", "INNER", "JOIN", "expense", "AS", "T3", "ON", "T2.budget_id", "=", "T3.link_to_budget", "WHERE", "T3.expense_description", "=", "'Pizza", "'", "AND", "50", "<", "T3.cost", "OR", "T3.cost", "<", "100"], "evidence_toks": ["name", "of", "event", "refers", "to", "event_name", ";", "date", "of", "event", "refers", "to", "event_date", ";", "expenses", "for", "pizza", "refers", "to", "expense_description", "=", "'Pizza", "'", "where", "cost", ">", "50", "and", "cost", "<", "100"], "difficulty": "challenging"}, {"db_id": "student_club", "question": "Among the members who incurred expenses in more than one event, who paid the most amount?", "evidence": "paid the most amount refers to for expense incurred in more than one event refers to MAX(cost where COUNT(event_id) > 1)", "SQL": "SELECT T2.member_id FROM expense AS T1 INNER JOIN member AS T2 ON T1.link_to_member = T2.member_id INNER JOIN budget AS T3 ON T1.link_to_budget = T3.budget_id INNER JOIN event AS T4 ON T3.link_to_event = T4.event_id ORDER BY T1.cost DESC LIMIT 1", "question_toks": ["Among", "the", "members", "who", "incurred", "expenses", "in", "more", "than", "one", "event", ",", "who", "paid", "the", "most", "amount", "?"], "SQL_toks": ["SELECT", "T2.member_id", "FROM", "expense", "AS", "T1", "INNER", "JOIN", "member", "AS", "T2", "ON", "T1.link_to_member", "=", "T2.member_id", "INNER", "JOIN", "budget", "AS", "T3", "ON", "T1.link_to_budget", "=", "T3.budget_id", "INNER", "JOIN", "event", "AS", "T4", "ON", "T3.link_to_event", "=", "T4.event_id", "ORDER", "BY", "T1.cost", "DESC", "LIMIT", "1"], "evidence_toks": ["paid", "the", "most", "amount", "refers", "to", "for", "expense", "incurred", "in", "more", "than", "one", "event", "refers", "to", "MAX", "(", "cost", "where", "COUNT", "(", "event_id", ")", ">", "1", ")"], "difficulty": "moderate"}, {"db_id": "student_club", "question": "List the name of events with less than average parking cost.", "evidence": "name of events refers to event_name; less than average parking cost refers to cost < DIVIDE(SUM(cost), COUNT(event_id)) where category = 'Parking'", "SQL": "SELECT T1.event_name FROM event AS T1 INNER JOIN budget AS T2 ON T1.event_id = T2.link_to_event INNER JOIN expense AS T3 ON T2.budget_id = T3.link_to_budget WHERE T2.category = 'Parking' AND T3.cost < (SELECT AVG(cost) FROM expense)", "question_toks": ["List", "the", "name", "of", "events", "with", "less", "than", "average", "parking", "cost", "."], "SQL_toks": ["SELECT", "T1.event_name", "FROM", "event", "AS", "T1", "INNER", "JOIN", "budget", "AS", "T2", "ON", "T1.event_id", "=", "T2.link_to_event", "INNER", "JOIN", "expense", "AS", "T3", "ON", "T2.budget_id", "=", "T3.link_to_budget", "WHERE", "T2.category", "=", "'Parking", "'", "AND", "T3.cost", "<", "(", "SELECT", "AVG", "(", "cost", ")", "FROM", "expense", ")"], "evidence_toks": ["name", "of", "events", "refers", "to", "event_name", ";", "less", "than", "average", "parking", "cost", "refers", "to", "cost", "<", "DIVIDE", "(", "SUM", "(", "cost", ")", ",", "COUNT", "(", "event_id", ")", ")", "where", "category", "=", "'Parking", "'"], "difficulty": "moderate"}, {"db_id": "student_club", "question": "Which budget allowed the most money for water, chips, and cookies?", "evidence": "budget allowed refers to expense_description; expense_description = 'Water, chips, cookies'; most money refers to MAX(cost)", "SQL": "SELECT T2.budget_id FROM expense AS T1 INNER JOIN budget AS T2 ON T1.link_to_budget = T2.budget_id WHERE T1.expense_description = 'Water, chips, AND cookies' ORDER BY T1.cost DESC LIMIT 1", "question_toks": ["Which", "budget", "allowed", "the", "most", "money", "for", "water", ",", "chips", ",", "and", "cookies", "?"], "SQL_toks": ["SELECT", "T2.budget_id", "FROM", "expense", "AS", "T1", "INNER", "JOIN", "budget", "AS", "T2", "ON", "T1.link_to_budget", "=", "T2.budget_id", "WHERE", "T1.expense_description", "=", "'Water", ",", "chips", ",", "AND", "cookies", "'", "ORDER", "BY", "T1.cost", "DESC", "LIMIT", "1"], "evidence_toks": ["budget", "allowed", "refers", "to", "expense_description", ";", "expense_description", "=", "'Water", ",", "chips", ",", "cookies", "'", ";", "most", "money", "refers", "to", "MAX", "(", "cost", ")"], "difficulty": "moderate"}, {"db_id": "student_club", "question": "List the full name of the top five members who spend the most money in the descending order of spending.", "evidence": "full name refers to first_name, last_name; spend the most money refers to MAX(expense.cost)", "SQL": "SELECT T3.first_name, T3.last_name FROM expense AS T1 INNER JOIN budget AS T2 ON T1.link_to_budget = T2.budget_id INNER JOIN member AS T3 ON T1.link_to_member = T3.member_id ORDER BY T2.spent DESC LIMIT 5", "question_toks": ["List", "the", "full", "name", "of", "the", "top", "five", "members", "who", "spend", "the", "most", "money", "in", "the", "descending", "order", "of", "spending", "."], "SQL_toks": ["SELECT", "T3.first_name", ",", "T3.last_name", "FROM", "expense", "AS", "T1", "INNER", "JOIN", "budget", "AS", "T2", "ON", "T1.link_to_budget", "=", "T2.budget_id", "INNER", "JOIN", "member", "AS", "T3", "ON", "T1.link_to_member", "=", "T3.member_id", "ORDER", "BY", "T2.spent", "DESC", "LIMIT", "5"], "evidence_toks": ["full", "name", "refers", "to", "first_name", ",", "last_name", ";", "spend", "the", "most", "money", "refers", "to", "MAX", "(", "expense.cost", ")"], "difficulty": "moderate"}, {"db_id": "student_club", "question": "Give the full name and contact number of members who had to spend more than average on each expense.", "evidence": "full name refers to first_name, last_name; contact number refers to phone; had spent more than average on each expense refers to cost > AVG(cost)", "SQL": "SELECT DISTINCT T3.first_name, T3.last_name, T3.phone FROM expense AS T1 INNER JOIN budget AS T2 ON T1.link_to_budget = T2.budget_id INNER JOIN member AS T3 ON T3.member_id = T1.link_to_member WHERE T1.cost > ( SELECT AVG(T1.cost) FROM expense AS T1 INNER JOIN budget AS T2 ON T1.link_to_budget = T2.budget_id INNER JOIN member AS T3 ON T3.member_id = T1.link_to_member )", "question_toks": ["Give", "the", "full", "name", "and", "contact", "number", "of", "members", "who", "had", "to", "spend", "more", "than", "average", "on", "each", "expense", "."], "SQL_toks": ["SELECT", "DISTINCT", "T3.first_name", ",", "T3.last_name", ",", "T3.phone", "FROM", "expense", "AS", "T1", "INNER", "JOIN", "budget", "AS", "T2", "ON", "T1.link_to_budget", "=", "T2.budget_id", "INNER", "JOIN", "member", "AS", "T3", "ON", "T3.member_id", "=", "T1.link_to_member", "WHERE", "T1.cost", ">", "(", "SELECT", "AVG", "(", "T1.cost", ")", "FROM", "expense", "AS", "T1", "INNER", "JOIN", "budget", "AS", "T2", "ON", "T1.link_to_budget", "=", "T2.budget_id", "INNER", "JOIN", "member", "AS", "T3", "ON", "T3.member_id", "=", "T1.link_to_member", ")"], "evidence_toks": ["full", "name", "refers", "to", "first_name", ",", "last_name", ";", "contact", "number", "refers", "to", "phone", ";", "had", "spent", "more", "than", "average", "on", "each", "expense", "refers", "to", "cost", ">", "AVG", "(", "cost", ")"], "difficulty": "challenging"}, {"db_id": "student_club", "question": "What is the major of Garrett Gerke and which department does it belong to?", "evidence": "major refers to major name;", "SQL": "SELECT T2.major_name, T2.department FROM member AS T1 INNER JOIN major AS T2 ON T2.major_id = T1.link_to_major WHERE T1.first_name = 'Garrett' AND T1.last_name = 'Gerke'", "question_toks": ["What", "is", "the", "major", "of", "Garrett", "Gerke", "and", "which", "department", "does", "it", "belong", "to", "?"], "SQL_toks": ["SELECT", "T2.major_name", ",", "T2.department", "FROM", "member", "AS", "T1", "INNER", "JOIN", "major", "AS", "T2", "ON", "T2.major_id", "=", "T1.link_to_major", "WHERE", "T1.first_name", "=", "'Garrett", "'", "AND", "T1.last_name", "=", "'Gerke", "'"], "evidence_toks": ["major", "refers", "to", "major", "name", ";"], "difficulty": "simple"}, {"db_id": "student_club", "question": "Write the full name of the member who spent money for water, veggie tray and supplies and include the cost of it.", "evidence": "full name refers to first_name, last name; spent money for refers expense description; expense_description = 'Water' OR expense_description = 'Veggie Tray' OR expense_description = 'Supplies'", "SQL": "SELECT T2.first_name, T2.last_name, T1.cost FROM expense AS T1 INNER JOIN member AS T2 ON T1.link_to_member = T2.member_id WHERE T1.expense_description = 'Water, Veggie tray, supplies'", "question_toks": ["Write", "the", "full", "name", "of", "the", "member", "who", "spent", "money", "for", "water", ",", "veggie", "tray", "and", "supplies", "and", "include", "the", "cost", "of", "it", "."], "SQL_toks": ["SELECT", "T2.first_name", ",", "T2.last_name", ",", "T1.cost", "FROM", "expense", "AS", "T1", "INNER", "JOIN", "member", "AS", "T2", "ON", "T1.link_to_member", "=", "T2.member_id", "WHERE", "T1.expense_description", "=", "'Water", ",", "Veggie", "tray", ",", "supplies", "'"], "evidence_toks": ["full", "name", "refers", "to", "first_name", ",", "last", "name", ";", "spent", "money", "for", "refers", "expense", "description", ";", "expense_description", "=", "'Water", "'", "OR", "expense_description", "=", "'Veggie", "Tray", "'", "OR", "expense_description", "=", "'Supplies", "'"], "difficulty": "challenging"}, {"db_id": "student_club", "question": "What category was budgeted for the 'January Speaker' event and how much was the amount budgeted for that category?", "evidence": "amount budgeted refers to amount, 'January Speaker' is the event name;", "SQL": "SELECT T2.category, T2.amount FROM event AS T1 INNER JOIN budget AS T2 ON T1.event_id = T2.link_to_event WHERE T1.event_name = 'January Speaker'", "question_toks": ["What", "category", "was", "budgeted", "for", "the", "'January", "Speaker", "'", "event", "and", "how", "much", "was", "the", "amount", "budgeted", "for", "that", "category", "?"], "SQL_toks": ["SELECT", "T2.category", ",", "T2.amount", "FROM", "event", "AS", "T1", "INNER", "JOIN", "budget", "AS", "T2", "ON", "T1.event_id", "=", "T2.link_to_event", "WHERE", "T1.event_name", "=", "'January", "Speaker", "'"], "evidence_toks": ["amount", "budgeted", "refers", "to", "amount", ",", "'January", "Speaker", "'", "is", "the", "event", "name", ";"], "difficulty": "simple"}, {"db_id": "student_club", "question": "List the event names which were budgeted for the food.", "evidence": "budgeted for food refers to category = 'Food'", "SQL": "SELECT T1.event_name FROM event AS T1 INNER JOIN budget AS T2 ON T1.event_id = T2.link_to_event WHERE T2.category = 'Food'", "question_toks": ["List", "the", "event", "names", "which", "were", "budgeted", "for", "the", "food", "."], "SQL_toks": ["SELECT", "T1.event_name", "FROM", "event", "AS", "T1", "INNER", "JOIN", "budget", "AS", "T2", "ON", "T1.event_id", "=", "T2.link_to_event", "WHERE", "T2.category", "=", "'Food", "'"], "evidence_toks": ["budgeted", "for", "food", "refers", "to", "category", "=", "'Food", "'"], "difficulty": "simple"}, {"db_id": "student_club", "question": "Write the full names of students who received funds on the date of 9/9/2019 and include the amount received.", "evidence": "full name refers to first_name, last_name, amount of funds received refers to amount, received funds on date refers to date_received", "SQL": "SELECT DISTINCT T3.first_name, T3.last_name, T4.amount FROM event AS T1 INNER JOIN attendance AS T2 ON T1.event_id = T2.link_to_event INNER JOIN member AS T3 ON T3.member_id = T2.link_to_member INNER JOIN income AS T4 ON T4.link_to_member = T3.member_id WHERE T4.date_received = '2019-09-09'", "question_toks": ["Write", "the", "full", "names", "of", "students", "who", "received", "funds", "on", "the", "date", "of", "9/9/2019", "and", "include", "the", "amount", "received", "."], "SQL_toks": ["SELECT", "DISTINCT", "T3.first_name", ",", "T3.last_name", ",", "T4.amount", "FROM", "event", "AS", "T1", "INNER", "JOIN", "attendance", "AS", "T2", "ON", "T1.event_id", "=", "T2.link_to_event", "INNER", "JOIN", "member", "AS", "T3", "ON", "T3.member_id", "=", "T2.link_to_member", "INNER", "JOIN", "income", "AS", "T4", "ON", "T4.link_to_member", "=", "T3.member_id", "WHERE", "T4.date_received", "=", "'2019-09-09", "'"], "evidence_toks": ["full", "name", "refers", "to", "first_name", ",", "last_name", ",", "amount", "of", "funds", "received", "refers", "to", "amount", ",", "received", "funds", "on", "date", "refers", "to", "date_received"], "difficulty": "challenging"}, {"db_id": "student_club", "question": "Which student has the hometown of Lincolnton, North Carolina with the zip code of 28092? List their full name and position.", "evidence": "full name refers to first_name, last_name, hometown of Lincolnton, North Carolina refers to city = 'Lincolnton' AND state = 'North Carolina'", "SQL": "SELECT T1.first_name, T1.last_name, T1.position FROM member AS T1 INNER JOIN zip_code AS T2 ON T2.zip_code = T1.zip WHERE T2.city = 'Lincolnton' AND T2.state = 'North Carolina' AND T2.zip_code = 28092", "question_toks": ["Which", "student", "has", "the", "hometown", "of", "Lincolnton", ",", "North", "Carolina", "with", "the", "zip", "code", "of", "28092", "?", "List", "their", "full", "name", "and", "position", "."], "SQL_toks": ["SELECT", "T1.first_name", ",", "T1.last_name", ",", "T1.position", "FROM", "member", "AS", "T1", "INNER", "JOIN", "zip_code", "AS", "T2", "ON", "T2.zip_code", "=", "T1.zip", "WHERE", "T2.city", "=", "'Lincolnton", "'", "AND", "T2.state", "=", "'North", "Carolina", "'", "AND", "T2.zip_code", "=", "28092"], "evidence_toks": ["full", "name", "refers", "to", "first_name", ",", "last_name", ",", "hometown", "of", "Lincolnton", ",", "North", "Carolina", "refers", "to", "city", "=", "'Lincolnton", "'", "AND", "state", "=", "'North", "Carolina", "'"], "difficulty": "moderate"}]