[{"db_id": "thrombosis_prediction", "question": "Are there more in-patient or outpatient who were male? What is the deviation in percentage?", "evidence": "male refers to SEX = 'M'; in-patient refers to Admission = '+'; outpatient refers to Admission = '-'; SUBTRACT(COUNT(ID) where SEX = 'M' and Admission = '+', COUNT(ID) where SEX\u00a0 = 'M' and Admission = '-')", "SQL": "SELECT CAST(SUM(CASE WHEN Admission = '+' THEN 1 ELSE 0 END) AS REAL) * 100 / SUM(CASE WHEN Admission = '-' THEN 1 ELSE 0 END) FROM Patient WHERE SEX = 'M'", "question_toks": ["Are", "there", "more", "in-patient", "or", "outpatient", "who", "were", "male", "?", "What", "is", "the", "deviation", "in", "percentage", "?"], "SQL_toks": ["SELECT", "CAST", "(", "SUM", "(", "CASE", "WHEN", "Admission", "=", "'+", "'", "THEN", "1", "ELSE", "0", "END", ")", "AS", "REAL", ")", "*", "100", "/", "SUM", "(", "CASE", "WHEN", "Admission", "=", "'-", "'", "THEN", "1", "ELSE", "0", "END", ")", "FROM", "Patient", "WHERE", "SEX", "=", "'M", "'"], "evidence_toks": ["male", "refers", "to", "SEX", "=", "'M", "'", ";", "in-patient", "refers", "to", "Admission", "=", "'+", "'", ";", "outpatient", "refers", "to", "Admission", "=", "'-", "'", ";", "SUBTRACT", "(", "COUNT", "(", "ID", ")", "where", "SEX", "=", "'M", "'", "and", "Admission", "=", "'+", "'", ",", "COUNT", "(", "ID", ")", "where", "SEX", "=", "'M", "'", "and", "Admission", "=", "'-", "'", ")"], "difficulty": "moderate"}, {"db_id": "thrombosis_prediction", "question": "For patient born between Year 1930 to 1940, how many percent of them were inpatient?", "evidence": "patient born between Year 1930 to 1940 refers to year(Birthday) BETWEEN '1930-01-01' AND '1940-01-01'; inpatient refers to Admission = '+'", "SQL": "SELECT CAST(SUM(CASE WHEN Admission = '+' THEN 1 ELSE 0 END) AS REAL) * 100 / COUNT(*) FROM Patient WHERE STRFTIME('%Y', Birthday) BETWEEN '1930' AND '1940'", "question_toks": ["For", "patient", "born", "between", "Year", "1930", "to", "1940", ",", "how", "many", "percent", "of", "them", "were", "inpatient", "?"], "SQL_toks": ["SELECT", "CAST", "(", "SUM", "(", "CASE", "WHEN", "Admission", "=", "'+", "'", "THEN", "1", "ELSE", "0", "END", ")", "AS", "REAL", ")", "*", "100", "/", "COUNT", "(", "*", ")", "FROM", "Patient", "WHERE", "STRFTIME", "(", "'", "%", "Y", "'", ",", "Birthday", ")", "BETWEEN", "'1930", "'", "AND", "'1940", "'"], "evidence_toks": ["patient", "born", "between", "Year", "1930", "to", "1940", "refers", "to", "year", "(", "Birthday", ")", "BETWEEN", "'1930-01-01", "'", "AND", "'1940-01-01", "'", ";", "inpatient", "refers", "to", "Admission", "=", "'+", "'"], "difficulty": "moderate"}, {"db_id": "thrombosis_prediction", "question": "What is the disease patient '30609' diagnosed with. List all the date of laboratory tests done for this patient.", "evidence": "'30609' is an ID; disease means diagnosis", "SQL": "SELECT T1.Diagnosis, T2.Date FROM Patient AS T1 INNER JOIN Laboratory AS T2 ON T1.ID = T2.ID WHERE T1.ID = 30609", "question_toks": ["What", "is", "the", "disease", "patient", "'30609", "'", "diagnosed", "with", ".", "List", "all", "the", "date", "of", "laboratory", "tests", "done", "for", "this", "patient", "."], "SQL_toks": ["SELECT", "T1.Diagnosis", ",", "T2.Date", "FROM", "Patient", "AS", "T1", "INNER", "JOIN", "Laboratory", "AS", "T2", "ON", "T1.ID", "=", "T2.ID", "WHERE", "T1.ID", "=", "30609"], "evidence_toks": ["'30609", "'", "is", "an", "ID", ";", "disease", "means", "diagnosis"], "difficulty": "simple"}, {"db_id": "thrombosis_prediction", "question": "For patients with severe degree of thrombosis, list their ID, sex and dieseas the patient is diagnosed with.", "evidence": "severe degree of thrombosis refers to thrombosis = 2; disease refers to diagnosis", "SQL": "SELECT DISTINCT T1.ID, T1.SEX, T1.Diagnosis FROM Patient AS T1 INNER JOIN Examination AS T2 ON T1.ID = T2.ID WHERE T2.Thrombosis = 2", "question_toks": ["For", "patients", "with", "severe", "degree", "of", "thrombosis", ",", "list", "their", "ID", ",", "sex", "and", "dieseas", "the", "patient", "is", "diagnosed", "with", "."], "SQL_toks": ["SELECT", "DISTINCT", "T1.ID", ",", "T1.SEX", ",", "T1.Diagnosis", "FROM", "Patient", "AS", "T1", "INNER", "JOIN", "Examination", "AS", "T2", "ON", "T1.ID", "=", "T2.ID", "WHERE", "T2.Thrombosis", "=", "2"], "evidence_toks": ["severe", "degree", "of", "thrombosis", "refers", "to", "thrombosis", "=", "2", ";", "disease", "refers", "to", "diagnosis"], "difficulty": "simple"}, {"db_id": "thrombosis_prediction", "question": "How many of the patients with the most serious thrombosis cases examined in 1997 are women?", "evidence": "the most serious thrombosis refers to Thrombosis = '1' (the most severe one); women refers to sex = 'F'", "SQL": "SELECT CAST(SUM(CASE WHEN T1.SEX = 'F' THEN 1 ELSE 0 END) AS REAL) / COUNT(*) FROM Patient AS T1 INNER JOIN Examination AS T2 ON T1.ID = T2.ID WHERE STRFTIME('%Y', T2.`Examination Date`) = '1997' AND T2.Thrombosis = 1", "question_toks": ["How", "many", "of", "the", "patients", "with", "the", "most", "serious", "thrombosis", "cases", "examined", "in", "1997", "are", "women", "?"], "SQL_toks": ["SELECT", "CAST", "(", "SUM", "(", "CASE", "WHEN", "T1.SEX", "=", "'", "F", "'", "THEN", "1", "ELSE", "0", "END", ")", "AS", "REAL", ")", "/", "COUNT", "(", "*", ")", "FROM", "Patient", "AS", "T1", "INNER", "JOIN", "Examination", "AS", "T2", "ON", "T1.ID", "=", "T2.ID", "WHERE", "STRFTIME", "(", "'", "%", "Y", "'", ",", "T2.", "`", "Examination", "Date", "`", ")", "=", "'1997", "'", "AND", "T2.Thrombosis", "=", "1"], "evidence_toks": ["the", "most", "serious", "thrombosis", "refers", "to", "Thrombosis", "=", "'", "1", "'", "(", "the", "most", "severe", "one", ")", ";", "women", "refers", "to", "sex", "=", "'", "F", "'"], "difficulty": "moderate"}, {"db_id": "thrombosis_prediction", "question": "What is the age gap between the youngest and oldest patient with a normal triglyceride recorded?", "evidence": "age gap refers to SUBTRACT(MAX(year(Birthday)) - MIN(year(Birthday))); normal triglyceride refers to tg > = '200'", "SQL": "SELECT STRFTIME('%Y', MAX(T1.Birthday)) - STRFTIME('%Y', MIN(T1.Birthday)) FROM Patient AS T1 INNER JOIN Laboratory AS T2 ON T1.ID = T2.ID WHERE T2.TG >= 200", "question_toks": ["What", "is", "the", "age", "gap", "between", "the", "youngest", "and", "oldest", "patient", "with", "a", "normal", "triglyceride", "recorded", "?"], "SQL_toks": ["SELECT", "STRFTIME", "(", "'", "%", "Y", "'", ",", "MAX", "(", "T1.Birthday", ")", ")", "-", "STRFTIME", "(", "'", "%", "Y", "'", ",", "MIN", "(", "T1.Birthday", ")", ")", "FROM", "Patient", "AS", "T1", "INNER", "JOIN", "Laboratory", "AS", "T2", "ON", "T1.ID", "=", "T2.ID", "WHERE", "T2.TG", ">", "=", "200"], "evidence_toks": ["age", "gap", "refers", "to", "SUBTRACT", "(", "MAX", "(", "year", "(", "Birthday", ")", ")", "-", "MIN", "(", "year", "(", "Birthday", ")", ")", ")", ";", "normal", "triglyceride", "refers", "to", "tg", ">", "=", "'200", "'"], "difficulty": "moderate"}, {"db_id": "thrombosis_prediction", "question": "For the year that concluded on December 31, 1998, how many male patients on average were tested in the lab each month?", "evidence": "the year that concluded on December 31, 1998 refers to Date BETWEEN '1998-01-01' AND '1998-12-31'; male refers to SEX = 'M'; calculation = DIVIDE(COUNT(ID), 12)", "SQL": "SELECT CAST(COUNT(T1.ID) AS REAL) / 12 FROM Patient AS T1 INNER JOIN Laboratory AS T2 ON T1.ID = T2.ID WHERE STRFTIME('%Y', T2.Date) = '1998' AND T1.SEX = 'M'", "question_toks": ["For", "the", "year", "that", "concluded", "on", "December", "31", ",", "1998", ",", "how", "many", "male", "patients", "on", "average", "were", "tested", "in", "the", "lab", "each", "month", "?"], "SQL_toks": ["SELECT", "CAST", "(", "COUNT", "(", "T1.ID", ")", "AS", "REAL", ")", "/", "12", "FROM", "Patient", "AS", "T1", "INNER", "JOIN", "Laboratory", "AS", "T2", "ON", "T1.ID", "=", "T2.ID", "WHERE", "STRFTIME", "(", "'", "%", "Y", "'", ",", "T2.Date", ")", "=", "'1998", "'", "AND", "T1.SEX", "=", "'M", "'"], "evidence_toks": ["the", "year", "that", "concluded", "on", "December", "31", ",", "1998", "refers", "to", "Date", "BETWEEN", "'1998-01-01", "'", "AND", "'1998-12-31", "'", ";", "male", "refers", "to", "SEX", "=", "'M", "'", ";", "calculation", "=", "DIVIDE", "(", "COUNT", "(", "ID", ")", ",", "12", ")"], "difficulty": "moderate"}, {"db_id": "thrombosis_prediction", "question": "How many underage patients were examined during the course of the three-year period from 1990 to 1993?", "evidence": "underage patients refers to year(Birthday) < 18; three-year period from 1990 to 1993 refers to `Examination Date` between '1990-01-01' and '1993-12-31'", "SQL": "SELECT COUNT(T1.ID) FROM Patient AS T1 INNER JOIN Examination AS T2 ON T1.ID = T2.ID WHERE STRFTIME('%Y', T2.`Examination Date`) BETWEEN '1990' AND '1993' AND STRFTIME('%Y', T2.`Examination Date`) - STRFTIME('%Y', T1.Birthday) < '18'", "question_toks": ["How", "many", "underage", "patients", "were", "examined", "during", "the", "course", "of", "the", "three-year", "period", "from", "1990", "to", "1993", "?"], "SQL_toks": ["SELECT", "COUNT", "(", "T1.ID", ")", "FROM", "Patient", "AS", "T1", "INNER", "JOIN", "Examination", "AS", "T2", "ON", "T1.ID", "=", "T2.ID", "WHERE", "STRFTIME", "(", "'", "%", "Y", "'", ",", "T2.", "`", "Examination", "Date", "`", ")", "BETWEEN", "'1990", "'", "AND", "'1993", "'", "AND", "STRFTIME", "(", "'", "%", "Y", "'", ",", "T2.", "`", "Examination", "Date", "`", ")", "-", "STRFTIME", "(", "'", "%", "Y", "'", ",", "T1.Birthday", ")", "<", "'18", "'"], "evidence_toks": ["underage", "patients", "refers", "to", "year", "(", "Birthday", ")", "<", "18", ";", "three-year", "period", "from", "1990", "to", "1993", "refers", "to", "`", "Examination", "Date", "`", "between", "'1990-01-01", "'", "and", "'1993-12-31", "'"], "difficulty": "challenging"}, {"db_id": "thrombosis_prediction", "question": "How many male patients have elevated total bilirubin count?", "evidence": "male refers to SEX = 'M'; elevated means above the normal range; total bilirubin above the normal range refers to `T-BIL` > '2.0'", "SQL": "SELECT COUNT(DISTINCT T1.ID) FROM Patient AS T1 INNER JOIN Laboratory AS T2 ON T1.ID = T2.ID WHERE T2.`T-BIL` >= 2.0 AND T1.SEX = 'M'", "question_toks": ["How", "many", "male", "patients", "have", "elevated", "total", "bilirubin", "count", "?"], "SQL_toks": ["SELECT", "COUNT", "(", "DISTINCT", "T1.ID", ")", "FROM", "Patient", "AS", "T1", "INNER", "JOIN", "Laboratory", "AS", "T2", "ON", "T1.ID", "=", "T2.ID", "WHERE", "T2.", "`", "T-BIL", "`", ">", "=", "2.0", "AND", "T1.SEX", "=", "'M", "'"], "evidence_toks": ["male", "refers", "to", "SEX", "=", "'M", "'", ";", "elevated", "means", "above", "the", "normal", "range", ";", "total", "bilirubin", "above", "the", "normal", "range", "refers", "to", "`", "T-BIL", "`", ">", "'", "2.0", "'"], "difficulty": "simple"}, {"db_id": "thrombosis_prediction", "question": "What is the most common illness that doctors identified among the patients whose lab work was done between 1/1/1985, and 12/31/1995?", "evidence": "the most common illness refers to MAX(COUNT(Diagnosis)); lab work between 1/1/1985 and 12/31/1995 refers to `Examination Date` between '1985-01-01' and '1995-12-31 '", "SQL": "SELECT T2.Diagnosis FROM Examination AS T1 INNER JOIN Patient AS T2 ON T1.ID = T2.ID WHERE T1.`Examination Date` BETWEEN '1985-01-01' AND '1995-12-31' GROUP BY T2.Diagnosis ORDER BY COUNT(T2.Diagnosis) DESC LIMIT 1", "question_toks": ["What", "is", "the", "most", "common", "illness", "that", "doctors", "identified", "among", "the", "patients", "whose", "lab", "work", "was", "done", "between", "1/1/1985", ",", "and", "12/31/1995", "?"], "SQL_toks": ["SELECT", "T2.Diagnosis", "FROM", "Examination", "AS", "T1", "INNER", "JOIN", "Patient", "AS", "T2", "ON", "T1.ID", "=", "T2.ID", "WHERE", "T1.", "`", "Examination", "Date", "`", "BETWEEN", "'1985-01-01", "'", "AND", "'1995-12-31", "'", "GROUP", "BY", "T2.Diagnosis", "ORDER", "BY", "COUNT", "(", "T2.Diagnosis", ")", "DESC", "LIMIT", "1"], "evidence_toks": ["the", "most", "common", "illness", "refers", "to", "MAX", "(", "COUNT", "(", "Diagnosis", ")", ")", ";", "lab", "work", "between", "1/1/1985", "and", "12/31/1995", "refers", "to", "`", "Examination", "Date", "`", "between", "'1985-01-01", "'", "and", "'1995-12-31", "'"], "difficulty": "challenging"}, {"db_id": "thrombosis_prediction", "question": "How old was the patient who had the highest hemoglobin count at the time of the examination, and what is the doctor's diagnosis?", "evidence": "How old the patient refers to SUBTRACT(year(`Examination Date`), year(Birthday)); the highest hemoglobin count refers to MAX(HGB)", "SQL": "SELECT STRFTIME('%Y', T2.Date) - STRFTIME('%Y', T1.Birthday), T1.Diagnosis FROM Patient AS T1 INNER JOIN Laboratory AS T2 ON T1.ID = T2.ID ORDER BY T2.HGB DESC LIMIT 1", "question_toks": ["How", "old", "was", "the", "patient", "who", "had", "the", "highest", "hemoglobin", "count", "at", "the", "time", "of", "the", "examination", ",", "and", "what", "is", "the", "doctor", "'s", "diagnosis", "?"], "SQL_toks": ["SELECT", "STRFTIME", "(", "'", "%", "Y", "'", ",", "T2.Date", ")", "-", "STRFTIME", "(", "'", "%", "Y", "'", ",", "T1.Birthday", ")", ",", "T1.Diagnosis", "FROM", "Patient", "AS", "T1", "INNER", "JOIN", "Laboratory", "AS", "T2", "ON", "T1.ID", "=", "T2.ID", "ORDER", "BY", "T2.HGB", "DESC", "LIMIT", "1"], "evidence_toks": ["How", "old", "the", "patient", "refers", "to", "SUBTRACT", "(", "year", "(", "`", "Examination", "Date", "`", ")", ",", "year", "(", "Birthday", ")", ")", ";", "the", "highest", "hemoglobin", "count", "refers", "to", "MAX", "(", "HGB", ")"], "difficulty": "moderate"}, {"db_id": "thrombosis_prediction", "question": "Was the total cholesterol status for the patient id 2927464 on 1995-9-4 at the normal level?", "evidence": "total cholesterol normal level refers to N < 250; 1993/8/27 refers to Date = '1993-08-27'", "SQL": "SELECT CASE WHEN `T-CHO` < 250 THEN 'Normal' ELSE 'Abnormal' END FROM Laboratory WHERE ID = 2927464 AND Date = '1995-9-4'", "question_toks": ["Was", "the", "total", "cholesterol", "status", "for", "the", "patient", "id", "2927464", "on", "1995-9-4", "at", "the", "normal", "level", "?"], "SQL_toks": ["SELECT", "CASE", "WHEN", "`", "T-CHO", "`", "<", "250", "THEN", "'Normal", "'", "ELSE", "'Abnormal", "'", "END", "FROM", "Laboratory", "WHERE", "ID", "=", "2927464", "AND", "Date", "=", "'1995-9-4", "'"], "evidence_toks": ["total", "cholesterol", "normal", "level", "refers", "to", "N", "<", "250", ";", "1993/8/27", "refers", "to", "Date", "=", "'1993-08-27", "'"], "difficulty": "simple"}, {"db_id": "thrombosis_prediction", "question": "What was the gender of the first AORTITIS diagnosed patient\uff1f", "evidence": "gender means SEX; 'AORTITIS' refers to Diagnosis;", "SQL": "SELECT SEX FROM Patient WHERE Diagnosis = 'AORTITIS' ORDER BY `First Date` ASC LIMIT 1", "question_toks": ["What", "was", "the", "gender", "of", "the", "first", "AORTITIS", "diagnosed", "patient\uff1f"], "SQL_toks": ["SELECT", "SEX", "FROM", "Patient", "WHERE", "Diagnosis", "=", "'AORTITIS", "'", "ORDER", "BY", "`", "First", "Date", "`", "ASC", "LIMIT", "1"], "evidence_toks": ["gender", "means", "SEX", ";", "'AORTITIS", "'", "refers", "to", "Diagnosis", ";"], "difficulty": "simple"}, {"db_id": "thrombosis_prediction", "question": "For the patient who was diagnosed with SLE on 1994/2/19, what was his/her anti-Cardiolipin antibody concentration status on 1993/11/12?", "evidence": "'SLE' refers to Diagnosis; 1994/2/19 refers to Description = '1994-02-19'; anti-Cardiolipin refers to aCL IgM; 1993/11/12 refers to Description = '1993/11/12'", "SQL": "SELECT `aCL IgA`, `aCL IgG`, `aCL IgM` FROM Examination WHERE ID IN ( SELECT ID FROM Patient WHERE Diagnosis = 'SLE' AND Description = '1994-02-19' ) AND `Examination Date` = '1993-11-12'", "question_toks": ["For", "the", "patient", "who", "was", "diagnosed", "with", "SLE", "on", "1994/2/19", ",", "what", "was", "his/her", "anti-Cardiolipin", "antibody", "concentration", "status", "on", "1993/11/12", "?"], "SQL_toks": ["SELECT", "`", "aCL", "IgA", "`", ",", "`", "aCL", "IgG", "`", ",", "`", "aCL", "IgM", "`", "FROM", "Examination", "WHERE", "ID", "IN", "(", "SELECT", "ID", "FROM", "Patient", "WHERE", "Diagnosis", "=", "'SLE", "'", "AND", "Description", "=", "'1994-02-19", "'", ")", "AND", "`", "Examination", "Date", "`", "=", "'1993-11-12", "'"], "evidence_toks": ["'SLE", "'", "refers", "to", "Diagnosis", ";", "1994/2/19", "refers", "to", "Description", "=", "'1994-02-19", "'", ";", "anti-Cardiolipin", "refers", "to", "aCL", "IgM", ";", "1993/11/12", "refers", "to", "Description", "=", "'1993/11/12", "'"], "difficulty": "moderate"}, {"db_id": "thrombosis_prediction", "question": "For the patient who first came to the hospital on 1991/6/13 who was diagnosed with SJS, what is the total number of his/her Laboratory tests in 1995?", "evidence": "1991/6/13 refers to `First Date` = '1991-06-13'; 'SJS' refers to Diagnosis; total number of his/her Laboratory tests refers to COUNT(ID); 1995 refers to Date", "SQL": "SELECT COUNT(*) FROM Laboratory WHERE ID = ( SELECT ID FROM Patient WHERE `First Date` = '1991-06-13' AND Diagnosis = 'SJS' ) AND STRFTIME('%Y', Date) = '1995'", "question_toks": ["For", "the", "patient", "who", "first", "came", "to", "the", "hospital", "on", "1991/6/13", "who", "was", "diagnosed", "with", "SJS", ",", "what", "is", "the", "total", "number", "of", "his/her", "Laboratory", "tests", "in", "1995", "?"], "SQL_toks": ["SELECT", "COUNT", "(", "*", ")", "FROM", "Laboratory", "WHERE", "ID", "=", "(", "SELECT", "ID", "FROM", "Patient", "WHERE", "`", "First", "Date", "`", "=", "'1991-06-13", "'", "AND", "Diagnosis", "=", "'SJS", "'", ")", "AND", "STRFTIME", "(", "'", "%", "Y", "'", ",", "Date", ")", "=", "'1995", "'"], "evidence_toks": ["1991/6/13", "refers", "to", "`", "First", "Date", "`", "=", "'1991-06-13", "'", ";", "'SJS", "'", "refers", "to", "Diagnosis", ";", "total", "number", "of", "his/her", "Laboratory", "tests", "refers", "to", "COUNT", "(", "ID", ")", ";", "1995", "refers", "to", "Date"], "difficulty": "moderate"}, {"db_id": "thrombosis_prediction", "question": "For the patient who was diagnosed SLE on 1997/1/27, what was his/her original diagnose when he/she came to the hospital for the first time?", "evidence": "'SLE' AND original diagnose refers to diagnosis; 1997/1/27 refer to `Examination Date` = '1997-01-27'; first came to the hospital refers to patient.`First Date`", "SQL": "SELECT T1.Diagnosis FROM Patient AS T1 INNER JOIN Examination AS T2 ON T1.ID = T2.ID WHERE T1.ID = ( SELECT ID FROM Examination WHERE `Examination Date` = '1997-01-27' AND Diagnosis = 'SLE' ) AND T2.`Examination Date` = T1.`First Date`", "question_toks": ["For", "the", "patient", "who", "was", "diagnosed", "SLE", "on", "1997/1/27", ",", "what", "was", "his/her", "original", "diagnose", "when", "he/she", "came", "to", "the", "hospital", "for", "the", "first", "time", "?"], "SQL_toks": ["SELECT", "T1.Diagnosis", "FROM", "Patient", "AS", "T1", "INNER", "JOIN", "Examination", "AS", "T2", "ON", "T1.ID", "=", "T2.ID", "WHERE", "T1.ID", "=", "(", "SELECT", "ID", "FROM", "Examination", "WHERE", "`", "Examination", "Date", "`", "=", "'1997-01-27", "'", "AND", "Diagnosis", "=", "'SLE", "'", ")", "AND", "T2.", "`", "Examination", "Date", "`", "=", "T1.", "`", "First", "Date", "`"], "evidence_toks": ["'SLE", "'", "AND", "original", "diagnose", "refers", "to", "diagnosis", ";", "1997/1/27", "refer", "to", "`", "Examination", "Date", "`", "=", "'1997-01-27", "'", ";", "first", "came", "to", "the", "hospital", "refers", "to", "patient.", "`", "First", "Date", "`"], "difficulty": "challenging"}, {"db_id": "thrombosis_prediction", "question": "For the patient whose birthday was 1959/3/1, what symptoms did he/she have during the examination on 1993/9/27?", "evidence": "", "SQL": "SELECT T2.Symptoms FROM Patient AS T1 INNER JOIN Examination AS T2 ON T1.ID = T2.ID WHERE T1.Birthday = '1959-03-01' AND T2.`Examination Date` = '1993-09-27'", "question_toks": ["For", "the", "patient", "whose", "birthday", "was", "1959/3/1", ",", "what", "symptoms", "did", "he/she", "have", "during", "the", "examination", "on", "1993/9/27", "?"], "SQL_toks": ["SELECT", "T2.Symptoms", "FROM", "Patient", "AS", "T1", "INNER", "JOIN", "Examination", "AS", "T2", "ON", "T1.ID", "=", "T2.ID", "WHERE", "T1.Birthday", "=", "'1959-03-01", "'", "AND", "T2.", "`", "Examination", "Date", "`", "=", "'1993-09-27", "'"], "evidence_toks": [], "difficulty": "simple"}, {"db_id": "thrombosis_prediction", "question": "Lists all patients by ID who were diagnosed with Behcet's and had their exams between 01/01/197 and 12/31/1997.", "evidence": "'Behcet' refers to diagnosis; exam between 01/01/1997 and 12/31/1997 refers to YEAR(Description) > = '1997-1-1' AND YEAR(Description) < '1998-1-1'", "SQL": "SELECT ID FROM Examination WHERE `Examination Date` BETWEEN '1997-01-01' AND '1997-12-31' AND Diagnosis = 'Behcet'", "question_toks": ["Lists", "all", "patients", "by", "ID", "who", "were", "diagnosed", "with", "Behcet", "'s", "and", "had", "their", "exams", "between", "01/01/197", "and", "12/31/1997", "."], "SQL_toks": ["SELECT", "ID", "FROM", "Examination", "WHERE", "`", "Examination", "Date", "`", "BETWEEN", "'1997-01-01", "'", "AND", "'1997-12-31", "'", "AND", "Diagnosis", "=", "'Behcet", "'"], "evidence_toks": ["'Behcet", "'", "refers", "to", "diagnosis", ";", "exam", "between", "01/01/1997", "and", "12/31/1997", "refers", "to", "YEAR", "(", "Description", ")", ">", "=", "'1997-1-1", "'", "AND", "YEAR", "(", "Description", ")", "<", "'1998-1-1", "'"], "difficulty": "moderate"}, {"db_id": "thrombosis_prediction", "question": "How many female patients born in 1964 were admitted to the hospital? List them by ID.", "evidence": "female refers to SEX = 'F'; born in 1964 refers to YEAR(Birthday) = 1964; admitted to the hospital refers to Admission = '+'", "SQL": "SELECT ID FROM Patient WHERE STRFTIME('%Y', Birthday) = '1964' AND SEX = 'F' AND Admission = '+'", "question_toks": ["How", "many", "female", "patients", "born", "in", "1964", "were", "admitted", "to", "the", "hospital", "?", "List", "them", "by", "ID", "."], "SQL_toks": ["SELECT", "ID", "FROM", "Patient", "WHERE", "STRFTIME", "(", "'", "%", "Y", "'", ",", "Birthday", ")", "=", "'1964", "'", "AND", "SEX", "=", "'", "F", "'", "AND", "Admission", "=", "'+", "'"], "evidence_toks": ["female", "refers", "to", "SEX", "=", "'", "F", "'", ";", "born", "in", "1964", "refers", "to", "YEAR", "(", "Birthday", ")", "=", "1964", ";", "admitted", "to", "the", "hospital", "refers", "to", "Admission", "=", "'+", "'"], "difficulty": "simple"}, {"db_id": "thrombosis_prediction", "question": "What percentage of patients with a proteinuria level within the normal range have a uric acid level below the normal range?", "evidence": "proteinuria level within the normal range refers to `U-PRO` > 0 AND `U-PRO` < 30; uric acid level below the normal range refers to UA < = 6.5; calculation = MULTIPLY(DIVIDE(UA < = 6.5, `U-PRO` > 0 AND `U-PRO` < 30)\uff0c100)", "SQL": "SELECT CAST(SUM(CASE WHEN UA <= 6.5 THEN 1 ELSE 0 END) AS REAL) * 100 / COUNT(ID) FROM Laboratory WHERE `U-PRO` > 0 AND `U-PRO` < 30 AND UA <= 6.5", "question_toks": ["What", "percentage", "of", "patients", "with", "a", "proteinuria", "level", "within", "the", "normal", "range", "have", "a", "uric", "acid", "level", "below", "the", "normal", "range", "?"], "SQL_toks": ["SELECT", "CAST", "(", "SUM", "(", "CASE", "WHEN", "UA", "<", "=", "6.5", "THEN", "1", "ELSE", "0", "END", ")", "AS", "REAL", ")", "*", "100", "/", "COUNT", "(", "ID", ")", "FROM", "Laboratory", "WHERE", "`", "U-PRO", "`", ">", "0", "AND", "`", "U-PRO", "`", "<", "30", "AND", "UA", "<", "=", "6.5"], "evidence_toks": ["proteinuria", "level", "within", "the", "normal", "range", "refers", "to", "`", "U-PRO", "`", ">", "0", "AND", "`", "U-PRO", "`", "<", "30", ";", "uric", "acid", "level", "below", "the", "normal", "range", "refers", "to", "UA", "<", "=", "6.5", ";", "calculation", "=", "MULTIPLY", "(", "DIVIDE", "(", "UA", "<", "=", "6.5", ",", "`", "U-PRO", "`", ">", "0", "AND", "`", "U-PRO", "`", "<", "30", ")", "\uff0c100", ")"], "difficulty": "challenging"}, {"db_id": "thrombosis_prediction", "question": "What percentage of male patients who first presented to the hospital in 1981 were diagnosed with BEHCET?", "evidence": "male refers to SEX = 'M'; first presented to the hospital in 1981 refers to YEAR(`FIRST DATE`) = '1981'; BEHCET refers to diagnosis; calculation = DIVIDE(SUM(DIAGNOSIS = 'BEHCET') where YEAR(`FIRST DATE`) = '1981', MULTIPLY(COUNT(YEAR(`FIRST DATE`) = '1981')), 100)", "SQL": "SELECT CAST(SUM(CASE WHEN Diagnosis = 'BEHCET' THEN 1 ELSE 0 END) AS REAL) * 100 / COUNT(ID) FROM Patient WHERE STRFTIME('%Y', `First Date`) = '1981' AND SEX = 'M'", "question_toks": ["What", "percentage", "of", "male", "patients", "who", "first", "presented", "to", "the", "hospital", "in", "1981", "were", "diagnosed", "with", "BEHCET", "?"], "SQL_toks": ["SELECT", "CAST", "(", "SUM", "(", "CASE", "WHEN", "Diagnosis", "=", "'BEHCET", "'", "THEN", "1", "ELSE", "0", "END", ")", "AS", "REAL", ")", "*", "100", "/", "COUNT", "(", "ID", ")", "FROM", "Patient", "WHERE", "STRFTIME", "(", "'", "%", "Y", "'", ",", "`", "First", "Date", "`", ")", "=", "'1981", "'", "AND", "SEX", "=", "'M", "'"], "evidence_toks": ["male", "refers", "to", "SEX", "=", "'M", "'", ";", "first", "presented", "to", "the", "hospital", "in", "1981", "refers", "to", "YEAR", "(", "`", "FIRST", "DATE", "`", ")", "=", "'1981", "'", ";", "BEHCET", "refers", "to", "diagnosis", ";", "calculation", "=", "DIVIDE", "(", "SUM", "(", "DIAGNOSIS", "=", "'BEHCET", "'", ")", "where", "YEAR", "(", "`", "FIRST", "DATE", "`", ")", "=", "'1981", "'", ",", "MULTIPLY", "(", "COUNT", "(", "YEAR", "(", "`", "FIRST", "DATE", "`", ")", "=", "'1981", "'", ")", ")", ",", "100", ")"], "difficulty": "challenging"}, {"db_id": "thrombosis_prediction", "question": "List all patients who were followed up at the outpatient clinic who underwent a laboratory test in October 1991 and had a total blood bilirubin level within the normal range.", "evidence": "followed up at the outpatient clinic refers to Admission = '-'; laboratory test in April 1981 refers to Date like '1981-04%'; blood bilirubin level within the normal range refers to T-BIL < 2.0", "SQL": "SELECT DISTINCT T1.ID FROM Patient AS T1 INNER JOIN Laboratory AS T2 ON T1.ID = T2.ID WHERE T1.Admission = '-' AND T2.`T-BIL` < 2.0 AND STRFTIME('%Y', T2.Date) = '1991' AND STRFTIME('%m', T2.Date) = '10'", "question_toks": ["List", "all", "patients", "who", "were", "followed", "up", "at", "the", "outpatient", "clinic", "who", "underwent", "a", "laboratory", "test", "in", "October", "1991", "and", "had", "a", "total", "blood", "bilirubin", "level", "within", "the", "normal", "range", "."], "SQL_toks": ["SELECT", "DISTINCT", "T1.ID", "FROM", "Patient", "AS", "T1", "INNER", "JOIN", "Laboratory", "AS", "T2", "ON", "T1.ID", "=", "T2.ID", "WHERE", "T1.Admission", "=", "'-", "'", "AND", "T2.", "`", "T-BIL", "`", "<", "2.0", "AND", "STRFTIME", "(", "'", "%", "Y", "'", ",", "T2.Date", ")", "=", "'1991", "'", "AND", "STRFTIME", "(", "'", "%", "m", "'", ",", "T2.Date", ")", "=", "'10", "'"], "evidence_toks": ["followed", "up", "at", "the", "outpatient", "clinic", "refers", "to", "Admission", "=", "'-", "'", ";", "laboratory", "test", "in", "April", "1981", "refers", "to", "Date", "like", "'1981-04", "%", "'", ";", "blood", "bilirubin", "level", "within", "the", "normal", "range", "refers", "to", "T-BIL", "<", "2.0"], "difficulty": "challenging"}, {"db_id": "thrombosis_prediction", "question": "Excluding all P only ANA Pattern patients, how many of the remainder are women born between 1980 and 1989?", "evidence": "Excluding all P only ANA Pattern refers to `ANA Pattern`! = 'p'; women refers to SEX = 'F'; born between 1980 and 1989 refers to BIRTHDAY", "SQL": "SELECT COUNT(DISTINCT T1.ID) FROM Patient AS T1 INNER JOIN Examination AS T2 ON T1.ID = T2.ID WHERE T2.`ANA Pattern` != 'P' AND STRFTIME('%Y', T1.Birthday) BETWEEN '1980' AND '1989' AND T1.SEX = 'F'", "question_toks": ["Excluding", "all", "P", "only", "ANA", "Pattern", "patients", ",", "how", "many", "of", "the", "remainder", "are", "women", "born", "between", "1980", "and", "1989", "?"], "SQL_toks": ["SELECT", "COUNT", "(", "DISTINCT", "T1.ID", ")", "FROM", "Patient", "AS", "T1", "INNER", "JOIN", "Examination", "AS", "T2", "ON", "T1.ID", "=", "T2.ID", "WHERE", "T2.", "`", "ANA", "Pattern", "`", "!", "=", "'", "P", "'", "AND", "STRFTIME", "(", "'", "%", "Y", "'", ",", "T1.Birthday", ")", "BETWEEN", "'1980", "'", "AND", "'1989", "'", "AND", "T1.SEX", "=", "'", "F", "'"], "evidence_toks": ["Excluding", "all", "P", "only", "ANA", "Pattern", "refers", "to", "`", "ANA", "Pattern", "`", "!", "=", "'", "p", "'", ";", "women", "refers", "to", "SEX", "=", "'", "F", "'", ";", "born", "between", "1980", "and", "1989", "refers", "to", "BIRTHDAY"], "difficulty": "moderate"}, {"db_id": "thrombosis_prediction", "question": "What is the average blood albumin level for female patients with a PLT greater than 400 who have been diagnosed with SLE?", "evidence": "average blood albumin level refers to AVG(ALB); female refers to SEX = 'F'; PLT greater than 400 refers to PLT > 400; 'SLE' refers to diagnosis", "SQL": "SELECT AVG(T2.ALB) FROM Patient AS T1 INNER JOIN Laboratory AS T2 ON T1.ID = T2.ID WHERE T2.PLT > 400 AND T1.Diagnosis = 'SLE' AND T1.SEX = 'F'", "question_toks": ["What", "is", "the", "average", "blood", "albumin", "level", "for", "female", "patients", "with", "a", "PLT", "greater", "than", "400", "who", "have", "been", "diagnosed", "with", "SLE", "?"], "SQL_toks": ["SELECT", "AVG", "(", "T2.ALB", ")", "FROM", "Patient", "AS", "T1", "INNER", "JOIN", "Laboratory", "AS", "T2", "ON", "T1.ID", "=", "T2.ID", "WHERE", "T2.PLT", ">", "400", "AND", "T1.Diagnosis", "=", "'SLE", "'", "AND", "T1.SEX", "=", "'", "F", "'"], "evidence_toks": ["average", "blood", "albumin", "level", "refers", "to", "AVG", "(", "ALB", ")", ";", "female", "refers", "to", "SEX", "=", "'", "F", "'", ";", "PLT", "greater", "than", "400", "refers", "to", "PLT", ">", "400", ";", "'SLE", "'", "refers", "to", "diagnosis"], "difficulty": "moderate"}, {"db_id": "thrombosis_prediction", "question": "When was the medical information on patient number 48473 first documented, and what disease did she have?", "evidence": "medical information first documented refers to Description; disease refers to diagnosis; patient number refers to id", "SQL": "SELECT `First Date`, Diagnosis FROM Patient WHERE ID = 48473", "question_toks": ["When", "was", "the", "medical", "information", "on", "patient", "number", "48473", "first", "documented", ",", "and", "what", "disease", "did", "she", "have", "?"], "SQL_toks": ["SELECT", "`", "First", "Date", "`", ",", "Diagnosis", "FROM", "Patient", "WHERE", "ID", "=", "48473"], "evidence_toks": ["medical", "information", "first", "documented", "refers", "to", "Description", ";", "disease", "refers", "to", "diagnosis", ";", "patient", "number", "refers", "to", "id"], "difficulty": "simple"}, {"db_id": "thrombosis_prediction", "question": "How many female patients were given an APS diagnosis?", "evidence": "female refers to SEX = 'F'; 'APS' refers to diagnosis", "SQL": "SELECT COUNT(ID) FROM Patient WHERE SEX = 'F' AND Diagnosis = 'APS'", "question_toks": ["How", "many", "female", "patients", "were", "given", "an", "APS", "diagnosis", "?"], "SQL_toks": ["SELECT", "COUNT", "(", "ID", ")", "FROM", "Patient", "WHERE", "SEX", "=", "'", "F", "'", "AND", "Diagnosis", "=", "'APS", "'"], "evidence_toks": ["female", "refers", "to", "SEX", "=", "'", "F", "'", ";", "'APS", "'", "refers", "to", "diagnosis"], "difficulty": "simple"}, {"db_id": "thrombosis_prediction", "question": "How many patients who underwent testing in 1997 had protein levels outside the normal range?", "evidence": "underwent testing in 1997 refers to YEAR(DATE) = '1997'; protein levels within the normal range refers to tp > 6 and tp < 8.5", "SQL": "SELECT COUNT(ID) FROM Laboratory WHERE ALB <= 6.0 OR ALB >= 8.5 AND STRFTIME('%Y', Date) = '1997'", "question_toks": ["How", "many", "patients", "who", "underwent", "testing", "in", "1997", "had", "protein", "levels", "outside", "the", "normal", "range", "?"], "SQL_toks": ["SELECT", "COUNT", "(", "ID", ")", "FROM", "Laboratory", "WHERE", "ALB", "<", "=", "6.0", "OR", "ALB", ">", "=", "8.5", "AND", "STRFTIME", "(", "'", "%", "Y", "'", ",", "Date", ")", "=", "'1997", "'"], "evidence_toks": ["underwent", "testing", "in", "1997", "refers", "to", "YEAR", "(", "DATE", ")", "=", "'1997", "'", ";", "protein", "levels", "within", "the", "normal", "range", "refers", "to", "tp", ">", "6", "and", "tp", "<", "8.5"], "difficulty": "simple"}, {"db_id": "thrombosis_prediction", "question": "What proportion of patients who had signs of thrombocytopenia had SLE diagnosed?", "evidence": "thrombocytopenia' refers to symptoms; 'SLE' refers to diagnosis; calculation = \u00a0 DIVIDE(SUM(DIAGNOSIS LIKE '%ITP%'), SUM(DIAGNOSIS LIKE '%SLE%')) MULTIPLY 100", "SQL": "SELECT CAST(SUM(CASE WHEN Diagnosis = 'SLE' THEN 1 ELSE 0 END) AS REAL) * 100 / COUNT(ID) FROM Examination WHERE Symptoms = 'thrombocytopenia'", "question_toks": ["What", "proportion", "of", "patients", "who", "had", "signs", "of", "thrombocytopenia", "had", "SLE", "diagnosed", "?"], "SQL_toks": ["SELECT", "CAST", "(", "SUM", "(", "CASE", "WHEN", "Diagnosis", "=", "'SLE", "'", "THEN", "1", "ELSE", "0", "END", ")", "AS", "REAL", ")", "*", "100", "/", "COUNT", "(", "ID", ")", "FROM", "Examination", "WHERE", "Symptoms", "=", "'thrombocytopenia", "'"], "evidence_toks": ["thrombocytopenia", "'", "refers", "to", "symptoms", ";", "'SLE", "'", "refers", "to", "diagnosis", ";", "calculation", "=", "DIVIDE", "(", "SUM", "(", "DIAGNOSIS", "LIKE", "'", "%", "ITP", "%", "'", ")", ",", "SUM", "(", "DIAGNOSIS", "LIKE", "'", "%", "SLE", "%", "'", ")", ")", "MULTIPLY", "100"], "difficulty": "moderate"}, {"db_id": "thrombosis_prediction", "question": "How many male patients who underwent testing between 1995 and 1997 and were subsequently diagnosed with BEHCET disease did not stay in the hospital for treatment?", "evidence": "male refers to SEX = 'M'; underwent testing between 1995 and 1997 refers to `Examination Date` between '1995' and '1997'; BEHCET refers to diagnosis; did not stay in the hospital refers to Admission = '-'", "SQL": "SELECT COUNT(T1.ID) FROM Patient AS T1 INNER JOIN Examination AS T2 ON T1.ID = T2.ID WHERE T2.Diagnosis = 'Behcet' AND T1.SEX = 'M' AND STRFTIME('%Y', T2.`Examination Date`) BETWEEN '1995' AND '1997' AND T1.Admission = '-'", "question_toks": ["How", "many", "male", "patients", "who", "underwent", "testing", "between", "1995", "and", "1997", "and", "were", "subsequently", "diagnosed", "with", "BEHCET", "disease", "did", "not", "stay", "in", "the", "hospital", "for", "treatment", "?"], "SQL_toks": ["SELECT", "COUNT", "(", "T1.ID", ")", "FROM", "Patient", "AS", "T1", "INNER", "JOIN", "Examination", "AS", "T2", "ON", "T1.ID", "=", "T2.ID", "WHERE", "T2.Diagnosis", "=", "'Behcet", "'", "AND", "T1.SEX", "=", "'M", "'", "AND", "STRFTIME", "(", "'", "%", "Y", "'", ",", "T2.", "`", "Examination", "Date", "`", ")", "BETWEEN", "'1995", "'", "AND", "'1997", "'", "AND", "T1.Admission", "=", "'-", "'"], "evidence_toks": ["male", "refers", "to", "SEX", "=", "'M", "'", ";", "underwent", "testing", "between", "1995", "and", "1997", "refers", "to", "`", "Examination", "Date", "`", "between", "'1995", "'", "and", "'1997", "'", ";", "BEHCET", "refers", "to", "diagnosis", ";", "did", "not", "stay", "in", "the", "hospital", "refers", "to", "Admission", "=", "'-", "'"], "difficulty": "challenging"}, {"db_id": "thrombosis_prediction", "question": "How long did it take after patient number 821298 arrived at the hospital for the first time before her evaluation began?", "evidence": "DATEDIFF(`Examination Date`, `First Date`)", "SQL": "SELECT STRFTIME('%d', T3.`Examination Date`) - STRFTIME('%d', T1.`First Date`) FROM Patient AS T1 INNER JOIN Examination AS T3 ON T1.ID = T3.ID WHERE T1.ID = 821298", "question_toks": ["How", "long", "did", "it", "take", "after", "patient", "number", "821298", "arrived", "at", "the", "hospital", "for", "the", "first", "time", "before", "her", "evaluation", "began", "?"], "SQL_toks": ["SELECT", "STRFTIME", "(", "'", "%", "d", "'", ",", "T3.", "`", "Examination", "Date", "`", ")", "-", "STRFTIME", "(", "'", "%", "d", "'", ",", "T1.", "`", "First", "Date", "`", ")", "FROM", "Patient", "AS", "T1", "INNER", "JOIN", "Examination", "AS", "T3", "ON", "T1.ID", "=", "T3.ID", "WHERE", "T1.ID", "=", "821298"], "evidence_toks": ["DATEDIFF", "(", "`", "Examination", "Date", "`", ",", "`", "First", "Date", "`", ")"], "difficulty": "simple"}, {"db_id": "thrombosis_prediction", "question": "Was the patient with the number 57266's uric acid within a normal range?", "evidence": "uric acid within a normal range refers to UA > 8.0 and SEX = 'M'; UA > 6.5 and SEX = 'F'", "SQL": "SELECT CASE WHEN (T1.SEX = 'F' AND T2.UA < 6.5) OR (T1.SEX = 'M' AND T2.UA < 8.0) THEN true ELSE false END FROM Patient AS T1 INNER JOIN Laboratory AS T2 ON T1.ID = T2.ID WHERE T1.ID = 57266", "question_toks": ["Was", "the", "patient", "with", "the", "number", "57266", "'s", "uric", "acid", "within", "a", "normal", "range", "?"], "SQL_toks": ["SELECT", "CASE", "WHEN", "(", "T1.SEX", "=", "'", "F", "'", "AND", "T2.UA", "<", "6.5", ")", "OR", "(", "T1.SEX", "=", "'M", "'", "AND", "T2.UA", "<", "8.0", ")", "THEN", "true", "ELSE", "false", "END", "FROM", "Patient", "AS", "T1", "INNER", "JOIN", "Laboratory", "AS", "T2", "ON", "T1.ID", "=", "T2.ID", "WHERE", "T1.ID", "=", "57266"], "evidence_toks": ["uric", "acid", "within", "a", "normal", "range", "refers", "to", "UA", ">", "8.0", "and", "SEX", "=", "'M", "'", ";", "UA", ">", "6.5", "and", "SEX", "=", "'", "F", "'"], "difficulty": "moderate"}, {"db_id": "thrombosis_prediction", "question": "When is the laboratory examination of patient '48473' where his/her AST glutamic oxaloacetic transaminase (GOT) index is above the normal range.", "evidence": "AST glutamic oxaloacetic transaminase (GOT) index is above the normal range refers to GOT > = 60; when refers to DATE", "SQL": "SELECT Date FROM Laboratory WHERE ID = 48473 AND GOT >= 60", "question_toks": ["When", "is", "the", "laboratory", "examination", "of", "patient", "'48473", "'", "where", "his/her", "AST", "glutamic", "oxaloacetic", "transaminase", "(", "GOT", ")", "index", "is", "above", "the", "normal", "range", "."], "SQL_toks": ["SELECT", "Date", "FROM", "Laboratory", "WHERE", "ID", "=", "48473", "AND", "GOT", ">", "=", "60"], "evidence_toks": ["AST", "glutamic", "oxaloacetic", "transaminase", "(", "GOT", ")", "index", "is", "above", "the", "normal", "range", "refers", "to", "GOT", ">", "=", "60", ";", "when", "refers", "to", "DATE"], "difficulty": "simple"}, {"db_id": "thrombosis_prediction", "question": "What is the average index of the lactate dehydrogenase (LDH) for all patients with lactate dehydrogenase (LDH) within the normal range.", "evidence": "average index of the lactate dehydrogenase (LDH) refers to AVG(LDH); (LDH) within the normal range refers to LDH < 500", "SQL": "SELECT AVG(LDH) FROM Laboratory WHERE LDH < 500", "question_toks": ["What", "is", "the", "average", "index", "of", "the", "lactate", "dehydrogenase", "(", "LDH", ")", "for", "all", "patients", "with", "lactate", "dehydrogenase", "(", "LDH", ")", "within", "the", "normal", "range", "."], "SQL_toks": ["SELECT", "AVG", "(", "LDH", ")", "FROM", "Laboratory", "WHERE", "LDH", "<", "500"], "evidence_toks": ["average", "index", "of", "the", "lactate", "dehydrogenase", "(", "LDH", ")", "refers", "to", "AVG", "(", "LDH", ")", ";", "(", "LDH", ")", "within", "the", "normal", "range", "refers", "to", "LDH", "<", "500"], "difficulty": "simple"}, {"db_id": "thrombosis_prediction", "question": "For all patient born in 1982, state if their albumin is within normal range.", "evidence": "Year(Birthday) = '1982'; albumin is within normal range refers to ALB between 3.5 and 5.5", "SQL": "SELECT CASE WHEN T2.ALB > 3.5 AND T2.ALB < 5.5 THEN 'normal' ELSE 'abnormal' END FROM Patient AS T1 INNER JOIN Laboratory AS T2 ON T1.ID = T2.ID WHERE STRFTIME('%Y', T1.Birthday) = '1982'", "question_toks": ["For", "all", "patient", "born", "in", "1982", ",", "state", "if", "their", "albumin", "is", "within", "normal", "range", "."], "SQL_toks": ["SELECT", "CASE", "WHEN", "T2.ALB", ">", "3.5", "AND", "T2.ALB", "<", "5.5", "THEN", "'normal", "'", "ELSE", "'abnormal", "'", "END", "FROM", "Patient", "AS", "T1", "INNER", "JOIN", "Laboratory", "AS", "T2", "ON", "T1.ID", "=", "T2.ID", "WHERE", "STRFTIME", "(", "'", "%", "Y", "'", ",", "T1.Birthday", ")", "=", "'1982", "'"], "evidence_toks": ["Year", "(", "Birthday", ")", "=", "'1982", "'", ";", "albumin", "is", "within", "normal", "range", "refers", "to", "ALB", "between", "3.5", "and", "5.5"], "difficulty": "moderate"}, {"db_id": "thrombosis_prediction", "question": "What is the percentage of the female patient whose uric acid (UA) beyond the normal range?", "evidence": "uric acid (UA) beyond the normal range refers to UA > 8.0 and SEX = 'M' or UA > 6.5 and SEX = 'F'; female refers to Sex = 'F'", "SQL": "SELECT CAST(SUM(CASE WHEN T2.UA > 6.5 AND T1.SEX = 'F' THEN 1 ELSE 0 END) AS REAL) * 100 / SUM(CASE WHEN T2.UA > 8.0 AND T1.SEX = 'M' OR T2.UA > 6.5 AND T1.SEX = 'F' THEN 1 ELSE 0 END) FROM Patient AS T1 INNER JOIN Laboratory AS T2 ON T1.ID = T2.ID", "question_toks": ["What", "is", "the", "percentage", "of", "the", "female", "patient", "whose", "uric", "acid", "(", "UA", ")", "beyond", "the", "normal", "range", "?"], "SQL_toks": ["SELECT", "CAST", "(", "SUM", "(", "CASE", "WHEN", "T2.UA", ">", "6.5", "AND", "T1.SEX", "=", "'", "F", "'", "THEN", "1", "ELSE", "0", "END", ")", "AS", "REAL", ")", "*", "100", "/", "SUM", "(", "CASE", "WHEN", "T2.UA", ">", "8.0", "AND", "T1.SEX", "=", "'M", "'", "OR", "T2.UA", ">", "6.5", "AND", "T1.SEX", "=", "'", "F", "'", "THEN", "1", "ELSE", "0", "END", ")", "FROM", "Patient", "AS", "T1", "INNER", "JOIN", "Laboratory", "AS", "T2", "ON", "T1.ID", "=", "T2.ID"], "evidence_toks": ["uric", "acid", "(", "UA", ")", "beyond", "the", "normal", "range", "refers", "to", "UA", ">", "8.0", "and", "SEX", "=", "'M", "'", "or", "UA", ">", "6.5", "and", "SEX", "=", "'", "F", "'", ";", "female", "refers", "to", "Sex", "=", "'", "F", "'"], "difficulty": "moderate"}, {"db_id": "thrombosis_prediction", "question": "For all patients with normal uric acid (UA), what is the average UA index based on their latest laboratory examination result?", "evidence": "uric acid (UA) with normal range refers to UA < 8.0 and SEX = 'F' or UA < 6.5 and SEX = 'F'; average UA index refers to AVG(UA)", "SQL": "SELECT AVG(T2.UA) FROM Patient AS T1 INNER JOIN Laboratory AS T2 ON T1.ID = T2.ID WHERE (T2.UA > 6.5 AND T1.SEX = 'F') OR T2.UA > 8.0 AND T1.SEX = 'M' AND T2.Date = ( SELECT MAX(Date) FROM Laboratory )", "question_toks": ["For", "all", "patients", "with", "normal", "uric", "acid", "(", "UA", ")", ",", "what", "is", "the", "average", "UA", "index", "based", "on", "their", "latest", "laboratory", "examination", "result", "?"], "SQL_toks": ["SELECT", "AVG", "(", "T2.UA", ")", "FROM", "Patient", "AS", "T1", "INNER", "JOIN", "Laboratory", "AS", "T2", "ON", "T1.ID", "=", "T2.ID", "WHERE", "(", "T2.UA", ">", "6.5", "AND", "T1.SEX", "=", "'", "F", "'", ")", "OR", "T2.UA", ">", "8.0", "AND", "T1.SEX", "=", "'M", "'", "AND", "T2.Date", "=", "(", "SELECT", "MAX", "(", "Date", ")", "FROM", "Laboratory", ")"], "evidence_toks": ["uric", "acid", "(", "UA", ")", "with", "normal", "range", "refers", "to", "UA", "<", "8.0", "and", "SEX", "=", "'", "F", "'", "or", "UA", "<", "6.5", "and", "SEX", "=", "'", "F", "'", ";", "average", "UA", "index", "refers", "to", "AVG", "(", "UA", ")"], "difficulty": "moderate"}, {"db_id": "thrombosis_prediction", "question": "How many male patients are are with creatinine index out of the normal range?", "evidence": "creatinine (CRE) out of the normal range refers to CRE > = 1.5; Male refers to Sex = 'M'", "SQL": "SELECT COUNT(T1.ID) FROM Patient AS T1 INNER JOIN Laboratory AS T2 ON T1.ID = T2.ID WHERE T2.CRE >= 1.5 AND T1.SEX = 'M'", "question_toks": ["How", "many", "male", "patients", "are", "are", "with", "creatinine", "index", "out", "of", "the", "normal", "range", "?"], "SQL_toks": ["SELECT", "COUNT", "(", "T1.ID", ")", "FROM", "Patient", "AS", "T1", "INNER", "JOIN", "Laboratory", "AS", "T2", "ON", "T1.ID", "=", "T2.ID", "WHERE", "T2.CRE", ">", "=", "1.5", "AND", "T1.SEX", "=", "'M", "'"], "evidence_toks": ["creatinine", "(", "CRE", ")", "out", "of", "the", "normal", "range", "refers", "to", "CRE", ">", "=", "1.5", ";", "Male", "refers", "to", "Sex", "=", "'M", "'"], "difficulty": "simple"}, {"db_id": "thrombosis_prediction", "question": "What is the highest total bilirubin level recorded? List out the patient details with ID, sex and birthday with that index.", "evidence": "the highest total bilirubin refers to MAX(T-BIL)", "SQL": "SELECT T2.`T-BIL`, T1.ID, T1.SEX, T1.Birthday FROM Patient AS T1 INNER JOIN Laboratory AS T2 ON T1.ID = T2.ID ORDER BY T2.`T-BIL` DESC LIMIT 1", "question_toks": ["What", "is", "the", "highest", "total", "bilirubin", "level", "recorded", "?", "List", "out", "the", "patient", "details", "with", "ID", ",", "sex", "and", "birthday", "with", "that", "index", "."], "SQL_toks": ["SELECT", "T2.", "`", "T-BIL", "`", ",", "T1.ID", ",", "T1.SEX", ",", "T1.Birthday", "FROM", "Patient", "AS", "T1", "INNER", "JOIN", "Laboratory", "AS", "T2", "ON", "T1.ID", "=", "T2.ID", "ORDER", "BY", "T2.", "`", "T-BIL", "`", "DESC", "LIMIT", "1"], "evidence_toks": ["the", "highest", "total", "bilirubin", "refers", "to", "MAX", "(", "T-BIL", ")"], "difficulty": "simple"}, {"db_id": "thrombosis_prediction", "question": "List and group all patients by sex for total bilirubin (T-BIL) level not within the normal range.", "evidence": "total bilirubin (T-BIL) not within normal range refers to T-BIL > = 2.0", "SQL": "SELECT DISTINCT CASE WHEN T1.SEX = 'F' THEN T1.ID END , CASE WHEN T1.SEX = 'M' THEN T1.ID END FROM Patient AS T1 INNER JOIN Laboratory AS T2 ON T1.ID = T2.ID WHERE T2.`T-BIL` >= 2.0", "question_toks": ["List", "and", "group", "all", "patients", "by", "sex", "for", "total", "bilirubin", "(", "T-BIL", ")", "level", "not", "within", "the", "normal", "range", "."], "SQL_toks": ["SELECT", "DISTINCT", "CASE", "WHEN", "T1.SEX", "=", "'", "F", "'", "THEN", "T1.ID", "END", ",", "CASE", "WHEN", "T1.SEX", "=", "'M", "'", "THEN", "T1.ID", "END", "FROM", "Patient", "AS", "T1", "INNER", "JOIN", "Laboratory", "AS", "T2", "ON", "T1.ID", "=", "T2.ID", "WHERE", "T2.", "`", "T-BIL", "`", ">", "=", "2.0"], "evidence_toks": ["total", "bilirubin", "(", "T-BIL", ")", "not", "within", "normal", "range", "refers", "to", "T-BIL", ">", "=", "2.0"], "difficulty": "moderate"}, {"db_id": "thrombosis_prediction", "question": "Provide list of patients and their diagnosis with triglyceride (TG) index greater than 100 of the normal range?", "evidence": "triglyceride (TG) index greater than 100 of the normal range refers to TG > 300;", "SQL": "SELECT T1.ID, T1.Diagnosis FROM Patient AS T1 INNER JOIN Laboratory AS T2 ON T1.ID = T2.ID WHERE T2.TG > 300", "question_toks": ["Provide", "list", "of", "patients", "and", "their", "diagnosis", "with", "triglyceride", "(", "TG", ")", "index", "greater", "than", "100", "of", "the", "normal", "range", "?"], "SQL_toks": ["SELECT", "T1.ID", ",", "T1.Diagnosis", "FROM", "Patient", "AS", "T1", "INNER", "JOIN", "Laboratory", "AS", "T2", "ON", "T1.ID", "=", "T2.ID", "WHERE", "T2.TG", ">", "300"], "evidence_toks": ["triglyceride", "(", "TG", ")", "index", "greater", "than", "100", "of", "the", "normal", "range", "refers", "to", "TG", ">", "300", ";"], "difficulty": "simple"}, {"db_id": "thrombosis_prediction", "question": "Provide ID, sex and age of patient who has blood glucose (GLU) not within normal range but with total cholesterol(T-CHO) within normal range.", "evidence": "age = SUBTRACT(year(current_timestamp), year(Birthday)); blood glucose (GLU) not within normal range refers to GLU > = 180; total cholesterol(T-CHO) within normal range refers to `T-CHO` < 250;", "SQL": "SELECT DISTINCT T1.ID, T1.SEX , STRFTIME('%Y', CURRENT_TIMESTAMP) - STRFTIME('%Y', T1.Birthday) FROM Patient AS T1 INNER JOIN Laboratory AS T2 ON T1.ID = T2.ID WHERE T2.GLU >= 180 AND T2.`T-CHO` < 250", "question_toks": ["Provide", "ID", ",", "sex", "and", "age", "of", "patient", "who", "has", "blood", "glucose", "(", "GLU", ")", "not", "within", "normal", "range", "but", "with", "total", "cholesterol", "(", "T-CHO", ")", "within", "normal", "range", "."], "SQL_toks": ["SELECT", "DISTINCT", "T1.ID", ",", "T1.SEX", ",", "STRFTIME", "(", "'", "%", "Y", "'", ",", "CURRENT_TIMESTAMP", ")", "-", "STRFTIME", "(", "'", "%", "Y", "'", ",", "T1.Birthday", ")", "FROM", "Patient", "AS", "T1", "INNER", "JOIN", "Laboratory", "AS", "T2", "ON", "T1.ID", "=", "T2.ID", "WHERE", "T2.GLU", ">", "=", "180", "AND", "T2.", "`", "T-CHO", "`", "<", "250"], "evidence_toks": ["age", "=", "SUBTRACT", "(", "year", "(", "current_timestamp", ")", ",", "year", "(", "Birthday", ")", ")", ";", "blood", "glucose", "(", "GLU", ")", "not", "within", "normal", "range", "refers", "to", "GLU", ">", "=", "180", ";", "total", "cholesterol", "(", "T-CHO", ")", "within", "normal", "range", "refers", "to", "`", "T-CHO", "`", "<", "250", ";"], "difficulty": "challenging"}, {"db_id": "thrombosis_prediction", "question": "List the patient ID, sex and birthday who has abnormal white blood cell count. Group them by sex and list the patient by age in ascending order.", "evidence": "abnormal white blood cell count refers to WBC < = 3.5 or WBC > = 9.0;", "SQL": "SELECT DISTINCT T1.ID, T1.SEX, T1.Birthday FROM Patient AS T1 INNER JOIN Laboratory AS T2 ON T1.ID = T2.ID WHERE T2.WBC <= 3.5 OR T2.WBC >= 9.0 ORDER BY T1.Birthday DESC", "question_toks": ["List", "the", "patient", "ID", ",", "sex", "and", "birthday", "who", "has", "abnormal", "white", "blood", "cell", "count", ".", "Group", "them", "by", "sex", "and", "list", "the", "patient", "by", "age", "in", "ascending", "order", "."], "SQL_toks": ["SELECT", "DISTINCT", "T1.ID", ",", "T1.SEX", ",", "T1.Birthday", "FROM", "Patient", "AS", "T1", "INNER", "JOIN", "Laboratory", "AS", "T2", "ON", "T1.ID", "=", "T2.ID", "WHERE", "T2.WBC", "<", "=", "3.5", "OR", "T2.WBC", ">", "=", "9.0", "ORDER", "BY", "T1.Birthday", "DESC"], "evidence_toks": ["abnormal", "white", "blood", "cell", "count", "refers", "to", "WBC", "<", "=", "3.5", "or", "WBC", ">", "=", "9.0", ";"], "difficulty": "moderate"}, {"db_id": "thrombosis_prediction", "question": "Among all outpatients, list out those have low hemoglobin level. State the different IDs and their sex.", "evidence": "outpatients refers to Admission = '-'; low hemoglobin level refers to HBG < 10;", "SQL": "SELECT DISTINCT T1.ID, T1.SEX FROM Patient AS T1 INNER JOIN Laboratory AS T2 ON T1.ID = T2.ID WHERE T2.HGB < 10 AND T1.Admission = '-'", "question_toks": ["Among", "all", "outpatients", ",", "list", "out", "those", "have", "low", "hemoglobin", "level", ".", "State", "the", "different", "IDs", "and", "their", "sex", "."], "SQL_toks": ["SELECT", "DISTINCT", "T1.ID", ",", "T1.SEX", "FROM", "Patient", "AS", "T1", "INNER", "JOIN", "Laboratory", "AS", "T2", "ON", "T1.ID", "=", "T2.ID", "WHERE", "T2.HGB", "<", "10", "AND", "T1.Admission", "=", "'-", "'"], "evidence_toks": ["outpatients", "refers", "to", "Admission", "=", "'-", "'", ";", "low", "hemoglobin", "level", "refers", "to", "HBG", "<", "10", ";"], "difficulty": "simple"}, {"db_id": "thrombosis_prediction", "question": "For laboratory examinations take in 1984, list all patients below 50 years old with normal platelet level.", "evidence": "laboratory examinations take in 1984 refers to Date like '1984%'; below 50 years old = SUBTRACT(year(current_timestamp), year(Birthday)) < 50; normal platelet level refers to PLT between 100 and 400;", "SQL": "SELECT DISTINCT T1.ID FROM Patient AS T1 INNER JOIN Laboratory AS T2 ON T1.ID = T2.ID WHERE T2.PLT > 100 AND T2.PLT < 400 AND STRFTIME('%Y', T2.Date) - STRFTIME('%Y', T1.Birthday) < '50' AND STRFTIME('%Y', T2.Date) = '1984'", "question_toks": ["For", "laboratory", "examinations", "take", "in", "1984", ",", "list", "all", "patients", "below", "50", "years", "old", "with", "normal", "platelet", "level", "."], "SQL_toks": ["SELECT", "DISTINCT", "T1.ID", "FROM", "Patient", "AS", "T1", "INNER", "JOIN", "Laboratory", "AS", "T2", "ON", "T1.ID", "=", "T2.ID", "WHERE", "T2.PLT", ">", "100", "AND", "T2.PLT", "<", "400", "AND", "STRFTIME", "(", "'", "%", "Y", "'", ",", "T2.Date", ")", "-", "STRFTIME", "(", "'", "%", "Y", "'", ",", "T1.Birthday", ")", "<", "'50", "'", "AND", "STRFTIME", "(", "'", "%", "Y", "'", ",", "T2.Date", ")", "=", "'1984", "'"], "evidence_toks": ["laboratory", "examinations", "take", "in", "1984", "refers", "to", "Date", "like", "'1984", "%", "'", ";", "below", "50", "years", "old", "=", "SUBTRACT", "(", "year", "(", "current_timestamp", ")", ",", "year", "(", "Birthday", ")", ")", "<", "50", ";", "normal", "platelet", "level", "refers", "to", "PLT", "between", "100", "and", "400", ";"], "difficulty": "challenging"}, {"db_id": "thrombosis_prediction", "question": "For all patients who are older than 55 years old, what is the percentage of female who has abnormal prothrombin time (PT)?", "evidence": "older than 55 years old = SUBTRACT(year(current_timestamp), year(Birthday)) > 55; percentage = MULTIPLY(DIVIDE(SUM(PT > = 14 AND SEX = 'F'), SUM(PT > = 14)), 1.0); female refers to Sex = 'F'; abnormal prothrombin time (PT) refers to PT > = 14;", "SQL": "SELECT CAST(SUM(CASE WHEN T2.PT >= 14 AND T1.SEX = 'F' THEN 1 ELSE 0 END) AS REAL) * 100 / COUNT(*) FROM Patient AS T1 INNER JOIN Laboratory AS T2 ON T1.ID = T2.ID WHERE STRFTIME('%Y', CURRENT_TIMESTAMP) - STRFTIME('%Y', T1.Birthday) > 55", "question_toks": ["For", "all", "patients", "who", "are", "older", "than", "55", "years", "old", ",", "what", "is", "the", "percentage", "of", "female", "who", "has", "abnormal", "prothrombin", "time", "(", "PT", ")", "?"], "SQL_toks": ["SELECT", "CAST", "(", "SUM", "(", "CASE", "WHEN", "T2.PT", ">", "=", "14", "AND", "T1.SEX", "=", "'", "F", "'", "THEN", "1", "ELSE", "0", "END", ")", "AS", "REAL", ")", "*", "100", "/", "COUNT", "(", "*", ")", "FROM", "Patient", "AS", "T1", "INNER", "JOIN", "Laboratory", "AS", "T2", "ON", "T1.ID", "=", "T2.ID", "WHERE", "STRFTIME", "(", "'", "%", "Y", "'", ",", "CURRENT_TIMESTAMP", ")", "-", "STRFTIME", "(", "'", "%", "Y", "'", ",", "T1.Birthday", ")", ">", "55"], "evidence_toks": ["older", "than", "55", "years", "old", "=", "SUBTRACT", "(", "year", "(", "current_timestamp", ")", ",", "year", "(", "Birthday", ")", ")", ">", "55", ";", "percentage", "=", "MULTIPLY", "(", "DIVIDE", "(", "SUM", "(", "PT", ">", "=", "14", "AND", "SEX", "=", "'", "F", "'", ")", ",", "SUM", "(", "PT", ">", "=", "14", ")", ")", ",", "1.0", ")", ";", "female", "refers", "to", "Sex", "=", "'", "F", "'", ";", "abnormal", "prothrombin", "time", "(", "PT", ")", "refers", "to", "PT", ">", "=", "14", ";"], "difficulty": "challenging"}, {"db_id": "thrombosis_prediction", "question": "For the examinations done after 1997/1/1, how many of them have the result of an inactivated partial prothrom bin time?", "evidence": "examinations done after 1997/1/1 refers to `Examination Date` > = '1997-01-01'; normal activated partial prothrom bin time refesr to APTT < 45;", "SQL": "SELECT COUNT(T1.ID) FROM Patient AS T1 INNER JOIN Laboratory AS T2 ON T1.ID = T2.ID WHERE T2.Date > '1997-01-01' AND T2.APTT >= 45", "question_toks": ["For", "the", "examinations", "done", "after", "1997/1/1", ",", "how", "many", "of", "them", "have", "the", "result", "of", "an", "inactivated", "partial", "prothrom", "bin", "time", "?"], "SQL_toks": ["SELECT", "COUNT", "(", "T1.ID", ")", "FROM", "Patient", "AS", "T1", "INNER", "JOIN", "Laboratory", "AS", "T2", "ON", "T1.ID", "=", "T2.ID", "WHERE", "T2.Date", ">", "'1997-01-01", "'", "AND", "T2.APTT", ">", "=", "45"], "evidence_toks": ["examinations", "done", "after", "1997/1/1", "refers", "to", "`", "Examination", "Date", "`", ">", "=", "'1997-01-01", "'", ";", "normal", "activated", "partial", "prothrom", "bin", "time", "refesr", "to", "APTT", "<", "45", ";"], "difficulty": "moderate"}, {"db_id": "thrombosis_prediction", "question": "How many patients born after 1980/1/1 have an abnormal fibrinogen level?", "evidence": "born after 1980/1/1 refers to Birthday > = '1980-01-01'; normal fibrinogen level refers to FG between 150 and 450; Should return the number of distinct patients.", "SQL": "SELECT COUNT(DISTINCT T1.ID) FROM Patient AS T1 INNER JOIN Laboratory AS T2 ON T1.ID = T2.ID WHERE T2.FG <= 150 OR T2.FG >= 450 AND T1.Birthday > '1980-01-01'", "question_toks": ["How", "many", "patients", "born", "after", "1980/1/1", "have", "an", "abnormal", "fibrinogen", "level", "?"], "SQL_toks": ["SELECT", "COUNT", "(", "DISTINCT", "T1.ID", ")", "FROM", "Patient", "AS", "T1", "INNER", "JOIN", "Laboratory", "AS", "T2", "ON", "T1.ID", "=", "T2.ID", "WHERE", "T2.FG", "<", "=", "150", "OR", "T2.FG", ">", "=", "450", "AND", "T1.Birthday", ">", "'1980-01-01", "'"], "evidence_toks": ["born", "after", "1980/1/1", "refers", "to", "Birthday", ">", "=", "'1980-01-01", "'", ";", "normal", "fibrinogen", "level", "refers", "to", "FG", "between", "150", "and", "450", ";", "Should", "return", "the", "number", "of", "distinct", "patients", "."], "difficulty": "moderate"}, {"db_id": "thrombosis_prediction", "question": "For the patient who has the highest Ig A within the normal range, what is his or her diagnosis?", "evidence": "highest Ig A within the normal range refers to MAX(IGA BETWEEN 80 AND 500);", "SQL": "SELECT T1.Diagnosis FROM Patient AS T1 INNER JOIN Laboratory AS T2 ON T1.ID = T2.ID WHERE T2.IGA BETWEEN 80 AND 500 ORDER BY T2.IGA DESC LIMIT 1", "question_toks": ["For", "the", "patient", "who", "has", "the", "highest", "Ig", "A", "within", "the", "normal", "range", ",", "what", "is", "his", "or", "her", "diagnosis", "?"], "SQL_toks": ["SELECT", "T1.Diagnosis", "FROM", "Patient", "AS", "T1", "INNER", "JOIN", "Laboratory", "AS", "T2", "ON", "T1.ID", "=", "T2.ID", "WHERE", "T2.IGA", "BETWEEN", "80", "AND", "500", "ORDER", "BY", "T2.IGA", "DESC", "LIMIT", "1"], "evidence_toks": ["highest", "Ig", "A", "within", "the", "normal", "range", "refers", "to", "MAX", "(", "IGA", "BETWEEN", "80", "AND", "500", ")", ";"], "difficulty": "simple"}, {"db_id": "thrombosis_prediction", "question": "How many patients with a normal C-reactive protein don't have their data recorded?", "evidence": "normal C-reactive protein refers to CRP LIKE '+' OR CRP LIKE '-' OR CRP < 1.0; don't have data recorded refers to Description IS NULL;", "SQL": "SELECT COUNT(T1.ID) FROM Patient AS T1 INNER JOIN Laboratory AS T2 ON T1.ID = T2.ID WHERE (T2.CRP = '-' OR T2.CRP = '+-' OR T2.CRP < 1.0) AND T1.Description IS NULL", "question_toks": ["How", "many", "patients", "with", "a", "normal", "C-reactive", "protein", "do", "n't", "have", "their", "data", "recorded", "?"], "SQL_toks": ["SELECT", "COUNT", "(", "T1.ID", ")", "FROM", "Patient", "AS", "T1", "INNER", "JOIN", "Laboratory", "AS", "T2", "ON", "T1.ID", "=", "T2.ID", "WHERE", "(", "T2.CRP", "=", "'-", "'", "OR", "T2.CRP", "=", "'+-", "'", "OR", "T2.CRP", "<", "1.0", ")", "AND", "T1.Description", "IS", "NULL"], "evidence_toks": ["normal", "C-reactive", "protein", "refers", "to", "CRP", "LIKE", "'+", "'", "OR", "CRP", "LIKE", "'-", "'", "OR", "CRP", "<", "1.0", ";", "do", "n't", "have", "data", "recorded", "refers", "to", "Description", "IS", "NULL", ";"], "difficulty": "moderate"}, {"db_id": "thrombosis_prediction", "question": "Please list the ID of the patient whose RF is normal and who is older than 60.", "evidence": "RF is normal refers to RF < 20; older than 60 = SUBTRACT((YEAR(CURDATE()), YEAR(Birthday))) > 60;", "SQL": "SELECT T1.ID FROM Patient AS T1 INNER JOIN Laboratory AS T2 ON T1.ID = T2.ID WHERE T2.RF < 20 AND STRFTIME('%Y', T2.Date) - STRFTIME('%Y', T1.Birthday) > 60", "question_toks": ["Please", "list", "the", "ID", "of", "the", "patient", "whose", "RF", "is", "normal", "and", "who", "is", "older", "than", "60", "."], "SQL_toks": ["SELECT", "T1.ID", "FROM", "Patient", "AS", "T1", "INNER", "JOIN", "Laboratory", "AS", "T2", "ON", "T1.ID", "=", "T2.ID", "WHERE", "T2.RF", "<", "20", "AND", "STRFTIME", "(", "'", "%", "Y", "'", ",", "T2.Date", ")", "-", "STRFTIME", "(", "'", "%", "Y", "'", ",", "T1.Birthday", ")", ">", "60"], "evidence_toks": ["RF", "is", "normal", "refers", "to", "RF", "<", "20", ";", "older", "than", "60", "=", "SUBTRACT", "(", "(", "YEAR", "(", "CURDATE", "(", ")", ")", ",", "YEAR", "(", "Birthday", ")", ")", ")", ">", "60", ";"], "difficulty": "simple"}, {"db_id": "thrombosis_prediction", "question": "How many patients with a normal RF don't have thrombosis?", "evidence": "normal RF refers to RF < 20; don't have thrombosis refers to Thrombosis = '0';", "SQL": "SELECT COUNT(DISTINCT T1.ID) FROM Examination AS T1 INNER JOIN Laboratory AS T2 ON T1.ID = T2.ID WHERE T2.RF < 20 AND T1.Thrombosis = 0", "question_toks": ["How", "many", "patients", "with", "a", "normal", "RF", "do", "n't", "have", "thrombosis", "?"], "SQL_toks": ["SELECT", "COUNT", "(", "DISTINCT", "T1.ID", ")", "FROM", "Examination", "AS", "T1", "INNER", "JOIN", "Laboratory", "AS", "T2", "ON", "T1.ID", "=", "T2.ID", "WHERE", "T2.RF", "<", "20", "AND", "T1.Thrombosis", "=", "0"], "evidence_toks": ["normal", "RF", "refers", "to", "RF", "<", "20", ";", "do", "n't", "have", "thrombosis", "refers", "to", "Thrombosis", "=", "'", "0", "'", ";"], "difficulty": "simple"}, {"db_id": "thrombosis_prediction", "question": "Among the patients whose level of complement 3 isn't normal, which patient has the highest anti-Cardiolipin antibody concentration? Please list his or her ID.", "evidence": "complement 3 isn't normal refers to C3 < = 35; highest anti-Cardiolipin antibody concentration refers to MAX(`aCL IgA`);", "SQL": "SELECT DISTINCT T1.ID FROM Patient AS T1 INNER JOIN Laboratory AS T2 ON T1.ID = T2.ID WHERE T2.C3 <= 35 ORDER BY T2.IGA DESC LIMIT 1", "question_toks": ["Among", "the", "patients", "whose", "level", "of", "complement", "3", "is", "n't", "normal", ",", "which", "patient", "has", "the", "highest", "anti-Cardiolipin", "antibody", "concentration", "?", "Please", "list", "his", "or", "her", "ID", "."], "SQL_toks": ["SELECT", "DISTINCT", "T1.ID", "FROM", "Patient", "AS", "T1", "INNER", "JOIN", "Laboratory", "AS", "T2", "ON", "T1.ID", "=", "T2.ID", "WHERE", "T2.C3", "<", "=", "35", "ORDER", "BY", "T2.IGA", "DESC", "LIMIT", "1"], "evidence_toks": ["complement", "3", "is", "n't", "normal", "refers", "to", "C3", "<", "=", "35", ";", "highest", "anti-Cardiolipin", "antibody", "concentration", "refers", "to", "MAX", "(", "`", "aCL", "IgA", "`", ")", ";"], "difficulty": "moderate"}, {"db_id": "thrombosis_prediction", "question": "Among the patients have blood clots in veins, how many of them have a normal level of complement 4?", "evidence": "APS will result in Blood Clots in veins; normal level of complement 4 refers to C4 > 10; Should compute the number of different ones", "SQL": "SELECT COUNT(DISTINCT T1.ID) FROM Patient AS T1 INNER JOIN Laboratory AS T2 ON T1.ID = T2.ID WHERE T2.C4 > 10 AND T1.Diagnosis = 'APS'", "question_toks": ["Among", "the", "patients", "have", "blood", "clots", "in", "veins", ",", "how", "many", "of", "them", "have", "a", "normal", "level", "of", "complement", "4", "?"], "SQL_toks": ["SELECT", "COUNT", "(", "DISTINCT", "T1.ID", ")", "FROM", "Patient", "AS", "T1", "INNER", "JOIN", "Laboratory", "AS", "T2", "ON", "T1.ID", "=", "T2.ID", "WHERE", "T2.C4", ">", "10", "AND", "T1.Diagnosis", "=", "'APS", "'"], "evidence_toks": ["APS", "will", "result", "in", "Blood", "Clots", "in", "veins", ";", "normal", "level", "of", "complement", "4", "refers", "to", "C4", ">", "10", ";", "Should", "compute", "the", "number", "of", "different", "ones"], "difficulty": "moderate"}, {"db_id": "thrombosis_prediction", "question": "How many patients have a normal level of anti-ribonuclear protein and have been admitted to the hospital?", "evidence": "normal level of anti-ribonuclear protein refers to RNP = '-', '+-'; And'-' means 'negative'; '+-' refers to '0'; admitted to the hospital refers to Admission = '+'; Should compute the number of distinct ones", "SQL": "SELECT COUNT(DISTINCT T1.ID) FROM Patient AS T1 INNER JOIN Laboratory AS T2 ON T1.ID = T2.ID WHERE T2.RNP = 'negative' OR T2.RNP = '0' AND T1.Admission = '+'", "question_toks": ["How", "many", "patients", "have", "a", "normal", "level", "of", "anti-ribonuclear", "protein", "and", "have", "been", "admitted", "to", "the", "hospital", "?"], "SQL_toks": ["SELECT", "COUNT", "(", "DISTINCT", "T1.ID", ")", "FROM", "Patient", "AS", "T1", "INNER", "JOIN", "Laboratory", "AS", "T2", "ON", "T1.ID", "=", "T2.ID", "WHERE", "T2.RNP", "=", "'negative", "'", "OR", "T2.RNP", "=", "'", "0", "'", "AND", "T1.Admission", "=", "'+", "'"], "evidence_toks": ["normal", "level", "of", "anti-ribonuclear", "protein", "refers", "to", "RNP", "=", "'-", "'", ",", "'+-", "'", ";", "And'-", "'", "means", "'negative", "'", ";", "'+-", "'", "refers", "to", "'", "0", "'", ";", "admitted", "to", "the", "hospital", "refers", "to", "Admission", "=", "'+", "'", ";", "Should", "compute", "the", "number", "of", "distinct", "ones"], "difficulty": "moderate"}, {"db_id": "thrombosis_prediction", "question": "Which is the youngest patient with an abnormal anti-ribonuclear protein level? Please list his or her date of birth.", "evidence": "youngest patient refers to MAX(Birthday); abnormal anti-ribonuclear protein level refers to RNP NOT IN('-', '+-'); date of birth refers to Birthday;", "SQL": "SELECT T1.Birthday FROM Patient AS T1 INNER JOIN Laboratory AS T2 ON T1.ID = T2.ID WHERE T2.RNP != '-' OR '+-' ORDER BY T1.Birthday DESC LIMIT 1", "question_toks": ["Which", "is", "the", "youngest", "patient", "with", "an", "abnormal", "anti-ribonuclear", "protein", "level", "?", "Please", "list", "his", "or", "her", "date", "of", "birth", "."], "SQL_toks": ["SELECT", "T1.Birthday", "FROM", "Patient", "AS", "T1", "INNER", "JOIN", "Laboratory", "AS", "T2", "ON", "T1.ID", "=", "T2.ID", "WHERE", "T2.RNP", "!", "=", "'-", "'", "OR", "'+-", "'", "ORDER", "BY", "T1.Birthday", "DESC", "LIMIT", "1"], "evidence_toks": ["youngest", "patient", "refers", "to", "MAX", "(", "Birthday", ")", ";", "abnormal", "anti-ribonuclear", "protein", "level", "refers", "to", "RNP", "NOT", "IN", "(", "'-", "'", ",", "'+-", "'", ")", ";", "date", "of", "birth", "refers", "to", "Birthday", ";"], "difficulty": "moderate"}, {"db_id": "thrombosis_prediction", "question": "Among the patients with normal anti-SM, how many of them have the most severe degree of thrombosis?", "evidence": "normal anti-SM refers to SM IN('-', '+-'); SM = 'negative' means '-'; SM = '0' means '+-'; SM = '1' means '+'; most severe degree of thrombosis refers to Thrombosis = '1';", "SQL": "SELECT COUNT(T1.ID) FROM Examination AS T1 INNER JOIN Laboratory AS T2 ON T1.ID = T2.ID WHERE T2.SM = 'negative' OR '0' AND T1.Thrombosis = 1", "question_toks": ["Among", "the", "patients", "with", "normal", "anti-SM", ",", "how", "many", "of", "them", "have", "the", "most", "severe", "degree", "of", "thrombosis", "?"], "SQL_toks": ["SELECT", "COUNT", "(", "T1.ID", ")", "FROM", "Examination", "AS", "T1", "INNER", "JOIN", "Laboratory", "AS", "T2", "ON", "T1.ID", "=", "T2.ID", "WHERE", "T2.SM", "=", "'negative", "'", "OR", "'", "0", "'", "AND", "T1.Thrombosis", "=", "1"], "evidence_toks": ["normal", "anti-SM", "refers", "to", "SM", "IN", "(", "'-", "'", ",", "'+-", "'", ")", ";", "SM", "=", "'negative", "'", "means", "'-", "'", ";", "SM", "=", "'", "0", "'", "means", "'+-", "'", ";", "SM", "=", "'", "1", "'", "means", "'+", "'", ";", "most", "severe", "degree", "of", "thrombosis", "refers", "to", "Thrombosis", "=", "'", "1", "'", ";"], "difficulty": "moderate"}, {"db_id": "thrombosis_prediction", "question": "For the patients with an abnormal anti-SM, please list the IDs of the three youngest ones.", "evidence": "abnormal anti-SM refers to SM NOT IN('-', '+-'); youngest refers to MAX(Birthday);", "SQL": "SELECT T1.ID FROM Patient AS T1 INNER JOIN Laboratory AS T2 ON T1.ID = T2.ID WHERE T2.SM != '-' OR T2.SM != '+-' ORDER BY T1.Birthday DESC LIMIT 3", "question_toks": ["For", "the", "patients", "with", "an", "abnormal", "anti-SM", ",", "please", "list", "the", "IDs", "of", "the", "three", "youngest", "ones", "."], "SQL_toks": ["SELECT", "T1.ID", "FROM", "Patient", "AS", "T1", "INNER", "JOIN", "Laboratory", "AS", "T2", "ON", "T1.ID", "=", "T2.ID", "WHERE", "T2.SM", "!", "=", "'-", "'", "OR", "T2.SM", "!", "=", "'+-", "'", "ORDER", "BY", "T1.Birthday", "DESC", "LIMIT", "3"], "evidence_toks": ["abnormal", "anti-SM", "refers", "to", "SM", "NOT", "IN", "(", "'-", "'", ",", "'+-", "'", ")", ";", "youngest", "refers", "to", "MAX", "(", "Birthday", ")", ";"], "difficulty": "simple"}, {"db_id": "thrombosis_prediction", "question": "Please list the IDs of the patients who had the examination done after 1997/1/1 and had a normal anti-scl70.", "evidence": "examination done after 1997/1/1 refers to `Examination Date` > = 1997; normal anti-scl70 refers to SC170 IN('-', '+-');", "SQL": "SELECT T1.ID FROM Patient AS T1 INNER JOIN Laboratory AS T2 ON T1.ID = T2.ID WHERE T2.SC170 = 'negative' AND T2.Date > 1997-01-01", "question_toks": ["Please", "list", "the", "IDs", "of", "the", "patients", "who", "had", "the", "examination", "done", "after", "1997/1/1", "and", "had", "a", "normal", "anti-scl70", "."], "SQL_toks": ["SELECT", "T1.ID", "FROM", "Patient", "AS", "T1", "INNER", "JOIN", "Laboratory", "AS", "T2", "ON", "T1.ID", "=", "T2.ID", "WHERE", "T2.SC170", "=", "'negative", "'", "AND", "T2.Date", ">", "1997-01-01"], "evidence_toks": ["examination", "done", "after", "1997/1/1", "refers", "to", "`", "Examination", "Date", "`", ">", "=", "1997", ";", "normal", "anti-scl70", "refers", "to", "SC170", "IN", "(", "'-", "'", ",", "'+-", "'", ")", ";"], "difficulty": "moderate"}, {"db_id": "thrombosis_prediction", "question": "Among the patients who has a normal anti-scl70, how many of them are male and have the symptom of vertigo?", "evidence": "normal anti-scl70 refers to SC170 IN('-', '+-'); male refers to Sex = 'M'; symptom of vertigo refers to symptoms = 'vertigo'; Should compute the number of distinct ones", "SQL": "SELECT COUNT(DISTINCT T1.ID) FROM Patient AS T1 INNER JOIN Laboratory AS T2 ON T1.ID = T2.ID INNER JOIN Examination AS T3 ON T3.ID = T2.ID WHERE T2.SC170 = '-' OR T2.SC170 = '+-' AND T1.SEX = 'M' AND T3.Symptoms = 'vertigo'", "question_toks": ["Among", "the", "patients", "who", "has", "a", "normal", "anti-scl70", ",", "how", "many", "of", "them", "are", "male", "and", "have", "the", "symptom", "of", "vertigo", "?"], "SQL_toks": ["SELECT", "COUNT", "(", "DISTINCT", "T1.ID", ")", "FROM", "Patient", "AS", "T1", "INNER", "JOIN", "Laboratory", "AS", "T2", "ON", "T1.ID", "=", "T2.ID", "INNER", "JOIN", "Examination", "AS", "T3", "ON", "T3.ID", "=", "T2.ID", "WHERE", "T2.SC170", "=", "'-", "'", "OR", "T2.SC170", "=", "'+-", "'", "AND", "T1.SEX", "=", "'M", "'", "AND", "T3.Symptoms", "=", "'vertigo", "'"], "evidence_toks": ["normal", "anti-scl70", "refers", "to", "SC170", "IN", "(", "'-", "'", ",", "'+-", "'", ")", ";", "male", "refers", "to", "Sex", "=", "'M", "'", ";", "symptom", "of", "vertigo", "refers", "to", "symptoms", "=", "'vertigo", "'", ";", "Should", "compute", "the", "number", "of", "distinct", "ones"], "difficulty": "challenging"}, {"db_id": "thrombosis_prediction", "question": "Which patient is the first patient with an abnormal anti-SSA to come to the hospital? Please give his or her ID.", "evidence": "first patient refers to ID with MIN(`First Date`); abnormal anti-SSA refers to SSA NOT IN('-', '+-');", "SQL": "SELECT T1.ID FROM Patient AS T1 INNER JOIN Laboratory AS T2 ON T1.ID = T2.ID WHERE T2.SSA != 'negative' OR T2.SSA != '0' ORDER BY T1.`First Date` ASC LIMIT 1", "question_toks": ["Which", "patient", "is", "the", "first", "patient", "with", "an", "abnormal", "anti-SSA", "to", "come", "to", "the", "hospital", "?", "Please", "give", "his", "or", "her", "ID", "."], "SQL_toks": ["SELECT", "T1.ID", "FROM", "Patient", "AS", "T1", "INNER", "JOIN", "Laboratory", "AS", "T2", "ON", "T1.ID", "=", "T2.ID", "WHERE", "T2.SSA", "!", "=", "'negative", "'", "OR", "T2.SSA", "!", "=", "'", "0", "'", "ORDER", "BY", "T1.", "`", "First", "Date", "`", "ASC", "LIMIT", "1"], "evidence_toks": ["first", "patient", "refers", "to", "ID", "with", "MIN", "(", "`", "First", "Date", "`", ")", ";", "abnormal", "anti-SSA", "refers", "to", "SSA", "NOT", "IN", "(", "'-", "'", ",", "'+-", "'", ")", ";"], "difficulty": "moderate"}, {"db_id": "thrombosis_prediction", "question": "Among the patients who has a normal level of anti-centromere and a normal level of anti-SSB, how many of them are male?", "evidence": "normal level of anti-centromere refers to CENTROMEA IN('-','+-'); normal level of anti-SSB refers to SSB IN('-','+-'); male refers to Sex = 'M';", "SQL": "SELECT COUNT(DISTINCT T1.ID) FROM Patient AS T1 INNER JOIN Laboratory AS T2 ON T1.ID = T2.ID WHERE T2.CENTROMEA = 'negative' OR '0' AND T2.SSB = 'negative' OR '0' AND T1.SEX = 'M'", "question_toks": ["Among", "the", "patients", "who", "has", "a", "normal", "level", "of", "anti-centromere", "and", "a", "normal", "level", "of", "anti-SSB", ",", "how", "many", "of", "them", "are", "male", "?"], "SQL_toks": ["SELECT", "COUNT", "(", "DISTINCT", "T1.ID", ")", "FROM", "Patient", "AS", "T1", "INNER", "JOIN", "Laboratory", "AS", "T2", "ON", "T1.ID", "=", "T2.ID", "WHERE", "T2.CENTROMEA", "=", "'negative", "'", "OR", "'", "0", "'", "AND", "T2.SSB", "=", "'negative", "'", "OR", "'", "0", "'", "AND", "T1.SEX", "=", "'M", "'"], "evidence_toks": ["normal", "level", "of", "anti-centromere", "refers", "to", "CENTROMEA", "IN", "(", "'-", "'", ",", "'+-", "'", ")", ";", "normal", "level", "of", "anti-SSB", "refers", "to", "SSB", "IN", "(", "'-", "'", ",", "'+-", "'", ")", ";", "male", "refers", "to", "Sex", "=", "'M", "'", ";"], "difficulty": "moderate"}, {"db_id": "thrombosis_prediction", "question": "For the patients who have an abnormal level of anti-DNA, please list the diseases they are diagnosed with.", "evidence": "abnormal level of anti-DNA refers to DNA > = 8; diseases refers to Diagnosis;", "SQL": "SELECT T1.Diagnosis FROM Patient AS T1 INNER JOIN Laboratory AS T2 ON T1.ID = T2.ID WHERE T2.DNA >= 8 GROUP BY T1.ID, T1.Diagnosis", "question_toks": ["For", "the", "patients", "who", "have", "an", "abnormal", "level", "of", "anti-DNA", ",", "please", "list", "the", "diseases", "they", "are", "diagnosed", "with", "."], "SQL_toks": ["SELECT", "T1.Diagnosis", "FROM", "Patient", "AS", "T1", "INNER", "JOIN", "Laboratory", "AS", "T2", "ON", "T1.ID", "=", "T2.ID", "WHERE", "T2.DNA", ">", "=", "8", "GROUP", "BY", "T1.ID", ",", "T1.Diagnosis"], "evidence_toks": ["abnormal", "level", "of", "anti-DNA", "refers", "to", "DNA", ">", "=", "8", ";", "diseases", "refers", "to", "Diagnosis", ";"], "difficulty": "simple"}, {"db_id": "thrombosis_prediction", "question": "How many patients have a normal anti-DNA level, yet their data are not recorded.", "evidence": "normal anti-DNA level refers to DNA < 8; data are not recorded refers to Description IS NULL; Should compute the number of unique ones", "SQL": "SELECT COUNT(DISTINCT T1.ID) FROM Patient AS T1 INNER JOIN Laboratory AS T2 ON T1.ID = T2.ID WHERE T2.DNA < 8 AND T1.Description IS NULL", "question_toks": ["How", "many", "patients", "have", "a", "normal", "anti-DNA", "level", ",", "yet", "their", "data", "are", "not", "recorded", "."], "SQL_toks": ["SELECT", "COUNT", "(", "DISTINCT", "T1.ID", ")", "FROM", "Patient", "AS", "T1", "INNER", "JOIN", "Laboratory", "AS", "T2", "ON", "T1.ID", "=", "T2.ID", "WHERE", "T2.DNA", "<", "8", "AND", "T1.Description", "IS", "NULL"], "evidence_toks": ["normal", "anti-DNA", "level", "refers", "to", "DNA", "<", "8", ";", "data", "are", "not", "recorded", "refers", "to", "Description", "IS", "NULL", ";", "Should", "compute", "the", "number", "of", "unique", "ones"], "difficulty": "moderate"}, {"db_id": "thrombosis_prediction", "question": "Of the patients with an abnormal level of anti-DNA-II, how many of them admitted to the hospital?", "evidence": "normal level of anti-DNA-II refers to DNA-II < 8; admitted to the hospital refers to Admission = '+';", "SQL": "SELECT COUNT(T1.ID) FROM Patient AS T1 INNER JOIN Laboratory AS T2 ON T1.ID = T2.ID WHERE T2.`DNA-II` >= 8 AND T1.Admission = '+'", "question_toks": ["Of", "the", "patients", "with", "an", "abnormal", "level", "of", "anti-DNA-II", ",", "how", "many", "of", "them", "admitted", "to", "the", "hospital", "?"], "SQL_toks": ["SELECT", "COUNT", "(", "T1.ID", ")", "FROM", "Patient", "AS", "T1", "INNER", "JOIN", "Laboratory", "AS", "T2", "ON", "T1.ID", "=", "T2.ID", "WHERE", "T2.", "`", "DNA-II", "`", ">", "=", "8", "AND", "T1.Admission", "=", "'+", "'"], "evidence_toks": ["normal", "level", "of", "anti-DNA-II", "refers", "to", "DNA-II", "<", "8", ";", "admitted", "to", "the", "hospital", "refers", "to", "Admission", "=", "'+", "'", ";"], "difficulty": "simple"}, {"db_id": "thrombosis_prediction", "question": "What is the percentage of patient who has a normal anti-DNA-II level, yet he or she is diagnosed with SLE?", "evidence": "normal anti-DNA-II level refers to DNA-II < 8; percentage = MULTIPLY(DIVIDE(COUNT(ID WHERE DNA-II < 8 AND Diagnosis = 'SLE'), COUNT(ID WHERE DNA-11 < 8)), 1.0);", "SQL": "SELECT COUNT(T1.ID) FROM Patient AS T1 INNER JOIN Laboratory AS T2 ON T1.ID = T2.ID WHERE T2.`DNA-II` < 8 AND T1.Diagnosis LIKE '%SLE%'", "question_toks": ["What", "is", "the", "percentage", "of", "patient", "who", "has", "a", "normal", "anti-DNA-II", "level", ",", "yet", "he", "or", "she", "is", "diagnosed", "with", "SLE", "?"], "SQL_toks": ["SELECT", "COUNT", "(", "T1.ID", ")", "FROM", "Patient", "AS", "T1", "INNER", "JOIN", "Laboratory", "AS", "T2", "ON", "T1.ID", "=", "T2.ID", "WHERE", "T2.", "`", "DNA-II", "`", "<", "8", "AND", "T1.Diagnosis", "LIKE", "'", "%", "SLE", "%", "'"], "evidence_toks": ["normal", "anti-DNA-II", "level", "refers", "to", "DNA-II", "<", "8", ";", "percentage", "=", "MULTIPLY", "(", "DIVIDE", "(", "COUNT", "(", "ID", "WHERE", "DNA-II", "<", "8", "AND", "Diagnosis", "=", "'SLE", "'", ")", ",", "COUNT", "(", "ID", "WHERE", "DNA-11", "<", "8", ")", ")", ",", "1.0", ")", ";"], "difficulty": "moderate"}, {"db_id": "thrombosis_prediction", "question": "Among the patients who have an abnormal level of glutamic oxaloacetic transaminase, when was the youngest of them born?", "evidence": "abnormal level of glutamic oxaloacetic transaminase refers to GOT > = 60; youngest refers to MAX(Birthday);", "SQL": "SELECT T1.Birthday FROM Patient AS T1 INNER JOIN Laboratory AS T2 ON T1.ID = T2.ID WHERE T2.GOT >= 60 ORDER BY T1.Birthday DESC LIMIT 1", "question_toks": ["Among", "the", "patients", "who", "have", "an", "abnormal", "level", "of", "glutamic", "oxaloacetic", "transaminase", ",", "when", "was", "the", "youngest", "of", "them", "born", "?"], "SQL_toks": ["SELECT", "T1.Birthday", "FROM", "Patient", "AS", "T1", "INNER", "JOIN", "Laboratory", "AS", "T2", "ON", "T1.ID", "=", "T2.ID", "WHERE", "T2.GOT", ">", "=", "60", "ORDER", "BY", "T1.Birthday", "DESC", "LIMIT", "1"], "evidence_toks": ["abnormal", "level", "of", "glutamic", "oxaloacetic", "transaminase", "refers", "to", "GOT", ">", "=", "60", ";", "youngest", "refers", "to", "MAX", "(", "Birthday", ")", ";"], "difficulty": "moderate"}, {"db_id": "thrombosis_prediction", "question": "Please list the top three patients' birthdays with the highest glutamic pylvic transaminase in the normal range.", "evidence": "highest glutamic pylvic transaminase in the normal range refers to MAX(GOT < 60);", "SQL": "SELECT T1.Birthday FROM Patient AS T1 INNER JOIN Laboratory AS T2 ON T1.ID = T2.ID WHERE T2.GPT < 60 ORDER BY T2.GPT DESC LIMIT 3", "question_toks": ["Please", "list", "the", "top", "three", "patients", "'", "birthdays", "with", "the", "highest", "glutamic", "pylvic", "transaminase", "in", "the", "normal", "range", "."], "SQL_toks": ["SELECT", "T1.Birthday", "FROM", "Patient", "AS", "T1", "INNER", "JOIN", "Laboratory", "AS", "T2", "ON", "T1.ID", "=", "T2.ID", "WHERE", "T2.GPT", "<", "60", "ORDER", "BY", "T2.GPT", "DESC", "LIMIT", "3"], "evidence_toks": ["highest", "glutamic", "pylvic", "transaminase", "in", "the", "normal", "range", "refers", "to", "MAX", "(", "GOT", "<", "60", ")", ";"], "difficulty": "simple"}, {"db_id": "thrombosis_prediction", "question": "For the patient with the highest lactate dehydrogenase in the normal range, when was his or her data first recorded?", "evidence": "highest lactate dehydrogenase in the normal range refers to MAX(LDH < 500); when the data first recorded refers to MIN(First Date);", "SQL": "SELECT T1.`First Date` FROM Patient AS T1 INNER JOIN Laboratory AS T2 ON T1.ID = T2.ID WHERE T2.LDH < 500 ORDER BY T2.LDH DESC LIMIT 1", "question_toks": ["For", "the", "patient", "with", "the", "highest", "lactate", "dehydrogenase", "in", "the", "normal", "range", ",", "when", "was", "his", "or", "her", "data", "first", "recorded", "?"], "SQL_toks": ["SELECT", "T1.", "`", "First", "Date", "`", "FROM", "Patient", "AS", "T1", "INNER", "JOIN", "Laboratory", "AS", "T2", "ON", "T1.ID", "=", "T2.ID", "WHERE", "T2.LDH", "<", "500", "ORDER", "BY", "T2.LDH", "DESC", "LIMIT", "1"], "evidence_toks": ["highest", "lactate", "dehydrogenase", "in", "the", "normal", "range", "refers", "to", "MAX", "(", "LDH", "<", "500", ")", ";", "when", "the", "data", "first", "recorded", "refers", "to", "MIN", "(", "First", "Date", ")", ";"], "difficulty": "moderate"}, {"db_id": "thrombosis_prediction", "question": "For the patient with an abnormal alkaliphophatase level, how many of them are admitted to the hospital?", "evidence": "abnormal alkaliphophatase level refers to ALP > = 300; admitted to the hospital refers to Admission = '+';", "SQL": "SELECT COUNT(T1.ID) FROM Patient AS T1 INNER JOIN Laboratory AS T2 ON T1.ID = T2.ID WHERE T2.ALP >= 300 AND T1.Admission = '+'", "question_toks": ["For", "the", "patient", "with", "an", "abnormal", "alkaliphophatase", "level", ",", "how", "many", "of", "them", "are", "admitted", "to", "the", "hospital", "?"], "SQL_toks": ["SELECT", "COUNT", "(", "T1.ID", ")", "FROM", "Patient", "AS", "T1", "INNER", "JOIN", "Laboratory", "AS", "T2", "ON", "T1.ID", "=", "T2.ID", "WHERE", "T2.ALP", ">", "=", "300", "AND", "T1.Admission", "=", "'+", "'"], "evidence_toks": ["abnormal", "alkaliphophatase", "level", "refers", "to", "ALP", ">", "=", "300", ";", "admitted", "to", "the", "hospital", "refers", "to", "Admission", "=", "'+", "'", ";"], "difficulty": "simple"}, {"db_id": "thrombosis_prediction", "question": "For the patients who are diagnosed with SJS, how many of them have a normal level of total protein?", "evidence": "diagnosed with SJS refers to Diagnosis = 'SJS'; normal level of total protein refers to TP > 6.0 and TP < 8.5;", "SQL": "SELECT COUNT(T1.ID) FROM Patient AS T1 INNER JOIN Laboratory AS T2 ON T1.ID = T2.ID WHERE T1.Diagnosis = 'SJS' AND T2.TP > 6.0 AND T2.TP < 8.5", "question_toks": ["For", "the", "patients", "who", "are", "diagnosed", "with", "SJS", ",", "how", "many", "of", "them", "have", "a", "normal", "level", "of", "total", "protein", "?"], "SQL_toks": ["SELECT", "COUNT", "(", "T1.ID", ")", "FROM", "Patient", "AS", "T1", "INNER", "JOIN", "Laboratory", "AS", "T2", "ON", "T1.ID", "=", "T2.ID", "WHERE", "T1.Diagnosis", "=", "'SJS", "'", "AND", "T2.TP", ">", "6.0", "AND", "T2.TP", "<", "8.5"], "evidence_toks": ["diagnosed", "with", "SJS", "refers", "to", "Diagnosis", "=", "'SJS", "'", ";", "normal", "level", "of", "total", "protein", "refers", "to", "TP", ">", "6.0", "and", "TP", "<", "8.5", ";"], "difficulty": "moderate"}, {"db_id": "thrombosis_prediction", "question": "What is the examination date of the patient whose albumin is the highest in the normal range?", "evidence": "examination date refers to Date; albumin is the highest in the normal range refers to MAX(ALB > 3.5 and ALB < 5.5);", "SQL": "SELECT Date FROM Laboratory WHERE ALB BETWEEN 3.5 AND 5.5 ORDER BY ALB DESC LIMIT 1", "question_toks": ["What", "is", "the", "examination", "date", "of", "the", "patient", "whose", "albumin", "is", "the", "highest", "in", "the", "normal", "range", "?"], "SQL_toks": ["SELECT", "Date", "FROM", "Laboratory", "WHERE", "ALB", "BETWEEN", "3.5", "AND", "5.5", "ORDER", "BY", "ALB", "DESC", "LIMIT", "1"], "evidence_toks": ["examination", "date", "refers", "to", "Date", ";", "albumin", "is", "the", "highest", "in", "the", "normal", "range", "refers", "to", "MAX", "(", "ALB", ">", "3.5", "and", "ALB", "<", "5.5", ")", ";"], "difficulty": "simple"}, {"db_id": "thrombosis_prediction", "question": "What is the highest anti-nucleus antibody concentration level of a patient with a normal creatinine level?", "evidence": "highest anti-nucleus antibody concentration level refers to MAX(ANA); normal creatinine level refers to CRE < 1.5;", "SQL": "SELECT T2.ANA FROM Patient AS T1 INNER JOIN Examination AS T2 ON T1.ID = T2.ID INNER JOIN Laboratory AS T3 ON T1.ID = T3.ID WHERE T3.CRE < 1.5 ORDER BY T2.ANA DESC LIMIT 1", "question_toks": ["What", "is", "the", "highest", "anti-nucleus", "antibody", "concentration", "level", "of", "a", "patient", "with", "a", "normal", "creatinine", "level", "?"], "SQL_toks": ["SELECT", "T2.ANA", "FROM", "Patient", "AS", "T1", "INNER", "JOIN", "Examination", "AS", "T2", "ON", "T1.ID", "=", "T2.ID", "INNER", "JOIN", "Laboratory", "AS", "T3", "ON", "T1.ID", "=", "T3.ID", "WHERE", "T3.CRE", "<", "1.5", "ORDER", "BY", "T2.ANA", "DESC", "LIMIT", "1"], "evidence_toks": ["highest", "anti-nucleus", "antibody", "concentration", "level", "refers", "to", "MAX", "(", "ANA", ")", ";", "normal", "creatinine", "level", "refers", "to", "CRE", "<", "1.5", ";"], "difficulty": "moderate"}, {"db_id": "thrombosis_prediction", "question": "Please list the patient's ID whose creatinine level is normal and whose anti Cardiolipin antibody concentration level is the highest.", "evidence": "creatinine level is normal refers to CRE < 1.5; anti Cardiolipin antibody concentration level is the highest refers to MAX(aCL IgA);", "SQL": "SELECT T2.ID FROM Laboratory AS T1 INNER JOIN Examination AS T2 ON T1.ID = T2.ID WHERE T1.CRE < 1.5 ORDER BY `aCL IgA` DESC LIMIT 1", "question_toks": ["Please", "list", "the", "patient", "'s", "ID", "whose", "creatinine", "level", "is", "normal", "and", "whose", "anti", "Cardiolipin", "antibody", "concentration", "level", "is", "the", "highest", "."], "SQL_toks": ["SELECT", "T2.ID", "FROM", "Laboratory", "AS", "T1", "INNER", "JOIN", "Examination", "AS", "T2", "ON", "T1.ID", "=", "T2.ID", "WHERE", "T1.CRE", "<", "1.5", "ORDER", "BY", "`", "aCL", "IgA", "`", "DESC", "LIMIT", "1"], "evidence_toks": ["creatinine", "level", "is", "normal", "refers", "to", "CRE", "<", "1.5", ";", "anti", "Cardiolipin", "antibody", "concentration", "level", "is", "the", "highest", "refers", "to", "MAX", "(", "aCL", "IgA", ")", ";"], "difficulty": "moderate"}, {"db_id": "thrombosis_prediction", "question": "Among the patients with the normal level of triglyceride, how many of them have other symptoms observed?", "evidence": "normal level of triglyceride refers to TG < 200; have other symptoms refers to Symptoms is not null;", "SQL": "SELECT COUNT(T1.ID) FROM Examination AS T1 INNER JOIN Laboratory AS T2 ON T1.ID = T2.ID WHERE T2.TG < 200 AND T1.Symptoms IS NOT NULL", "question_toks": ["Among", "the", "patients", "with", "the", "normal", "level", "of", "triglyceride", ",", "how", "many", "of", "them", "have", "other", "symptoms", "observed", "?"], "SQL_toks": ["SELECT", "COUNT", "(", "T1.ID", ")", "FROM", "Examination", "AS", "T1", "INNER", "JOIN", "Laboratory", "AS", "T2", "ON", "T1.ID", "=", "T2.ID", "WHERE", "T2.TG", "<", "200", "AND", "T1.Symptoms", "IS", "NOT", "NULL"], "evidence_toks": ["normal", "level", "of", "triglyceride", "refers", "to", "TG", "<", "200", ";", "have", "other", "symptoms", "refers", "to", "Symptoms", "is", "not", "null", ";"], "difficulty": "simple"}, {"db_id": "thrombosis_prediction", "question": "Please list the IDs of the patients with no thrombosis and an abnormal level of creatinine phosphokinase.", "evidence": "no thrombosis refers to Thrombosis > 0 ; abnormal level of creatinine phosphokinase refers to CPK < 250;", "SQL": "SELECT DISTINCT T1.ID FROM Laboratory AS T1 INNER JOIN Examination AS T2 ON T1.ID = T2.ID WHERE T2.Thrombosis > 0 AND T1.CPK < 250", "question_toks": ["Please", "list", "the", "IDs", "of", "the", "patients", "with", "no", "thrombosis", "and", "an", "abnormal", "level", "of", "creatinine", "phosphokinase", "."], "SQL_toks": ["SELECT", "DISTINCT", "T1.ID", "FROM", "Laboratory", "AS", "T1", "INNER", "JOIN", "Examination", "AS", "T2", "ON", "T1.ID", "=", "T2.ID", "WHERE", "T2.Thrombosis", ">", "0", "AND", "T1.CPK", "<", "250"], "evidence_toks": ["no", "thrombosis", "refers", "to", "Thrombosis", ">", "0", ";", "abnormal", "level", "of", "creatinine", "phosphokinase", "refers", "to", "CPK", "<", "250", ";"], "difficulty": "simple"}, {"db_id": "thrombosis_prediction", "question": "When is the birthday of the oldest patient whose blood glucose is abnormal?", "evidence": "oldest patient refers to MIN(Birthday); blood glucose is abnormal refers to GLU > 180;", "SQL": "SELECT T1.Birthday FROM Patient AS T1 INNER JOIN Laboratory AS T2 ON T1.ID = T2.ID WHERE T2.GLU > 180 ORDER BY T1.Birthday ASC LIMIT 1", "question_toks": ["When", "is", "the", "birthday", "of", "the", "oldest", "patient", "whose", "blood", "glucose", "is", "abnormal", "?"], "SQL_toks": ["SELECT", "T1.Birthday", "FROM", "Patient", "AS", "T1", "INNER", "JOIN", "Laboratory", "AS", "T2", "ON", "T1.ID", "=", "T2.ID", "WHERE", "T2.GLU", ">", "180", "ORDER", "BY", "T1.Birthday", "ASC", "LIMIT", "1"], "evidence_toks": ["oldest", "patient", "refers", "to", "MIN", "(", "Birthday", ")", ";", "blood", "glucose", "is", "abnormal", "refers", "to", "GLU", ">", "180", ";"], "difficulty": "simple"}, {"db_id": "thrombosis_prediction", "question": "Among the patients with a normal blood glucose, how many of them don't have thrombosis?", "evidence": "normal blood glucose refers to GLU < 180; don't have thrombosis refers to Thrombosis = 0;", "SQL": "SELECT COUNT(T1.ID) FROM Patient AS T1 INNER JOIN Laboratory AS T2 ON T1.ID = T2.ID INNER JOIN Examination AS T3 ON T1.ID = T3.ID WHERE T2.GLU < 180 AND T3.Thrombosis = 0", "question_toks": ["Among", "the", "patients", "with", "a", "normal", "blood", "glucose", ",", "how", "many", "of", "them", "do", "n't", "have", "thrombosis", "?"], "SQL_toks": ["SELECT", "COUNT", "(", "T1.ID", ")", "FROM", "Patient", "AS", "T1", "INNER", "JOIN", "Laboratory", "AS", "T2", "ON", "T1.ID", "=", "T2.ID", "INNER", "JOIN", "Examination", "AS", "T3", "ON", "T1.ID", "=", "T3.ID", "WHERE", "T2.GLU", "<", "180", "AND", "T3.Thrombosis", "=", "0"], "evidence_toks": ["normal", "blood", "glucose", "refers", "to", "GLU", "<", "180", ";", "do", "n't", "have", "thrombosis", "refers", "to", "Thrombosis", "=", "0", ";"], "difficulty": "moderate"}, {"db_id": "thrombosis_prediction", "question": "How many patients accepted to the hospital have a normal level of white blood cells?", "evidence": "accepted to the hospital refers to Admission = '+'; normal level of white blood cells refers to WBC between 3.5 and 9.0;", "SQL": "SELECT COUNT(T1.ID) FROM Patient AS T1 INNER JOIN Laboratory AS T2 ON T1.ID = T2.ID WHERE T2.WBC BETWEEN 3.5 AND 9 AND T1.Admission = '+'", "question_toks": ["How", "many", "patients", "accepted", "to", "the", "hospital", "have", "a", "normal", "level", "of", "white", "blood", "cells", "?"], "SQL_toks": ["SELECT", "COUNT", "(", "T1.ID", ")", "FROM", "Patient", "AS", "T1", "INNER", "JOIN", "Laboratory", "AS", "T2", "ON", "T1.ID", "=", "T2.ID", "WHERE", "T2.WBC", "BETWEEN", "3.5", "AND", "9", "AND", "T1.Admission", "=", "'+", "'"], "evidence_toks": ["accepted", "to", "the", "hospital", "refers", "to", "Admission", "=", "'+", "'", ";", "normal", "level", "of", "white", "blood", "cells", "refers", "to", "WBC", "between", "3.5", "and", "9.0", ";"], "difficulty": "moderate"}, {"db_id": "thrombosis_prediction", "question": "How many patients diagnosed with SLE have a normal white blood cell level?", "evidence": "diagnosed with SLE refers to Diagnosis = 'SLE'; normal white blood cell level refers to WBC between 3.5 and 9.0;", "SQL": "SELECT COUNT(T1.ID) FROM Patient AS T1 INNER JOIN Laboratory AS T2 ON T1.ID = T2.ID WHERE T1.Diagnosis = 'SLE' AND T2.WBC BETWEEN 3.5 AND 9", "question_toks": ["How", "many", "patients", "diagnosed", "with", "SLE", "have", "a", "normal", "white", "blood", "cell", "level", "?"], "SQL_toks": ["SELECT", "COUNT", "(", "T1.ID", ")", "FROM", "Patient", "AS", "T1", "INNER", "JOIN", "Laboratory", "AS", "T2", "ON", "T1.ID", "=", "T2.ID", "WHERE", "T1.Diagnosis", "=", "'SLE", "'", "AND", "T2.WBC", "BETWEEN", "3.5", "AND", "9"], "evidence_toks": ["diagnosed", "with", "SLE", "refers", "to", "Diagnosis", "=", "'SLE", "'", ";", "normal", "white", "blood", "cell", "level", "refers", "to", "WBC", "between", "3.5", "and", "9.0", ";"], "difficulty": "simple"}, {"db_id": "thrombosis_prediction", "question": "Please list a patient's platelet level if it is within the normal range and if he or she is diagnosed with MCTD.", "evidence": "PLT > 100 and PLT < 400 means platelet level is within the normal range; PLT < 100 and PLT > 400 means platelet level is not within the normal range; diagnosed with MCTD refers to Diagnosis = 'MCTD';", "SQL": "SELECT T2.PLT FROM Patient AS T1 INNER JOIN Laboratory AS T2 ON T1.ID = T2.ID WHERE T1.Diagnosis = 'MCTD' AND T2.PLT BETWEEN 100 AND 400", "question_toks": ["Please", "list", "a", "patient", "'s", "platelet", "level", "if", "it", "is", "within", "the", "normal", "range", "and", "if", "he", "or", "she", "is", "diagnosed", "with", "MCTD", "."], "SQL_toks": ["SELECT", "T2.PLT", "FROM", "Patient", "AS", "T1", "INNER", "JOIN", "Laboratory", "AS", "T2", "ON", "T1.ID", "=", "T2.ID", "WHERE", "T1.Diagnosis", "=", "'MCTD", "'", "AND", "T2.PLT", "BETWEEN", "100", "AND", "400"], "evidence_toks": ["PLT", ">", "100", "and", "PLT", "<", "400", "means", "platelet", "level", "is", "within", "the", "normal", "range", ";", "PLT", "<", "100", "and", "PLT", ">", "400", "means", "platelet", "level", "is", "not", "within", "the", "normal", "range", ";", "diagnosed", "with", "MCTD", "refers", "to", "Diagnosis", "=", "'MCTD", "'", ";"], "difficulty": "moderate"}, {"db_id": "thrombosis_prediction", "question": "For the male patients that have a normal prothrombin time, what is their average prothrombin time?", "evidence": "male refers to Sex = 'M'; normal prothrombin time refer to PT < 14; average prothrombin time = AVG(PT);", "SQL": "SELECT AVG(T2.PT) FROM Patient AS T1 INNER JOIN Laboratory AS T2 ON T1.ID = T2.ID WHERE T2.PT < 14 AND T1.SEX = 'M'", "question_toks": ["For", "the", "male", "patients", "that", "have", "a", "normal", "prothrombin", "time", ",", "what", "is", "their", "average", "prothrombin", "time", "?"], "SQL_toks": ["SELECT", "AVG", "(", "T2.PT", ")", "FROM", "Patient", "AS", "T1", "INNER", "JOIN", "Laboratory", "AS", "T2", "ON", "T1.ID", "=", "T2.ID", "WHERE", "T2.PT", "<", "14", "AND", "T1.SEX", "=", "'M", "'"], "evidence_toks": ["male", "refers", "to", "Sex", "=", "'M", "'", ";", "normal", "prothrombin", "time", "refer", "to", "PT", "<", "14", ";", "average", "prothrombin", "time", "=", "AVG", "(", "PT", ")", ";"], "difficulty": "simple"}, {"db_id": "thrombosis_prediction", "question": "How many patients with severe thrombosis have a normal prothrombin time?", "evidence": "severe thrombosis refers to Thrombosis = 2 or 1; normal prothrombin time refers to PT < 14;", "SQL": "SELECT COUNT(T1.ID) FROM Patient AS T1 INNER JOIN Laboratory AS T2 ON T1.ID = T2.ID INNER JOIN Examination AS T3 ON T1.ID = T3.ID WHERE T2.PT < 14 AND T3.Thrombosis < 3 AND T3.Thrombosis > 0", "question_toks": ["How", "many", "patients", "with", "severe", "thrombosis", "have", "a", "normal", "prothrombin", "time", "?"], "SQL_toks": ["SELECT", "COUNT", "(", "T1.ID", ")", "FROM", "Patient", "AS", "T1", "INNER", "JOIN", "Laboratory", "AS", "T2", "ON", "T1.ID", "=", "T2.ID", "INNER", "JOIN", "Examination", "AS", "T3", "ON", "T1.ID", "=", "T3.ID", "WHERE", "T2.PT", "<", "14", "AND", "T3.Thrombosis", "<", "3", "AND", "T3.Thrombosis", ">", "0"], "evidence_toks": ["severe", "thrombosis", "refers", "to", "Thrombosis", "=", "2", "or", "1", ";", "normal", "prothrombin", "time", "refers", "to", "PT", "<", "14", ";"], "difficulty": "moderate"}]