[{"db_id": "toxicology", "question": "What is the most common bond type?", "evidence": "most common bond type refers MAX(COUNT(bond_type))", "SQL": "SELECT T.bond_type FROM ( SELECT bond_type, COUNT(bond_id) FROM bond GROUP BY bond_type ORDER BY COUNT(bond_id) DESC LIMIT 1 ) AS T", "question_toks": ["What", "is", "the", "most", "common", "bond", "type", "?"], "SQL_toks": ["SELECT", "T.bond_type", "FROM", "(", "SELECT", "bond_type", ",", "COUNT", "(", "bond_id", ")", "FROM", "bond", "GROUP", "BY", "bond_type", "ORDER", "BY", "COUNT", "(", "bond_id", ")", "DESC", "LIMIT", "1", ")", "AS", "T"], "evidence_toks": ["most", "common", "bond", "type", "refers", "MAX", "(", "COUNT", "(", "bond_type", ")", ")"], "difficulty": "simple"}, {"db_id": "toxicology", "question": "In the non-carcinogenic molecules, how many contain chlorine atoms?", "evidence": "non-carcinogenic molecules refers to label = '-'; chlorine atoms refers to element = 'cl'", "SQL": "SELECT COUNT(DISTINCT T1.molecule_id) FROM molecule AS T1 INNER JOIN atom AS T2 ON T1.molecule_id = T2.molecule_id WHERE T2.element = 'cl' AND T1.label = '-'", "question_toks": ["In", "the", "non-carcinogenic", "molecules", ",", "how", "many", "contain", "chlorine", "atoms", "?"], "SQL_toks": ["SELECT", "COUNT", "(", "DISTINCT", "T1.molecule_id", ")", "FROM", "molecule", "AS", "T1", "INNER", "JOIN", "atom", "AS", "T2", "ON", "T1.molecule_id", "=", "T2.molecule_id", "WHERE", "T2.element", "=", "'cl", "'", "AND", "T1.label", "=", "'-", "'"], "evidence_toks": ["non-carcinogenic", "molecules", "refers", "to", "label", "=", "'-", "'", ";", "chlorine", "atoms", "refers", "to", "element", "=", "'cl", "'"], "difficulty": "simple"}, {"db_id": "toxicology", "question": "On average how many carcinogenic molecules are single bonded?", "evidence": "carcinogenic molecules refers to label = '+'; single-bonded refers to bond_type = '-'; average = DIVIDE(SUM(bond_type = '-'), COUNT(atom_id))", "SQL": "SELECT CAST(COUNT(DISTINCT CASE WHEN T1.bond_type = '-' AND T3.label = '+' THEN T3.molecule_id ELSE NULL END) AS REAL) / COUNT(DISTINCT T3.molecule_id) FROM bond AS T1 INNER JOIN atom AS T2 ON T1.molecule_id = T2.molecule_id INNER JOIN molecule AS T3 ON T3.molecule_id = T2.molecule_id", "question_toks": ["On", "average", "how", "many", "carcinogenic", "molecules", "are", "single", "bonded", "?"], "SQL_toks": ["SELECT", "CAST", "(", "COUNT", "(", "DISTINCT", "CASE", "WHEN", "T1.bond_type", "=", "'-", "'", "AND", "T3.label", "=", "'+", "'", "THEN", "T3.molecule_id", "ELSE", "NULL", "END", ")", "AS", "REAL", ")", "/", "COUNT", "(", "DISTINCT", "T3.molecule_id", ")", "FROM", "bond", "AS", "T1", "INNER", "JOIN", "atom", "AS", "T2", "ON", "T1.molecule_id", "=", "T2.molecule_id", "INNER", "JOIN", "molecule", "AS", "T3", "ON", "T3.molecule_id", "=", "T2.molecule_id"], "evidence_toks": ["carcinogenic", "molecules", "refers", "to", "label", "=", "'+", "'", ";", "single-bonded", "refers", "to", "bond_type", "=", "'-", "'", ";", "average", "=", "DIVIDE", "(", "SUM", "(", "bond_type", "=", "'-", "'", ")", ",", "COUNT", "(", "atom_id", ")", ")"], "difficulty": "challenging"}, {"db_id": "toxicology", "question": "How many triple type bonds are there?", "evidence": "triple type bonds refers to bond_type = '#'", "SQL": "SELECT COUNT(T.bond_id) FROM bond AS T WHERE T.bond_type = '#'", "question_toks": ["How", "many", "triple", "type", "bonds", "are", "there", "?"], "SQL_toks": ["SELECT", "COUNT", "(", "T.bond_id", ")", "FROM", "bond", "AS", "T", "WHERE", "T.bond_type", "=", "'", "#", "'"], "evidence_toks": ["triple", "type", "bonds", "refers", "to", "bond_type", "=", "'", "#", "'"], "difficulty": "simple"}, {"db_id": "toxicology", "question": "In how many atoms is there no bromine?", "evidence": "atoms with no bromine refers to element ! = 'br'", "SQL": "SELECT COUNT(DISTINCT T.atom_id) FROM atom AS T WHERE T.element <> 'br'", "question_toks": ["In", "how", "many", "atoms", "is", "there", "no", "bromine", "?"], "SQL_toks": ["SELECT", "COUNT", "(", "DISTINCT", "T.atom_id", ")", "FROM", "atom", "AS", "T", "WHERE", "T.element", "<", ">", "'br", "'"], "evidence_toks": ["atoms", "with", "no", "bromine", "refers", "to", "element", "!", "=", "'br", "'"], "difficulty": "simple"}, {"db_id": "toxicology", "question": "Identify by their ID the molecules in which there is silicon.", "evidence": "silicon refers to element = 'si';", "SQL": "SELECT T.atom_id FROM atom AS T WHERE T.element = 'si'", "question_toks": ["Identify", "by", "their", "ID", "the", "molecules", "in", "which", "there", "is", "silicon", "."], "SQL_toks": ["SELECT", "T.atom_id", "FROM", "atom", "AS", "T", "WHERE", "T.element", "=", "'si", "'"], "evidence_toks": ["silicon", "refers", "to", "element", "=", "'si", "'", ";"], "difficulty": "simple"}, {"db_id": "toxicology", "question": "What elements are in a double type bond?", "evidence": "double type bond refers to bond_type = ' = '; element = \u2018cl\u2019 means Chlorine; element = \u2018c\u2019 means Carbon; element = \u2018h\u2019 means Hydrogen; element = \u2018o\u2019 means Oxygen, element = \u2019s\u2019 means Sulfur; element = \u2019n\u2019 means Nitrogen, element = \u2018p\u2019 means Phosphorus, element = \u2018na\u2019 means Sodium, element = \u2018br\u2019 means Bromine, element = \u2018f\u2019 means Fluorine; element = \u2018i\u2019 means Iodine; element = \u2018sn\u2019 means Tin; element = \u2018pb\u2019 means Lead; element = \u2018te\u2019 means Tellurium; element = \u2018ca\u2019 means Calcium", "SQL": "SELECT DISTINCT T1.element FROM atom AS T1 INNER JOIN bond AS T2 ON T1.molecule_id = T2.molecule_id INNER JOIN connected AS T3 ON T1.atom_id = T3.atom_id WHERE T2.bond_type = '='", "question_toks": ["What", "elements", "are", "in", "a", "double", "type", "bond", "?"], "SQL_toks": ["SELECT", "DISTINCT", "T1.element", "FROM", "atom", "AS", "T1", "INNER", "JOIN", "bond", "AS", "T2", "ON", "T1.molecule_id", "=", "T2.molecule_id", "INNER", "JOIN", "connected", "AS", "T3", "ON", "T1.atom_id", "=", "T3.atom_id", "WHERE", "T2.bond_type", "=", "'=", "'"], "evidence_toks": ["double", "type", "bond", "refers", "to", "bond_type", "=", "'", "=", "'", ";", "element", "=", "\u2018", "cl", "\u2019", "means", "Chlorine", ";", "element", "=", "\u2018", "c", "\u2019", "means", "Carbon", ";", "element", "=", "\u2018", "h", "\u2019", "means", "Hydrogen", ";", "element", "=", "\u2018", "o", "\u2019", "means", "Oxygen", ",", "element", "=", "\u2019", "s", "\u2019", "means", "Sulfur", ";", "element", "=", "\u2019", "n", "\u2019", "means", "Nitrogen", ",", "element", "=", "\u2018", "p", "\u2019", "means", "Phosphorus", ",", "element", "=", "\u2018", "na", "\u2019", "means", "Sodium", ",", "element", "=", "\u2018", "br", "\u2019", "means", "Bromine", ",", "element", "=", "\u2018", "f", "\u2019", "means", "Fluorine", ";", "element", "=", "\u2018", "i", "\u2019", "means", "Iodine", ";", "element", "=", "\u2018", "sn", "\u2019", "means", "Tin", ";", "element", "=", "\u2018", "pb", "\u2019", "means", "Lead", ";", "element", "=", "\u2018", "te", "\u2019", "means", "Tellurium", ";", "element", "=", "\u2018", "ca", "\u2019", "means", "Calcium"], "difficulty": "challenging"}, {"db_id": "toxicology", "question": "What atoms are connected in single type bonds?", "evidence": "single type bond refers to bond_type = '-';", "SQL": "SELECT T2.atom_id, T2.atom_id2 FROM bond AS T1 INNER JOIN connected AS T2 ON T1.bond_id = T2.bond_id WHERE T1.bond_type = '-'", "question_toks": ["What", "atoms", "are", "connected", "in", "single", "type", "bonds", "?"], "SQL_toks": ["SELECT", "T2.atom_id", ",", "T2.atom_id2", "FROM", "bond", "AS", "T1", "INNER", "JOIN", "connected", "AS", "T2", "ON", "T1.bond_id", "=", "T2.bond_id", "WHERE", "T1.bond_type", "=", "'-", "'"], "evidence_toks": ["single", "type", "bond", "refers", "to", "bond_type", "=", "'-", "'", ";"], "difficulty": "simple"}, {"db_id": "toxicology", "question": "Which element is the least numerous in non-carcinogenic molecules?", "evidence": "label = '-' means molecules are non-carcinogenic; element = \u2018cl\u2019 means Chlorine; element = \u2018c\u2019 means Carbon; element = \u2018h\u2019 means Hydrogen; element = \u2018o\u2019 means Oxygen, element = \u2019s\u2019 means Sulfur; element = \u2019n\u2019 means Nitrogen, element = \u2018p\u2019 means Phosphorus, element = \u2018na\u2019 means Sodium, element = \u2018br\u2019 means Bromine, element = \u2018f\u2019 means Fluorine; element = \u2018i\u2019 means Iodine; element = \u2018sn\u2019 means Tin; element = \u2018pb\u2019 means Lead; element = \u2018te\u2019 means Tellurium; element = \u2018ca\u2019 means Calcium", "SQL": "SELECT T.element FROM ( SELECT T1.element, COUNT(DISTINCT T1.molecule_id) FROM atom AS T1 INNER JOIN molecule AS T2 ON T1.molecule_id = T2.molecule_id WHERE T2.label = '-' GROUP BY T1.element ORDER BY COUNT(DISTINCT T1.molecule_id) ASC LIMIT 4 ) t", "question_toks": ["Which", "element", "is", "the", "least", "numerous", "in", "non-carcinogenic", "molecules", "?"], "SQL_toks": ["SELECT", "T.element", "FROM", "(", "SELECT", "T1.element", ",", "COUNT", "(", "DISTINCT", "T1.molecule_id", ")", "FROM", "atom", "AS", "T1", "INNER", "JOIN", "molecule", "AS", "T2", "ON", "T1.molecule_id", "=", "T2.molecule_id", "WHERE", "T2.label", "=", "'-", "'", "GROUP", "BY", "T1.element", "ORDER", "BY", "COUNT", "(", "DISTINCT", "T1.molecule_id", ")", "ASC", "LIMIT", "4", ")", "t"], "evidence_toks": ["label", "=", "'-", "'", "means", "molecules", "are", "non-carcinogenic", ";", "element", "=", "\u2018", "cl", "\u2019", "means", "Chlorine", ";", "element", "=", "\u2018", "c", "\u2019", "means", "Carbon", ";", "element", "=", "\u2018", "h", "\u2019", "means", "Hydrogen", ";", "element", "=", "\u2018", "o", "\u2019", "means", "Oxygen", ",", "element", "=", "\u2019", "s", "\u2019", "means", "Sulfur", ";", "element", "=", "\u2019", "n", "\u2019", "means", "Nitrogen", ",", "element", "=", "\u2018", "p", "\u2019", "means", "Phosphorus", ",", "element", "=", "\u2018", "na", "\u2019", "means", "Sodium", ",", "element", "=", "\u2018", "br", "\u2019", "means", "Bromine", ",", "element", "=", "\u2018", "f", "\u2019", "means", "Fluorine", ";", "element", "=", "\u2018", "i", "\u2019", "means", "Iodine", ";", "element", "=", "\u2018", "sn", "\u2019", "means", "Tin", ";", "element", "=", "\u2018", "pb", "\u2019", "means", "Lead", ";", "element", "=", "\u2018", "te", "\u2019", "means", "Tellurium", ";", "element", "=", "\u2018", "ca", "\u2019", "means", "Calcium"], "difficulty": "challenging"}, {"db_id": "toxicology", "question": "What type of label is not on molecules with atoms with tin?", "evidence": "tin refers to element ! = 'sn'; label = '+' mean molecules are carcinogenic; label = '-' means molecules are non-carcinogenic", "SQL": "SELECT DISTINCT T2.label FROM atom AS T1 INNER JOIN molecule AS T2 ON T1.molecule_id = T2.molecule_id WHERE T1.element != 'sn'", "question_toks": ["What", "type", "of", "label", "is", "not", "on", "molecules", "with", "atoms", "with", "tin", "?"], "SQL_toks": ["SELECT", "DISTINCT", "T2.label", "FROM", "atom", "AS", "T1", "INNER", "JOIN", "molecule", "AS", "T2", "ON", "T1.molecule_id", "=", "T2.molecule_id", "WHERE", "T1.element", "!", "=", "'sn", "'"], "evidence_toks": ["tin", "refers", "to", "element", "!", "=", "'sn", "'", ";", "label", "=", "'+", "'", "mean", "molecules", "are", "carcinogenic", ";", "label", "=", "'-", "'", "means", "molecules", "are", "non-carcinogenic"], "difficulty": "simple"}, {"db_id": "toxicology", "question": "Identify all the atoms that are connected to the atoms of the TR181 molecule.", "evidence": "TR181 molecule refers to molecule_id = 'TR181'", "SQL": "SELECT T2.atom_id, T2.atom_id2 FROM atom AS T1 INNER JOIN connected AS T2 ON T2.atom_id = T1.atom_id WHERE T1.molecule_id = 'TR181'", "question_toks": ["Identify", "all", "the", "atoms", "that", "are", "connected", "to", "the", "atoms", "of", "the", "TR181", "molecule", "."], "SQL_toks": ["SELECT", "T2.atom_id", ",", "T2.atom_id2", "FROM", "atom", "AS", "T1", "INNER", "JOIN", "connected", "AS", "T2", "ON", "T2.atom_id", "=", "T1.atom_id", "WHERE", "T1.molecule_id", "=", "'TR181", "'"], "evidence_toks": ["TR181", "molecule", "refers", "to", "molecule_id", "=", "'TR181", "'"], "difficulty": "simple"}, {"db_id": "toxicology", "question": "What is the percentage of carcinogenic molecules in triple type bonds?", "evidence": "label = '+' mean molecules are carcinogenic; triple bond refers to bond_type = '#'; percentage = DIVIDE(SUM(bond_type = '#'), COUNT(bond_id)) as percent where label = '+'", "SQL": "SELECT CAST(COUNT(DISTINCT CASE WHEN T2.label = '+' THEN T2.molecule_id ELSE NULL END) AS REAL) * 100 / COUNT(DISTINCT T2.molecule_id) FROM atom AS T1 INNER JOIN molecule AS T2 ON T1.molecule_id = T2.molecule_id INNER JOIN bond AS T3 ON T2.molecule_id = T3.molecule_id WHERE T3.bond_type = '#'", "question_toks": ["What", "is", "the", "percentage", "of", "carcinogenic", "molecules", "in", "triple", "type", "bonds", "?"], "SQL_toks": ["SELECT", "CAST", "(", "COUNT", "(", "DISTINCT", "CASE", "WHEN", "T2.label", "=", "'+", "'", "THEN", "T2.molecule_id", "ELSE", "NULL", "END", ")", "AS", "REAL", ")", "*", "100", "/", "COUNT", "(", "DISTINCT", "T2.molecule_id", ")", "FROM", "atom", "AS", "T1", "INNER", "JOIN", "molecule", "AS", "T2", "ON", "T1.molecule_id", "=", "T2.molecule_id", "INNER", "JOIN", "bond", "AS", "T3", "ON", "T2.molecule_id", "=", "T3.molecule_id", "WHERE", "T3.bond_type", "=", "'", "#", "'"], "evidence_toks": ["label", "=", "'+", "'", "mean", "molecules", "are", "carcinogenic", ";", "triple", "bond", "refers", "to", "bond_type", "=", "'", "#", "'", ";", "percentage", "=", "DIVIDE", "(", "SUM", "(", "bond_type", "=", "'", "#", "'", ")", ",", "COUNT", "(", "bond_id", ")", ")", "as", "percent", "where", "label", "=", "'+", "'"], "difficulty": "challenging"}, {"db_id": "toxicology", "question": "What are the atoms that are bonded in the molecule TR001 with the bond ID of TR001_2_6?", "evidence": "TR001 is the molecule id; TR001_2_6 is the bond id", "SQL": "SELECT SUBSTR(T.bond_id, 1, 7) AS atom_id1 , T.molecule_id || SUBSTR(T.bond_id, 8, 2) AS atom_id2 FROM bond AS T WHERE T.molecule_id = 'TR001' AND T.bond_id = 'TR001_2_6'", "question_toks": ["What", "are", "the", "atoms", "that", "are", "bonded", "in", "the", "molecule", "TR001", "with", "the", "bond", "ID", "of", "TR001_2_6", "?"], "SQL_toks": ["SELECT", "SUBSTR", "(", "T.bond_id", ",", "1", ",", "7", ")", "AS", "atom_id1", ",", "T.molecule_id", "||", "SUBSTR", "(", "T.bond_id", ",", "8", ",", "2", ")", "AS", "atom_id2", "FROM", "bond", "AS", "T", "WHERE", "T.molecule_id", "=", "'TR001", "'", "AND", "T.bond_id", "=", "'TR001_2_6", "'"], "evidence_toks": ["TR001", "is", "the", "molecule", "id", ";", "TR001_2_6", "is", "the", "bond", "id"], "difficulty": "simple"}, {"db_id": "toxicology", "question": "What is the difference between the number of molecules that are carcinogenic and those that are not?", "evidence": "label = '+' means molecules are carcinogenic; label = '-' means molecules are non-carcinogenic; difference = SUBTRACT(SUM(label = '+'), SUM(label = '-'))", "SQL": "SELECT COUNT(CASE WHEN T.label = '+' THEN T.molecule_id ELSE NULL END) - COUNT(CASE WHEN T.label = '-' THEN T.molecule_id ELSE NULL END) AS diff_car_notcar FROM molecule t", "question_toks": ["What", "is", "the", "difference", "between", "the", "number", "of", "molecules", "that", "are", "carcinogenic", "and", "those", "that", "are", "not", "?"], "SQL_toks": ["SELECT", "COUNT", "(", "CASE", "WHEN", "T.label", "=", "'+", "'", "THEN", "T.molecule_id", "ELSE", "NULL", "END", ")", "-", "COUNT", "(", "CASE", "WHEN", "T.label", "=", "'-", "'", "THEN", "T.molecule_id", "ELSE", "NULL", "END", ")", "AS", "diff_car_notcar", "FROM", "molecule", "t"], "evidence_toks": ["label", "=", "'+", "'", "means", "molecules", "are", "carcinogenic", ";", "label", "=", "'-", "'", "means", "molecules", "are", "non-carcinogenic", ";", "difference", "=", "SUBTRACT", "(", "SUM", "(", "label", "=", "'+", "'", ")", ",", "SUM", "(", "label", "=", "'-", "'", ")", ")"], "difficulty": "moderate"}, {"db_id": "toxicology", "question": "What are the bond IDs that have the same atom ID 2 of TR000_2?", "evidence": "TR000_2 is the atom id; atom ID 2 refers to atom_id2", "SQL": "SELECT T.bond_id FROM connected AS T WHERE T.atom_id2 = 'TR000_2'", "question_toks": ["What", "are", "the", "bond", "IDs", "that", "have", "the", "same", "atom", "ID", "2", "of", "TR000_2", "?"], "SQL_toks": ["SELECT", "T.bond_id", "FROM", "connected", "AS", "T", "WHERE", "T.atom_id2", "=", "'TR000_2", "'"], "evidence_toks": ["TR000_2", "is", "the", "atom", "id", ";", "atom", "ID", "2", "refers", "to", "atom_id2"], "difficulty": "simple"}, {"db_id": "toxicology", "question": "What is the percentage of double bonds in the molecule TR008?", "evidence": "double bond refers to bond_type = ' = '; TR008 is the molecule id; percentage = DIVIDE(SUM(bond_type = ' = '), COUNT(bond_id)) as percent where molecule_id = 'TR008'", "SQL": "SELECT CAST(COUNT(CASE WHEN T.bond_type = '=' THEN T.bond_id ELSE NULL END) AS REAL) * 100 / COUNT(T.bond_id) FROM bond AS T WHERE T.molecule_id = 'TR008'", "question_toks": ["What", "is", "the", "percentage", "of", "double", "bonds", "in", "the", "molecule", "TR008", "?"], "SQL_toks": ["SELECT", "CAST", "(", "COUNT", "(", "CASE", "WHEN", "T.bond_type", "=", "'=", "'", "THEN", "T.bond_id", "ELSE", "NULL", "END", ")", "AS", "REAL", ")", "*", "100", "/", "COUNT", "(", "T.bond_id", ")", "FROM", "bond", "AS", "T", "WHERE", "T.molecule_id", "=", "'TR008", "'"], "evidence_toks": ["double", "bond", "refers", "to", "bond_type", "=", "'", "=", "'", ";", "TR008", "is", "the", "molecule", "id", ";", "percentage", "=", "DIVIDE", "(", "SUM", "(", "bond_type", "=", "'", "=", "'", ")", ",", "COUNT", "(", "bond_id", ")", ")", "as", "percent", "where", "molecule_id", "=", "'TR008", "'"], "difficulty": "moderate"}, {"db_id": "toxicology", "question": "How much of the hydrogen in molecule TR206 is accounted for? Please provide your answer in percentage.", "evidence": "hydrogen refers to element = 'h'; TR206 is the molecule id; percentage = DIVIDE(SUM(element = 'h'), COUNT(atom_id)) as percent where molecule_id = 'TR206'", "SQL": "SELECT CAST(COUNT(CASE WHEN T.element = 'h' THEN T.atom_id ELSE NULL END) AS REAL) * 100 / COUNT(T.atom_id) FROM atom AS T WHERE T.molecule_id = 'TR206'", "question_toks": ["How", "much", "of", "the", "hydrogen", "in", "molecule", "TR206", "is", "accounted", "for", "?", "Please", "provide", "your", "answer", "in", "percentage", "."], "SQL_toks": ["SELECT", "CAST", "(", "COUNT", "(", "CASE", "WHEN", "T.element", "=", "'", "h", "'", "THEN", "T.atom_id", "ELSE", "NULL", "END", ")", "AS", "REAL", ")", "*", "100", "/", "COUNT", "(", "T.atom_id", ")", "FROM", "atom", "AS", "T", "WHERE", "T.molecule_id", "=", "'TR206", "'"], "evidence_toks": ["hydrogen", "refers", "to", "element", "=", "'", "h", "'", ";", "TR206", "is", "the", "molecule", "id", ";", "percentage", "=", "DIVIDE", "(", "SUM", "(", "element", "=", "'", "h", "'", ")", ",", "COUNT", "(", "atom_id", ")", ")", "as", "percent", "where", "molecule_id", "=", "'TR206", "'"], "difficulty": "moderate"}, {"db_id": "toxicology", "question": "What is the type of bond that molecule TR000 has when involved in any bonds?", "evidence": "type of bond refers to bond_type; TR000 is the molecule id", "SQL": "SELECT DISTINCT T.bond_type FROM bond AS T WHERE T.molecule_id = 'TR000'", "question_toks": ["What", "is", "the", "type", "of", "bond", "that", "molecule", "TR000", "has", "when", "involved", "in", "any", "bonds", "?"], "SQL_toks": ["SELECT", "DISTINCT", "T.bond_type", "FROM", "bond", "AS", "T", "WHERE", "T.molecule_id", "=", "'TR000", "'"], "evidence_toks": ["type", "of", "bond", "refers", "to", "bond_type", ";", "TR000", "is", "the", "molecule", "id"], "difficulty": "simple"}, {"db_id": "toxicology", "question": "Which bond type accounted for the majority of the bonds found in molecule TR018 and state whether or not this molecule is carcinogenic?", "evidence": "TR018 is the molecule id; majority of the bond found refers to MAX(COUNT(bond_type)); label = '+' mean molecules are carcinogenic; label = '-' means molecules are non-carcinogenic", "SQL": "SELECT T.bond_type FROM ( SELECT T1.bond_type, COUNT(T2.molecule_id) FROM bond AS T1 INNER JOIN molecule AS T2 ON T1.molecule_id = T2.molecule_id WHERE T2.molecule_id = 'TR018' GROUP BY T1.bond_type ORDER BY COUNT(T2.molecule_id) DESC LIMIT 1 ) t", "question_toks": ["Which", "bond", "type", "accounted", "for", "the", "majority", "of", "the", "bonds", "found", "in", "molecule", "TR018", "and", "state", "whether", "or", "not", "this", "molecule", "is", "carcinogenic", "?"], "SQL_toks": ["SELECT", "T.bond_type", "FROM", "(", "SELECT", "T1.bond_type", ",", "COUNT", "(", "T2.molecule_id", ")", "FROM", "bond", "AS", "T1", "INNER", "JOIN", "molecule", "AS", "T2", "ON", "T1.molecule_id", "=", "T2.molecule_id", "WHERE", "T2.molecule_id", "=", "'TR018", "'", "GROUP", "BY", "T1.bond_type", "ORDER", "BY", "COUNT", "(", "T2.molecule_id", ")", "DESC", "LIMIT", "1", ")", "t"], "evidence_toks": ["TR018", "is", "the", "molecule", "id", ";", "majority", "of", "the", "bond", "found", "refers", "to", "MAX", "(", "COUNT", "(", "bond_type", ")", ")", ";", "label", "=", "'+", "'", "mean", "molecules", "are", "carcinogenic", ";", "label", "=", "'-", "'", "means", "molecules", "are", "non-carcinogenic"], "difficulty": "challenging"}, {"db_id": "toxicology", "question": "Please list any three molecules that have single bonds between two atoms and are not carcinogenic.", "evidence": "label = '-' means molecules are not carcinogenic; single type bond refers to bond_type = '-'", "SQL": "SELECT DISTINCT T2.molecule_id FROM bond AS T1 INNER JOIN molecule AS T2 ON T1.molecule_id = T2.molecule_id WHERE T1.bond_type = '-' AND T2.label = '-' LIMIT 3", "question_toks": ["Please", "list", "any", "three", "molecules", "that", "have", "single", "bonds", "between", "two", "atoms", "and", "are", "not", "carcinogenic", "."], "SQL_toks": ["SELECT", "DISTINCT", "T2.molecule_id", "FROM", "bond", "AS", "T1", "INNER", "JOIN", "molecule", "AS", "T2", "ON", "T1.molecule_id", "=", "T2.molecule_id", "WHERE", "T1.bond_type", "=", "'-", "'", "AND", "T2.label", "=", "'-", "'", "LIMIT", "3"], "evidence_toks": ["label", "=", "'-", "'", "means", "molecules", "are", "not", "carcinogenic", ";", "single", "type", "bond", "refers", "to", "bond_type", "=", "'-", "'"], "difficulty": "moderate"}, {"db_id": "toxicology", "question": "Please list any two bonds that happened with the molecule TR006.", "evidence": "TR006 is the molecule id", "SQL": "SELECT DISTINCT T2.bond_id FROM atom AS T1 INNER JOIN connected AS T2 ON T1.atom_id = T2.atom_id WHERE T1.molecule_id = 'TR006' LIMIT 2", "question_toks": ["Please", "list", "any", "two", "bonds", "that", "happened", "with", "the", "molecule", "TR006", "."], "SQL_toks": ["SELECT", "DISTINCT", "T2.bond_id", "FROM", "atom", "AS", "T1", "INNER", "JOIN", "connected", "AS", "T2", "ON", "T1.atom_id", "=", "T2.atom_id", "WHERE", "T1.molecule_id", "=", "'TR006", "'", "LIMIT", "2"], "evidence_toks": ["TR006", "is", "the", "molecule", "id"], "difficulty": "simple"}, {"db_id": "toxicology", "question": "How many molecules are carcinogenic and have the bromine element?", "evidence": "label = '+' mean molecules are carcinogenic; have bromine element refers to element = 'br'", "SQL": "SELECT COUNT(DISTINCT T2.molecule_id) FROM atom AS T1 INNER JOIN molecule AS T2 ON T1.molecule_id = T2.molecule_id WHERE T2.label = '+' AND T1.element = 'br'", "question_toks": ["How", "many", "molecules", "are", "carcinogenic", "and", "have", "the", "bromine", "element", "?"], "SQL_toks": ["SELECT", "COUNT", "(", "DISTINCT", "T2.molecule_id", ")", "FROM", "atom", "AS", "T1", "INNER", "JOIN", "molecule", "AS", "T2", "ON", "T1.molecule_id", "=", "T2.molecule_id", "WHERE", "T2.label", "=", "'+", "'", "AND", "T1.element", "=", "'br", "'"], "evidence_toks": ["label", "=", "'+", "'", "mean", "molecules", "are", "carcinogenic", ";", "have", "bromine", "element", "refers", "to", "element", "=", "'br", "'"], "difficulty": "simple"}, {"db_id": "toxicology", "question": "How many connections does the atom 19 have?", "evidence": "connections refers to bond_id; atom 19 refers to atom_id like 'TR%_19';", "SQL": "SELECT COUNT(T.bond_id) FROM connected AS T WHERE SUBSTR(T.atom_id, -2) = '19'", "question_toks": ["How", "many", "connections", "does", "the", "atom", "19", "have", "?"], "SQL_toks": ["SELECT", "COUNT", "(", "T.bond_id", ")", "FROM", "connected", "AS", "T", "WHERE", "SUBSTR", "(", "T.atom_id", ",", "-2", ")", "=", "'19", "'"], "evidence_toks": ["connections", "refers", "to", "bond_id", ";", "atom", "19", "refers", "to", "atom_id", "like", "'TR", "%", "_19", "'", ";"], "difficulty": "simple"}, {"db_id": "toxicology", "question": "Among all the atoms from 21 to 25, list all the molecules that are carcinogenic.", "evidence": "atoms from 21 to 25 refers to SUBSTRING(atom_id, 7, 2) between 21 and 25; label = '+' mean molecules are carcinogenic", "SQL": "SELECT DISTINCT T2.molecule_id FROM atom AS T1 INNER JOIN molecule AS T2 ON T1.molecule_id = T2.molecule_id WHERE SUBSTR(T1.atom_id, -2) BETWEEN '21' AND '25' AND T2.label = '+'", "question_toks": ["Among", "all", "the", "atoms", "from", "21", "to", "25", ",", "list", "all", "the", "molecules", "that", "are", "carcinogenic", "."], "SQL_toks": ["SELECT", "DISTINCT", "T2.molecule_id", "FROM", "atom", "AS", "T1", "INNER", "JOIN", "molecule", "AS", "T2", "ON", "T1.molecule_id", "=", "T2.molecule_id", "WHERE", "SUBSTR", "(", "T1.atom_id", ",", "-2", ")", "BETWEEN", "'21", "'", "AND", "'25", "'", "AND", "T2.label", "=", "'+", "'"], "evidence_toks": ["atoms", "from", "21", "to", "25", "refers", "to", "SUBSTRING", "(", "atom_id", ",", "7", ",", "2", ")", "between", "21", "and", "25", ";", "label", "=", "'+", "'", "mean", "molecules", "are", "carcinogenic"], "difficulty": "moderate"}, {"db_id": "toxicology", "question": "Is the molecule with the most double bonds carcinogenic?", "evidence": "double bond refers to bond_type = ' = '; label = '+' mean molecules are carcinogenic", "SQL": "SELECT T1.label AS flag_carcinogenic FROM molecule AS T1 INNER JOIN ( SELECT T.molecule_id, COUNT(T.bond_type) FROM bond AS T WHERE T.bond_type = '=' GROUP BY T.molecule_id ORDER BY COUNT(T.bond_type) DESC LIMIT 1 ) AS T2 ON T1.molecule_id = T2.molecule_id", "question_toks": ["Is", "the", "molecule", "with", "the", "most", "double", "bonds", "carcinogenic", "?"], "SQL_toks": ["SELECT", "T1.label", "AS", "flag_carcinogenic", "FROM", "molecule", "AS", "T1", "INNER", "JOIN", "(", "SELECT", "T.molecule_id", ",", "COUNT", "(", "T.bond_type", ")", "FROM", "bond", "AS", "T", "WHERE", "T.bond_type", "=", "'=", "'", "GROUP", "BY", "T.molecule_id", "ORDER", "BY", "COUNT", "(", "T.bond_type", ")", "DESC", "LIMIT", "1", ")", "AS", "T2", "ON", "T1.molecule_id", "=", "T2.molecule_id"], "evidence_toks": ["double", "bond", "refers", "to", "bond_type", "=", "'", "=", "'", ";", "label", "=", "'+", "'", "mean", "molecules", "are", "carcinogenic"], "difficulty": "moderate"}, {"db_id": "toxicology", "question": "List the bond type and the bond ID of the atom 45.", "evidence": "bond ID of atom 45 refers to SUBSTR(atom_id, 7, 2) + 0 = 45; double bond refers to bond_type = ' = '; single bond refers to bond_type = '-'; triple bond refers to bond_type = '#';", "SQL": "SELECT T1.bond_type, T1.bond_id FROM bond AS T1 INNER JOIN connected AS T2 ON T1.bond_id = T2.bond_id WHERE SUBSTR(T2.atom_id, 7, 2) = '45'", "question_toks": ["List", "the", "bond", "type", "and", "the", "bond", "ID", "of", "the", "atom", "45", "."], "SQL_toks": ["SELECT", "T1.bond_type", ",", "T1.bond_id", "FROM", "bond", "AS", "T1", "INNER", "JOIN", "connected", "AS", "T2", "ON", "T1.bond_id", "=", "T2.bond_id", "WHERE", "SUBSTR", "(", "T2.atom_id", ",", "7", ",", "2", ")", "=", "'45", "'"], "evidence_toks": ["bond", "ID", "of", "atom", "45", "refers", "to", "SUBSTR", "(", "atom_id", ",", "7", ",", "2", ")", "+", "0", "=", "45", ";", "double", "bond", "refers", "to", "bond_type", "=", "'", "=", "'", ";", "single", "bond", "refers", "to", "bond_type", "=", "'-", "'", ";", "triple", "bond", "refers", "to", "bond_type", "=", "'", "#", "'", ";"], "difficulty": "moderate"}, {"db_id": "toxicology", "question": "Of all the carcinogenic molecules, which one has the most double bonds?", "evidence": "label = '+' mean molecules are carcinogenic; double bond refers to bond_type = ' = ';", "SQL": "SELECT T.molecule_id FROM ( SELECT T3.molecule_id, COUNT(T1.bond_type) FROM bond AS T1 INNER JOIN molecule AS T3 ON T1.molecule_id = T3.molecule_id WHERE T3.label = '+' AND T1.bond_type = '=' GROUP BY T3.molecule_id ORDER BY COUNT(T1.bond_type) DESC LIMIT 1 ) t", "question_toks": ["Of", "all", "the", "carcinogenic", "molecules", ",", "which", "one", "has", "the", "most", "double", "bonds", "?"], "SQL_toks": ["SELECT", "T.molecule_id", "FROM", "(", "SELECT", "T3.molecule_id", ",", "COUNT", "(", "T1.bond_type", ")", "FROM", "bond", "AS", "T1", "INNER", "JOIN", "molecule", "AS", "T3", "ON", "T1.molecule_id", "=", "T3.molecule_id", "WHERE", "T3.label", "=", "'+", "'", "AND", "T1.bond_type", "=", "'=", "'", "GROUP", "BY", "T3.molecule_id", "ORDER", "BY", "COUNT", "(", "T1.bond_type", ")", "DESC", "LIMIT", "1", ")", "t"], "evidence_toks": ["label", "=", "'+", "'", "mean", "molecules", "are", "carcinogenic", ";", "double", "bond", "refers", "to", "bond_type", "=", "'", "=", "'", ";"], "difficulty": "moderate"}, {"db_id": "toxicology", "question": "What are the atoms that can bond with the atom that has the element lead?", "evidence": "atom that has the element lead refers to atom_id where element = 'pb'", "SQL": "SELECT T2.atom_id, T2.atom_id2 FROM atom AS T1 INNER JOIN connected AS T2 ON T1.atom_id = T2.atom_id WHERE T1.element = 'pb'", "question_toks": ["What", "are", "the", "atoms", "that", "can", "bond", "with", "the", "atom", "that", "has", "the", "element", "lead", "?"], "SQL_toks": ["SELECT", "T2.atom_id", ",", "T2.atom_id2", "FROM", "atom", "AS", "T1", "INNER", "JOIN", "connected", "AS", "T2", "ON", "T1.atom_id", "=", "T2.atom_id", "WHERE", "T1.element", "=", "'pb", "'"], "evidence_toks": ["atom", "that", "has", "the", "element", "lead", "refers", "to", "atom_id", "where", "element", "=", "'pb", "'"], "difficulty": "simple"}, {"db_id": "toxicology", "question": "List the elements of all the triple bonds.", "evidence": "triple bond refers to bond_type = '#'; element = \u2018cl\u2019 means Chlorine; element = \u2018c\u2019 means Carbon; element = \u2018h\u2019 means Hydrogen; element = \u2018o\u2019 means Oxygen, element = \u2019s\u2019 means Sulfur; element = \u2019n\u2019 means Nitrogen, element = \u2018p\u2019 means Phosphorus, element = \u2018na\u2019 means Sodium, element = \u2018br\u2019 means Bromine, element = \u2018f\u2019 means Fluorine; element = \u2018i\u2019 means Iodine; element = \u2018sn\u2019 means Tin; element = \u2018pb\u2019 means Lead; element = \u2018te\u2019 means Tellurium; element = \u2018ca\u2019 means Calcium", "SQL": "SELECT DISTINCT T3.element FROM bond AS T1 INNER JOIN connected AS T2 ON T1.bond_id = T2.bond_id INNER JOIN atom AS T3 ON T2.atom_id = T3.atom_id WHERE T1.bond_type = '#'", "question_toks": ["List", "the", "elements", "of", "all", "the", "triple", "bonds", "."], "SQL_toks": ["SELECT", "DISTINCT", "T3.element", "FROM", "bond", "AS", "T1", "INNER", "JOIN", "connected", "AS", "T2", "ON", "T1.bond_id", "=", "T2.bond_id", "INNER", "JOIN", "atom", "AS", "T3", "ON", "T2.atom_id", "=", "T3.atom_id", "WHERE", "T1.bond_type", "=", "'", "#", "'"], "evidence_toks": ["triple", "bond", "refers", "to", "bond_type", "=", "'", "#", "'", ";", "element", "=", "\u2018", "cl", "\u2019", "means", "Chlorine", ";", "element", "=", "\u2018", "c", "\u2019", "means", "Carbon", ";", "element", "=", "\u2018", "h", "\u2019", "means", "Hydrogen", ";", "element", "=", "\u2018", "o", "\u2019", "means", "Oxygen", ",", "element", "=", "\u2019", "s", "\u2019", "means", "Sulfur", ";", "element", "=", "\u2019", "n", "\u2019", "means", "Nitrogen", ",", "element", "=", "\u2018", "p", "\u2019", "means", "Phosphorus", ",", "element", "=", "\u2018", "na", "\u2019", "means", "Sodium", ",", "element", "=", "\u2018", "br", "\u2019", "means", "Bromine", ",", "element", "=", "\u2018", "f", "\u2019", "means", "Fluorine", ";", "element", "=", "\u2018", "i", "\u2019", "means", "Iodine", ";", "element", "=", "\u2018", "sn", "\u2019", "means", "Tin", ";", "element", "=", "\u2018", "pb", "\u2019", "means", "Lead", ";", "element", "=", "\u2018", "te", "\u2019", "means", "Tellurium", ";", "element", "=", "\u2018", "ca", "\u2019", "means", "Calcium"], "difficulty": "challenging"}, {"db_id": "toxicology", "question": "What percentage of bonds have the most common combination of atoms' elements?", "evidence": "DIVIDE(COUNT(bond_id), COUNT(atom_id where MAX(COUNT(atom_id)) ))", "SQL": "SELECT CAST((SELECT COUNT(T1.atom_id) FROM connected AS T1 INNER JOIN bond AS T2 ON T1.bond_id = T2.bond_id GROUP BY T2.bond_type ORDER BY COUNT(T2.bond_id) DESC LIMIT 1 ) AS REAL) * 100 / ( SELECT COUNT(atom_id) FROM connected )", "question_toks": ["What", "percentage", "of", "bonds", "have", "the", "most", "common", "combination", "of", "atoms", "'", "elements", "?"], "SQL_toks": ["SELECT", "CAST", "(", "(", "SELECT", "COUNT", "(", "T1.atom_id", ")", "FROM", "connected", "AS", "T1", "INNER", "JOIN", "bond", "AS", "T2", "ON", "T1.bond_id", "=", "T2.bond_id", "GROUP", "BY", "T2.bond_type", "ORDER", "BY", "COUNT", "(", "T2.bond_id", ")", "DESC", "LIMIT", "1", ")", "AS", "REAL", ")", "*", "100", "/", "(", "SELECT", "COUNT", "(", "atom_id", ")", "FROM", "connected", ")"], "evidence_toks": ["DIVIDE", "(", "COUNT", "(", "bond_id", ")", ",", "COUNT", "(", "atom_id", "where", "MAX", "(", "COUNT", "(", "atom_id", ")", ")", ")", ")"], "difficulty": "moderate"}, {"db_id": "toxicology", "question": "What proportion of single bonds are carcinogenic?", "evidence": "single bond refers to bond_type = '-'; label = '+' mean molecules are carcinogenic; proportion = DIVIDE(SUM(label = '+'), COUNT(bond_id)) where bond_type = '-'", "SQL": "SELECT CAST(COUNT(CASE WHEN T2.label = '+' THEN T1.bond_id ELSE NULL END) AS REAL) * 100 / COUNT(T1.bond_id) FROM bond AS T1 INNER JOIN molecule AS T2 ON T1.molecule_id = T2.molecule_id WHERE T1.bond_type = '-'", "question_toks": ["What", "proportion", "of", "single", "bonds", "are", "carcinogenic", "?"], "SQL_toks": ["SELECT", "CAST", "(", "COUNT", "(", "CASE", "WHEN", "T2.label", "=", "'+", "'", "THEN", "T1.bond_id", "ELSE", "NULL", "END", ")", "AS", "REAL", ")", "*", "100", "/", "COUNT", "(", "T1.bond_id", ")", "FROM", "bond", "AS", "T1", "INNER", "JOIN", "molecule", "AS", "T2", "ON", "T1.molecule_id", "=", "T2.molecule_id", "WHERE", "T1.bond_type", "=", "'-", "'"], "evidence_toks": ["single", "bond", "refers", "to", "bond_type", "=", "'-", "'", ";", "label", "=", "'+", "'", "mean", "molecules", "are", "carcinogenic", ";", "proportion", "=", "DIVIDE", "(", "SUM", "(", "label", "=", "'+", "'", ")", ",", "COUNT", "(", "bond_id", ")", ")", "where", "bond_type", "=", "'-", "'"], "difficulty": "moderate"}, {"db_id": "toxicology", "question": "Calculate the total atoms consisting of the element carbon and hydrogen.", "evidence": "consisting of element carbon and hydrogen refers to element in('c', 'h')", "SQL": "SELECT COUNT(T.atom_id) FROM atom AS T WHERE T.element = 'c' OR T.element = 'h'", "question_toks": ["Calculate", "the", "total", "atoms", "consisting", "of", "the", "element", "carbon", "and", "hydrogen", "."], "SQL_toks": ["SELECT", "COUNT", "(", "T.atom_id", ")", "FROM", "atom", "AS", "T", "WHERE", "T.element", "=", "'", "c", "'", "OR", "T.element", "=", "'", "h", "'"], "evidence_toks": ["consisting", "of", "element", "carbon", "and", "hydrogen", "refers", "to", "element", "in", "(", "'", "c", "'", ",", "'", "h", "'", ")"], "difficulty": "simple"}, {"db_id": "toxicology", "question": "List down atom id2 for atoms with element sulfur.", "evidence": "element sulfur refers to element = 's'", "SQL": "SELECT DISTINCT T2.atom_id2 FROM atom AS T1 INNER JOIN connected AS T2 ON T1.atom_id = T2.atom_id WHERE T1.element = 's'", "question_toks": ["List", "down", "atom", "id2", "for", "atoms", "with", "element", "sulfur", "."], "SQL_toks": ["SELECT", "DISTINCT", "T2.atom_id2", "FROM", "atom", "AS", "T1", "INNER", "JOIN", "connected", "AS", "T2", "ON", "T1.atom_id", "=", "T2.atom_id", "WHERE", "T1.element", "=", "'s", "'"], "evidence_toks": ["element", "sulfur", "refers", "to", "element", "=", "'s", "'"], "difficulty": "simple"}, {"db_id": "toxicology", "question": "Calculate the total atoms with triple-bond molecules containing the element phosphorus or bromine.", "evidence": "triple bond refers to bond_type = '#'; phosphorus refers to element = 'p'; bromine refers to element = 'br'", "SQL": "SELECT COUNT(T1.atom_id) FROM atom AS T1 INNER JOIN molecule AS T2 ON T1.molecule_id = T2.molecule_id INNER JOIN bond AS T3 ON T2.molecule_id = T3.molecule_id WHERE T3.bond_type = '#' AND T1.element IN ('p', 'br')", "question_toks": ["Calculate", "the", "total", "atoms", "with", "triple-bond", "molecules", "containing", "the", "element", "phosphorus", "or", "bromine", "."], "SQL_toks": ["SELECT", "COUNT", "(", "T1.atom_id", ")", "FROM", "atom", "AS", "T1", "INNER", "JOIN", "molecule", "AS", "T2", "ON", "T1.molecule_id", "=", "T2.molecule_id", "INNER", "JOIN", "bond", "AS", "T3", "ON", "T2.molecule_id", "=", "T3.molecule_id", "WHERE", "T3.bond_type", "=", "'", "#", "'", "AND", "T1.element", "IN", "(", "'", "p", "'", ",", "'br", "'", ")"], "evidence_toks": ["triple", "bond", "refers", "to", "bond_type", "=", "'", "#", "'", ";", "phosphorus", "refers", "to", "element", "=", "'", "p", "'", ";", "bromine", "refers", "to", "element", "=", "'br", "'"], "difficulty": "moderate"}, {"db_id": "toxicology", "question": "What are the labels for TR000, TR001 and TR002?", "evidence": "TR000, TR001 and TR002 are molecule id; label = '+' mean molecules are carcinogenic; label = '-' means molecules are non-carcinogenic", "SQL": "SELECT molecule_id, T.label FROM molecule AS T WHERE T.molecule_id IN ('TR000', 'TR001', 'TR002')", "question_toks": ["What", "are", "the", "labels", "for", "TR000", ",", "TR001", "and", "TR002", "?"], "SQL_toks": ["SELECT", "molecule_id", ",", "T.label", "FROM", "molecule", "AS", "T", "WHERE", "T.molecule_id", "IN", "(", "'TR000", "'", ",", "'TR001", "'", ",", "'TR002", "'", ")"], "evidence_toks": ["TR000", ",", "TR001", "and", "TR002", "are", "molecule", "id", ";", "label", "=", "'+", "'", "mean", "molecules", "are", "carcinogenic", ";", "label", "=", "'-", "'", "means", "molecules", "are", "non-carcinogenic"], "difficulty": "simple"}, {"db_id": "toxicology", "question": "List down the molecule id for non carcinogenic molecules.", "evidence": "label = '-' means molecules are non-carcinogenic", "SQL": "SELECT T.molecule_id FROM molecule AS T WHERE T.label = '-'", "question_toks": ["List", "down", "the", "molecule", "id", "for", "non", "carcinogenic", "molecules", "."], "SQL_toks": ["SELECT", "T.molecule_id", "FROM", "molecule", "AS", "T", "WHERE", "T.label", "=", "'-", "'"], "evidence_toks": ["label", "=", "'-", "'", "means", "molecules", "are", "non-carcinogenic"], "difficulty": "simple"}, {"db_id": "toxicology", "question": "Calculate the total carcinogenic molecules for molecule id from TR000 to TR030.", "evidence": "label = '+' mean molecules are carcinogenic", "SQL": "SELECT COUNT(T.molecule_id) FROM molecule AS T WHERE T.molecule_id BETWEEN 'TR000' AND 'TR030' AND T.label = '+'", "question_toks": ["Calculate", "the", "total", "carcinogenic", "molecules", "for", "molecule", "id", "from", "TR000", "to", "TR030", "."], "SQL_toks": ["SELECT", "COUNT", "(", "T.molecule_id", ")", "FROM", "molecule", "AS", "T", "WHERE", "T.molecule_id", "BETWEEN", "'TR000", "'", "AND", "'TR030", "'", "AND", "T.label", "=", "'+", "'"], "evidence_toks": ["label", "=", "'+", "'", "mean", "molecules", "are", "carcinogenic"], "difficulty": "simple"}, {"db_id": "toxicology", "question": "List down the bond type for molecules from molecule id TR000 to TR050.", "evidence": "double bond refers to bond_type = ' = '; single bond refers to bond_type = '-'; triple bond refers to bond_type = '#';", "SQL": "SELECT T2.molecule_id, T2.bond_type FROM molecule AS T1 INNER JOIN bond AS T2 ON T1.molecule_id = T2.molecule_id WHERE T1.molecule_id BETWEEN 'TR000' AND 'TR050'", "question_toks": ["List", "down", "the", "bond", "type", "for", "molecules", "from", "molecule", "id", "TR000", "to", "TR050", "."], "SQL_toks": ["SELECT", "T2.molecule_id", ",", "T2.bond_type", "FROM", "molecule", "AS", "T1", "INNER", "JOIN", "bond", "AS", "T2", "ON", "T1.molecule_id", "=", "T2.molecule_id", "WHERE", "T1.molecule_id", "BETWEEN", "'TR000", "'", "AND", "'TR050", "'"], "evidence_toks": ["double", "bond", "refers", "to", "bond_type", "=", "'", "=", "'", ";", "single", "bond", "refers", "to", "bond_type", "=", "'-", "'", ";", "triple", "bond", "refers", "to", "bond_type", "=", "'", "#", "'", ";"], "difficulty": "moderate"}, {"db_id": "toxicology", "question": "What are the elements for bond id TR001_10?", "evidence": "element = \u2018cl\u2019 means Chlorine; element = \u2018c\u2019 means Carbon; element = \u2018h\u2019 means Hydrogen; element = \u2018o\u2019 means Oxygen, element = \u2019s\u2019 means Sulfur; element = \u2019n\u2019 means Nitrogen, element = \u2018p\u2019 means Phosphorus, element = \u2018na\u2019 means Sodium, element = \u2018br\u2019 means Bromine, element = \u2018f\u2019 means Fluorine; element = \u2018i\u2019 means Iodine; element = \u2018sn\u2019 means Tin; element = \u2018pb\u2019 means Lead; element = \u2018te\u2019 means Tellurium; element = \u2018ca\u2019 means Calcium", "SQL": "SELECT T2.element FROM connected AS T1 INNER JOIN atom AS T2 ON T1.atom_id = T2.atom_id WHERE T1.bond_id = 'TR001_10'", "question_toks": ["What", "are", "the", "elements", "for", "bond", "id", "TR001_10", "?"], "SQL_toks": ["SELECT", "T2.element", "FROM", "connected", "AS", "T1", "INNER", "JOIN", "atom", "AS", "T2", "ON", "T1.atom_id", "=", "T2.atom_id", "WHERE", "T1.bond_id", "=", "'TR001_10", "'"], "evidence_toks": ["element", "=", "\u2018", "cl", "\u2019", "means", "Chlorine", ";", "element", "=", "\u2018", "c", "\u2019", "means", "Carbon", ";", "element", "=", "\u2018", "h", "\u2019", "means", "Hydrogen", ";", "element", "=", "\u2018", "o", "\u2019", "means", "Oxygen", ",", "element", "=", "\u2019", "s", "\u2019", "means", "Sulfur", ";", "element", "=", "\u2019", "n", "\u2019", "means", "Nitrogen", ",", "element", "=", "\u2018", "p", "\u2019", "means", "Phosphorus", ",", "element", "=", "\u2018", "na", "\u2019", "means", "Sodium", ",", "element", "=", "\u2018", "br", "\u2019", "means", "Bromine", ",", "element", "=", "\u2018", "f", "\u2019", "means", "Fluorine", ";", "element", "=", "\u2018", "i", "\u2019", "means", "Iodine", ";", "element", "=", "\u2018", "sn", "\u2019", "means", "Tin", ";", "element", "=", "\u2018", "pb", "\u2019", "means", "Lead", ";", "element", "=", "\u2018", "te", "\u2019", "means", "Tellurium", ";", "element", "=", "\u2018", "ca", "\u2019", "means", "Calcium"], "difficulty": "challenging"}, {"db_id": "toxicology", "question": "How many bond id have element iodine?", "evidence": "iodine refers to element = 'i'", "SQL": "SELECT COUNT(T3.bond_id) FROM atom AS T1 INNER JOIN molecule AS T2 ON T1.molecule_id = T2.molecule_id INNER JOIN bond AS T3 ON T2.molecule_id = T3.molecule_id WHERE T1.element = 'i'", "question_toks": ["How", "many", "bond", "id", "have", "element", "iodine", "?"], "SQL_toks": ["SELECT", "COUNT", "(", "T3.bond_id", ")", "FROM", "atom", "AS", "T1", "INNER", "JOIN", "molecule", "AS", "T2", "ON", "T1.molecule_id", "=", "T2.molecule_id", "INNER", "JOIN", "bond", "AS", "T3", "ON", "T2.molecule_id", "=", "T3.molecule_id", "WHERE", "T1.element", "=", "'", "i", "'"], "evidence_toks": ["iodine", "refers", "to", "element", "=", "'", "i", "'"], "difficulty": "simple"}, {"db_id": "toxicology", "question": "List down two molecule id of triple bond non carcinogenic molecules with element carbon.", "evidence": "carbon refers to element = 'c'; triple bond refers to bond_type = '#'; label = '-' means molecules are non-carcinogenic", "SQL": "SELECT DISTINCT T2.molecule_id FROM atom AS T1 INNER JOIN molecule AS T2 ON T1.molecule_id = T2.molecule_id INNER JOIN bond AS T3 ON T2.molecule_id = T3.molecule_id WHERE T3.bond_type = '#' AND T1.element = 'c' AND T2.label = '-'", "question_toks": ["List", "down", "two", "molecule", "id", "of", "triple", "bond", "non", "carcinogenic", "molecules", "with", "element", "carbon", "."], "SQL_toks": ["SELECT", "DISTINCT", "T2.molecule_id", "FROM", "atom", "AS", "T1", "INNER", "JOIN", "molecule", "AS", "T2", "ON", "T1.molecule_id", "=", "T2.molecule_id", "INNER", "JOIN", "bond", "AS", "T3", "ON", "T2.molecule_id", "=", "T3.molecule_id", "WHERE", "T3.bond_type", "=", "'", "#", "'", "AND", "T1.element", "=", "'", "c", "'", "AND", "T2.label", "=", "'-", "'"], "evidence_toks": ["carbon", "refers", "to", "element", "=", "'", "c", "'", ";", "triple", "bond", "refers", "to", "bond_type", "=", "'", "#", "'", ";", "label", "=", "'-", "'", "means", "molecules", "are", "non-carcinogenic"], "difficulty": "moderate"}, {"db_id": "toxicology", "question": "List the toxicology elements associated with molecule TR001.", "evidence": "TR001 is the molecule id", "SQL": "SELECT DISTINCT T.element FROM atom AS T WHERE T.molecule_id = 'TR001'", "question_toks": ["List", "the", "toxicology", "elements", "associated", "with", "molecule", "TR001", "."], "SQL_toks": ["SELECT", "DISTINCT", "T.element", "FROM", "atom", "AS", "T", "WHERE", "T.molecule_id", "=", "'TR001", "'"], "evidence_toks": ["TR001", "is", "the", "molecule", "id"], "difficulty": "simple"}, {"db_id": "toxicology", "question": "Give me the molecule ID of the double bond type.", "evidence": "double bond refers to bond_type = ' = ';", "SQL": "SELECT DISTINCT T.molecule_id FROM bond AS T WHERE T.bond_type = '='", "question_toks": ["Give", "me", "the", "molecule", "ID", "of", "the", "double", "bond", "type", "."], "SQL_toks": ["SELECT", "DISTINCT", "T.molecule_id", "FROM", "bond", "AS", "T", "WHERE", "T.bond_type", "=", "'=", "'"], "evidence_toks": ["double", "bond", "refers", "to", "bond_type", "=", "'", "=", "'", ";"], "difficulty": "simple"}, {"db_id": "toxicology", "question": "Write down the atom IDs of the first and second atoms of triple bond type molecules.", "evidence": "first atom refers to atom_id; second atom refers to atom_id2; triple bond refers to bond_type = '#';", "SQL": "SELECT T2.atom_id, T2.atom_id2 FROM bond AS T1 INNER JOIN connected AS T2 ON T1.bond_id = T2.bond_id WHERE T1.bond_type = '#'", "question_toks": ["Write", "down", "the", "atom", "IDs", "of", "the", "first", "and", "second", "atoms", "of", "triple", "bond", "type", "molecules", "."], "SQL_toks": ["SELECT", "T2.atom_id", ",", "T2.atom_id2", "FROM", "bond", "AS", "T1", "INNER", "JOIN", "connected", "AS", "T2", "ON", "T1.bond_id", "=", "T2.bond_id", "WHERE", "T1.bond_type", "=", "'", "#", "'"], "evidence_toks": ["first", "atom", "refers", "to", "atom_id", ";", "second", "atom", "refers", "to", "atom_id2", ";", "triple", "bond", "refers", "to", "bond_type", "=", "'", "#", "'", ";"], "difficulty": "simple"}, {"db_id": "toxicology", "question": "What are the toxicology elements associated with bond ID TR005_16_26?", "evidence": "element = \u2018cl\u2019 means Chlorine; element = \u2018c\u2019 means Carbon; element = \u2018h\u2019 means Hydrogen; element = \u2018o\u2019 means Oxygen, element = \u2019s\u2019 means Sulfur; element = \u2019n\u2019 means Nitrogen, element = \u2018p\u2019 means Phosphorus, element = \u2018na\u2019 means Sodium, element = \u2018br\u2019 means Bromine, element = \u2018f\u2019 means Fluorine; element = \u2018i\u2019 means Iodine; element = \u2018sn\u2019 means Tin; element = \u2018pb\u2019 means Lead; element = \u2018te\u2019 means Tellurium; element = \u2018ca\u2019 means Calcium", "SQL": "SELECT T1.element FROM atom AS T1 INNER JOIN connected AS T2 ON T1.atom_id = T2.atom_id WHERE T2.bond_id = 'TR005_16_26'", "question_toks": ["What", "are", "the", "toxicology", "elements", "associated", "with", "bond", "ID", "TR005_16_26", "?"], "SQL_toks": ["SELECT", "T1.element", "FROM", "atom", "AS", "T1", "INNER", "JOIN", "connected", "AS", "T2", "ON", "T1.atom_id", "=", "T2.atom_id", "WHERE", "T2.bond_id", "=", "'TR005_16_26", "'"], "evidence_toks": ["element", "=", "\u2018", "cl", "\u2019", "means", "Chlorine", ";", "element", "=", "\u2018", "c", "\u2019", "means", "Carbon", ";", "element", "=", "\u2018", "h", "\u2019", "means", "Hydrogen", ";", "element", "=", "\u2018", "o", "\u2019", "means", "Oxygen", ",", "element", "=", "\u2019", "s", "\u2019", "means", "Sulfur", ";", "element", "=", "\u2019", "n", "\u2019", "means", "Nitrogen", ",", "element", "=", "\u2018", "p", "\u2019", "means", "Phosphorus", ",", "element", "=", "\u2018", "na", "\u2019", "means", "Sodium", ",", "element", "=", "\u2018", "br", "\u2019", "means", "Bromine", ",", "element", "=", "\u2018", "f", "\u2019", "means", "Fluorine", ";", "element", "=", "\u2018", "i", "\u2019", "means", "Iodine", ";", "element", "=", "\u2018", "sn", "\u2019", "means", "Tin", ";", "element", "=", "\u2018", "pb", "\u2019", "means", "Lead", ";", "element", "=", "\u2018", "te", "\u2019", "means", "Tellurium", ";", "element", "=", "\u2018", "ca", "\u2019", "means", "Calcium"], "difficulty": "challenging"}, {"db_id": "toxicology", "question": "How many of the single bond type molecules are non-carcinogenic?", "evidence": "label = '-' means molecules are non-carcinogenic; single bond refers to bond_type = '-';", "SQL": "SELECT COUNT(DISTINCT T2.molecule_id) FROM bond AS T1 INNER JOIN molecule AS T2 ON T1.molecule_id = T2.molecule_id WHERE T2.label = '-' AND T1.bond_type = '-'", "question_toks": ["How", "many", "of", "the", "single", "bond", "type", "molecules", "are", "non-carcinogenic", "?"], "SQL_toks": ["SELECT", "COUNT", "(", "DISTINCT", "T2.molecule_id", ")", "FROM", "bond", "AS", "T1", "INNER", "JOIN", "molecule", "AS", "T2", "ON", "T1.molecule_id", "=", "T2.molecule_id", "WHERE", "T2.label", "=", "'-", "'", "AND", "T1.bond_type", "=", "'-", "'"], "evidence_toks": ["label", "=", "'-", "'", "means", "molecules", "are", "non-carcinogenic", ";", "single", "bond", "refers", "to", "bond_type", "=", "'-", "'", ";"], "difficulty": "simple"}, {"db_id": "toxicology", "question": "Enumerate the bond ID of triple bond type molecules and tell me if they are carcinogenic or not.", "evidence": "triple bond refers to bond_type = '#'; label = '+' mean molecules are carcinogenic; label = '-' means molecules are non-carcinogenic", "SQL": "SELECT DISTINCT T1.bond_id, T2.label FROM bond AS T1 INNER JOIN molecule AS T2 ON T1.molecule_id = T2.molecule_id WHERE T1.bond_type = '#'", "question_toks": ["Enumerate", "the", "bond", "ID", "of", "triple", "bond", "type", "molecules", "and", "tell", "me", "if", "they", "are", "carcinogenic", "or", "not", "."], "SQL_toks": ["SELECT", "DISTINCT", "T1.bond_id", ",", "T2.label", "FROM", "bond", "AS", "T1", "INNER", "JOIN", "molecule", "AS", "T2", "ON", "T1.molecule_id", "=", "T2.molecule_id", "WHERE", "T1.bond_type", "=", "'", "#", "'"], "evidence_toks": ["triple", "bond", "refers", "to", "bond_type", "=", "'", "#", "'", ";", "label", "=", "'+", "'", "mean", "molecules", "are", "carcinogenic", ";", "label", "=", "'-", "'", "means", "molecules", "are", "non-carcinogenic"], "difficulty": "moderate"}, {"db_id": "toxicology", "question": "Tally the toxicology element of the 4th atom of each molecule that was carcinogenic.", "evidence": "label = '+' means molecules are carcinogenic; 4th atom of each molecule refers to substr(atom_id, 7, 1) = 4; element = \u2018cl\u2019 means Chlorine; element = \u2018c\u2019 means Carbon; element = \u2018h\u2019 means Hydrogen; element = \u2018o\u2019 means Oxygen, element = \u2019s\u2019 means Sulfur; element = \u2019n\u2019 means Nitrogen, element = \u2018p\u2019 means Phosphorus, element = \u2018na\u2019 means Sodium, element = \u2018br\u2019 means Bromine, element = \u2018f\u2019 means Fluorine; element = \u2018i\u2019 means Iodine; element = \u2018sn\u2019 means Tin; element = \u2018pb\u2019 means Lead; element = \u2018te\u2019 means Tellurium; element = \u2018ca\u2019 means Calcium", "SQL": "SELECT DISTINCT T1.element FROM atom AS T1 INNER JOIN molecule AS T2 ON T1.molecule_id = T2.molecule_id WHERE T2.label = '+' AND SUBSTR(T1.atom_id, -1) = '4' AND LENGTH(T1.atom_id) = 7", "question_toks": ["Tally", "the", "toxicology", "element", "of", "the", "4th", "atom", "of", "each", "molecule", "that", "was", "carcinogenic", "."], "SQL_toks": ["SELECT", "DISTINCT", "T1.element", "FROM", "atom", "AS", "T1", "INNER", "JOIN", "molecule", "AS", "T2", "ON", "T1.molecule_id", "=", "T2.molecule_id", "WHERE", "T2.label", "=", "'+", "'", "AND", "SUBSTR", "(", "T1.atom_id", ",", "-1", ")", "=", "'", "4", "'", "AND", "LENGTH", "(", "T1.atom_id", ")", "=", "7"], "evidence_toks": ["label", "=", "'+", "'", "means", "molecules", "are", "carcinogenic", ";", "4th", "atom", "of", "each", "molecule", "refers", "to", "substr", "(", "atom_id", ",", "7", ",", "1", ")", "=", "4", ";", "element", "=", "\u2018", "cl", "\u2019", "means", "Chlorine", ";", "element", "=", "\u2018", "c", "\u2019", "means", "Carbon", ";", "element", "=", "\u2018", "h", "\u2019", "means", "Hydrogen", ";", "element", "=", "\u2018", "o", "\u2019", "means", "Oxygen", ",", "element", "=", "\u2019", "s", "\u2019", "means", "Sulfur", ";", "element", "=", "\u2019", "n", "\u2019", "means", "Nitrogen", ",", "element", "=", "\u2018", "p", "\u2019", "means", "Phosphorus", ",", "element", "=", "\u2018", "na", "\u2019", "means", "Sodium", ",", "element", "=", "\u2018", "br", "\u2019", "means", "Bromine", ",", "element", "=", "\u2018", "f", "\u2019", "means", "Fluorine", ";", "element", "=", "\u2018", "i", "\u2019", "means", "Iodine", ";", "element", "=", "\u2018", "sn", "\u2019", "means", "Tin", ";", "element", "=", "\u2018", "pb", "\u2019", "means", "Lead", ";", "element", "=", "\u2018", "te", "\u2019", "means", "Tellurium", ";", "element", "=", "\u2018", "ca", "\u2019", "means", "Calcium"], "difficulty": "challenging"}, {"db_id": "toxicology", "question": "Identify whether the chemical compound that contains Calcium is carcinogenic.", "evidence": "calcium refers to element = 'ca'; label = '+' mean molecules are carcinogenic; label = '-' means molecules are non-carcinogenic;", "SQL": "SELECT T2.label AS flag_carcinogenic FROM atom AS T1 INNER JOIN molecule AS T2 ON T1.molecule_id = T2.molecule_id WHERE T1.element = 'ca'", "question_toks": ["Identify", "whether", "the", "chemical", "compound", "that", "contains", "Calcium", "is", "carcinogenic", "."], "SQL_toks": ["SELECT", "T2.label", "AS", "flag_carcinogenic", "FROM", "atom", "AS", "T1", "INNER", "JOIN", "molecule", "AS", "T2", "ON", "T1.molecule_id", "=", "T2.molecule_id", "WHERE", "T1.element", "=", "'ca", "'"], "evidence_toks": ["calcium", "refers", "to", "element", "=", "'ca", "'", ";", "label", "=", "'+", "'", "mean", "molecules", "are", "carcinogenic", ";", "label", "=", "'-", "'", "means", "molecules", "are", "non-carcinogenic", ";"], "difficulty": "moderate"}, {"db_id": "toxicology", "question": "Determine the bond type that is formed in the chemical compound containing element Tellurium.", "evidence": "Tellurium refers to element = 'te'; double bond refers to bond_type = ' = '; single bond refers to bond_type = '-'; triple bond refers to bond_type = '#';", "SQL": "SELECT DISTINCT T2.bond_type FROM atom AS T1 INNER JOIN bond AS T2 ON T1.molecule_id = T2.molecule_id WHERE T1.element = 'te'", "question_toks": ["Determine", "the", "bond", "type", "that", "is", "formed", "in", "the", "chemical", "compound", "containing", "element", "Tellurium", "."], "SQL_toks": ["SELECT", "DISTINCT", "T2.bond_type", "FROM", "atom", "AS", "T1", "INNER", "JOIN", "bond", "AS", "T2", "ON", "T1.molecule_id", "=", "T2.molecule_id", "WHERE", "T1.element", "=", "'te", "'"], "evidence_toks": ["Tellurium", "refers", "to", "element", "=", "'te", "'", ";", "double", "bond", "refers", "to", "bond_type", "=", "'", "=", "'", ";", "single", "bond", "refers", "to", "bond_type", "=", "'-", "'", ";", "triple", "bond", "refers", "to", "bond_type", "=", "'", "#", "'", ";"], "difficulty": "moderate"}, {"db_id": "toxicology", "question": "Among all chemical compounds that contain molecule TR047, identify the percent that form a double-bond.", "evidence": "TR047 is the molecule id; double bond refers to bond_type = ' = '; percentage = DIVIDE(SUM(bond_type = ' = '), COUNT(all bond_id)) as percent where molecule_id = 'TR047'", "SQL": "SELECT CAST(COUNT(CASE WHEN T.bond_type = '=' THEN T.bond_id ELSE NULL END) AS REAL) * 100 / COUNT(T.bond_id) FROM bond AS T WHERE T.molecule_id = 'TR047'", "question_toks": ["Among", "all", "chemical", "compounds", "that", "contain", "molecule", "TR047", ",", "identify", "the", "percent", "that", "form", "a", "double-bond", "."], "SQL_toks": ["SELECT", "CAST", "(", "COUNT", "(", "CASE", "WHEN", "T.bond_type", "=", "'=", "'", "THEN", "T.bond_id", "ELSE", "NULL", "END", ")", "AS", "REAL", ")", "*", "100", "/", "COUNT", "(", "T.bond_id", ")", "FROM", "bond", "AS", "T", "WHERE", "T.molecule_id", "=", "'TR047", "'"], "evidence_toks": ["TR047", "is", "the", "molecule", "id", ";", "double", "bond", "refers", "to", "bond_type", "=", "'", "=", "'", ";", "percentage", "=", "DIVIDE", "(", "SUM", "(", "bond_type", "=", "'", "=", "'", ")", ",", "COUNT", "(", "all", "bond_id", ")", ")", "as", "percent", "where", "molecule_id", "=", "'TR047", "'"], "difficulty": "moderate"}, {"db_id": "toxicology", "question": "Identify whether the molecule that contains atom TR001_1 is carcinogenic.", "evidence": "label = '+' mean molecules are carcinogenic;", "SQL": "SELECT T2.label AS flag_carcinogenic FROM atom AS T1 INNER JOIN molecule AS T2 ON T1.molecule_id = T2.molecule_id WHERE T1.atom_id = 'TR001_1'", "question_toks": ["Identify", "whether", "the", "molecule", "that", "contains", "atom", "TR001_1", "is", "carcinogenic", "."], "SQL_toks": ["SELECT", "T2.label", "AS", "flag_carcinogenic", "FROM", "atom", "AS", "T1", "INNER", "JOIN", "molecule", "AS", "T2", "ON", "T1.molecule_id", "=", "T2.molecule_id", "WHERE", "T1.atom_id", "=", "'TR001_1", "'"], "evidence_toks": ["label", "=", "'+", "'", "mean", "molecules", "are", "carcinogenic", ";"], "difficulty": "simple"}, {"db_id": "toxicology", "question": "Identify the atoms belong to the molecule with ID between TR010 to TR050 that contain the element carbon.", "evidence": "carbon refers to element = 'c'; between TR010 to TR050 refers to substr(molecule_id, 3, 3)>10 AND substr(molecule_id, 3, 3) < 50", "SQL": "SELECT T.atom_id FROM atom AS T WHERE T.molecule_id BETWEEN 'TR010' AND 'TR050' AND T.element = 'c'", "question_toks": ["Identify", "the", "atoms", "belong", "to", "the", "molecule", "with", "ID", "between", "TR010", "to", "TR050", "that", "contain", "the", "element", "carbon", "."], "SQL_toks": ["SELECT", "T.atom_id", "FROM", "atom", "AS", "T", "WHERE", "T.molecule_id", "BETWEEN", "'TR010", "'", "AND", "'TR050", "'", "AND", "T.element", "=", "'", "c", "'"], "evidence_toks": ["carbon", "refers", "to", "element", "=", "'", "c", "'", ";", "between", "TR010", "to", "TR050", "refers", "to", "substr", "(", "molecule_id", ",", "3", ",", "3", ")", ">", "10", "AND", "substr", "(", "molecule_id", ",", "3", ",", "3", ")", "<", "50"], "difficulty": "simple"}, {"db_id": "toxicology", "question": "Indicate the molecule id is belonging to the TR00_1_2 bond that has the first atom named TR00_1.", "evidence": "", "SQL": "SELECT T2.molecule_id, T2.bond_id, T1.atom_id FROM connected AS T1 INNER JOIN bond AS T2 ON T1.bond_id = T2.bond_id WHERE T1.atom_id = 'TR000_1' AND T2.bond_id = 'TR000_1_2'", "question_toks": ["Indicate", "the", "molecule", "id", "is", "belonging", "to", "the", "TR00_1_2", "bond", "that", "has", "the", "first", "atom", "named", "TR00_1", "."], "SQL_toks": ["SELECT", "T2.molecule_id", ",", "T2.bond_id", ",", "T1.atom_id", "FROM", "connected", "AS", "T1", "INNER", "JOIN", "bond", "AS", "T2", "ON", "T1.bond_id", "=", "T2.bond_id", "WHERE", "T1.atom_id", "=", "'TR000_1", "'", "AND", "T2.bond_id", "=", "'TR000_1_2", "'"], "evidence_toks": [], "difficulty": "simple"}, {"db_id": "toxicology", "question": "Among the atoms that contain element carbon, which one does not contain compound carcinogenic?", "evidence": "label = '-' means molecules are non-carcinogenic; carbon refers to element = 'c'", "SQL": "SELECT T1.atom_id FROM atom AS T1 INNER JOIN molecule AS T2 ON T1.molecule_id = T2.molecule_id WHERE T1.element = 'c' AND T2.label = '-'", "question_toks": ["Among", "the", "atoms", "that", "contain", "element", "carbon", ",", "which", "one", "does", "not", "contain", "compound", "carcinogenic", "?"], "SQL_toks": ["SELECT", "T1.atom_id", "FROM", "atom", "AS", "T1", "INNER", "JOIN", "molecule", "AS", "T2", "ON", "T1.molecule_id", "=", "T2.molecule_id", "WHERE", "T1.element", "=", "'", "c", "'", "AND", "T2.label", "=", "'-", "'"], "evidence_toks": ["label", "=", "'-", "'", "means", "molecules", "are", "non-carcinogenic", ";", "carbon", "refers", "to", "element", "=", "'", "c", "'"], "difficulty": "simple"}, {"db_id": "toxicology", "question": "What is the bond type of TR007_4_19?", "evidence": "double bond refers to bond_type = ' = '; single bond refers to bond_type = '-'; triple bond refers to bond_type = '#';", "SQL": "SELECT T.bond_type FROM bond AS T WHERE T.bond_id = 'TR007_4_19'", "question_toks": ["What", "is", "the", "bond", "type", "of", "TR007_4_19", "?"], "SQL_toks": ["SELECT", "T.bond_type", "FROM", "bond", "AS", "T", "WHERE", "T.bond_id", "=", "'TR007_4_19", "'"], "evidence_toks": ["double", "bond", "refers", "to", "bond_type", "=", "'", "=", "'", ";", "single", "bond", "refers", "to", "bond_type", "=", "'-", "'", ";", "triple", "bond", "refers", "to", "bond_type", "=", "'", "#", "'", ";"], "difficulty": "simple"}, {"db_id": "toxicology", "question": "Name the elements that comprise the atoms of bond TR001_2_4.", "evidence": "element = \u2018cl\u2019 means Chlorine; element = \u2018c\u2019 means Carbon; element = \u2018h\u2019 means Hydrogen; element = \u2018o\u2019 means Oxygen, element = \u2019s\u2019 means Sulfur; element = \u2019n\u2019 means Nitrogen, element = \u2018p\u2019 means Phosphorus, element = \u2018na\u2019 means Sodium, element = \u2018br\u2019 means Bromine, element = \u2018f\u2019 means Fluorine; element = \u2018i\u2019 means Iodine; element = \u2018sn\u2019 means Tin; element = \u2018pb\u2019 means Lead; element = \u2018te\u2019 means Tellurium; element = \u2018ca\u2019 means Calcium", "SQL": "SELECT DISTINCT T1.element FROM atom AS T1 INNER JOIN connected AS T2 ON T1.atom_id = T2.atom_id WHERE T2.bond_id = 'TR001_2_4'", "question_toks": ["Name", "the", "elements", "that", "comprise", "the", "atoms", "of", "bond", "TR001_2_4", "."], "SQL_toks": ["SELECT", "DISTINCT", "T1.element", "FROM", "atom", "AS", "T1", "INNER", "JOIN", "connected", "AS", "T2", "ON", "T1.atom_id", "=", "T2.atom_id", "WHERE", "T2.bond_id", "=", "'TR001_2_4", "'"], "evidence_toks": ["element", "=", "\u2018", "cl", "\u2019", "means", "Chlorine", ";", "element", "=", "\u2018", "c", "\u2019", "means", "Carbon", ";", "element", "=", "\u2018", "h", "\u2019", "means", "Hydrogen", ";", "element", "=", "\u2018", "o", "\u2019", "means", "Oxygen", ",", "element", "=", "\u2019", "s", "\u2019", "means", "Sulfur", ";", "element", "=", "\u2019", "n", "\u2019", "means", "Nitrogen", ",", "element", "=", "\u2018", "p", "\u2019", "means", "Phosphorus", ",", "element", "=", "\u2018", "na", "\u2019", "means", "Sodium", ",", "element", "=", "\u2018", "br", "\u2019", "means", "Bromine", ",", "element", "=", "\u2018", "f", "\u2019", "means", "Fluorine", ";", "element", "=", "\u2018", "i", "\u2019", "means", "Iodine", ";", "element", "=", "\u2018", "sn", "\u2019", "means", "Tin", ";", "element", "=", "\u2018", "pb", "\u2019", "means", "Lead", ";", "element", "=", "\u2018", "te", "\u2019", "means", "Tellurium", ";", "element", "=", "\u2018", "ca", "\u2019", "means", "Calcium"], "difficulty": "challenging"}, {"db_id": "toxicology", "question": "List all carcinogenic molecules and their elements.", "evidence": "label = '+' mean molecules are carcinogenic; element = \u2018cl\u2019 means Chlorine; element = \u2018c\u2019 means Carbon; element = \u2018h\u2019 means Hydrogen; element = \u2018o\u2019 means Oxygen, element = \u2019s\u2019 means Sulfur; element = \u2019n\u2019 means Nitrogen, element = \u2018p\u2019 means Phosphorus, element = \u2018na\u2019 means Sodium, element = \u2018br\u2019 means Bromine, element = \u2018f\u2019 means Fluorine; element = \u2018i\u2019 means Iodine; element = \u2018sn\u2019 means Tin; element = \u2018pb\u2019 means Lead; element = \u2018te\u2019 means Tellurium; element = \u2018ca\u2019 means Calcium", "SQL": "SELECT DISTINCT T2.molecule_id, T1.element FROM atom AS T1 INNER JOIN molecule AS T2 ON T1.molecule_id = T2.molecule_id WHERE T2.label = '+'", "question_toks": ["List", "all", "carcinogenic", "molecules", "and", "their", "elements", "."], "SQL_toks": ["SELECT", "DISTINCT", "T2.molecule_id", ",", "T1.element", "FROM", "atom", "AS", "T1", "INNER", "JOIN", "molecule", "AS", "T2", "ON", "T1.molecule_id", "=", "T2.molecule_id", "WHERE", "T2.label", "=", "'+", "'"], "evidence_toks": ["label", "=", "'+", "'", "mean", "molecules", "are", "carcinogenic", ";", "element", "=", "\u2018", "cl", "\u2019", "means", "Chlorine", ";", "element", "=", "\u2018", "c", "\u2019", "means", "Carbon", ";", "element", "=", "\u2018", "h", "\u2019", "means", "Hydrogen", ";", "element", "=", "\u2018", "o", "\u2019", "means", "Oxygen", ",", "element", "=", "\u2019", "s", "\u2019", "means", "Sulfur", ";", "element", "=", "\u2019", "n", "\u2019", "means", "Nitrogen", ",", "element", "=", "\u2018", "p", "\u2019", "means", "Phosphorus", ",", "element", "=", "\u2018", "na", "\u2019", "means", "Sodium", ",", "element", "=", "\u2018", "br", "\u2019", "means", "Bromine", ",", "element", "=", "\u2018", "f", "\u2019", "means", "Fluorine", ";", "element", "=", "\u2018", "i", "\u2019", "means", "Iodine", ";", "element", "=", "\u2018", "sn", "\u2019", "means", "Tin", ";", "element", "=", "\u2018", "pb", "\u2019", "means", "Lead", ";", "element", "=", "\u2018", "te", "\u2019", "means", "Tellurium", ";", "element", "=", "\u2018", "ca", "\u2019", "means", "Calcium"], "difficulty": "challenging"}, {"db_id": "toxicology", "question": "List out the atom id that belongs to the TR346 molecule and how many bond type can be created by this molecule?", "evidence": "", "SQL": "SELECT T1.atom_id, COUNT(DISTINCT T2.bond_type) FROM atom AS T1 INNER JOIN bond AS T2 ON T1.molecule_id = T2.molecule_id WHERE T1.molecule_id = 'TR346' GROUP BY T1.atom_id, T2.bond_type", "question_toks": ["List", "out", "the", "atom", "id", "that", "belongs", "to", "the", "TR346", "molecule", "and", "how", "many", "bond", "type", "can", "be", "created", "by", "this", "molecule", "?"], "SQL_toks": ["SELECT", "T1.atom_id", ",", "COUNT", "(", "DISTINCT", "T2.bond_type", ")", "FROM", "atom", "AS", "T1", "INNER", "JOIN", "bond", "AS", "T2", "ON", "T1.molecule_id", "=", "T2.molecule_id", "WHERE", "T1.molecule_id", "=", "'TR346", "'", "GROUP", "BY", "T1.atom_id", ",", "T2.bond_type"], "evidence_toks": [], "difficulty": "simple"}, {"db_id": "toxicology", "question": "How many molecules have a double bond type and among these molecule, how many are labeled as carcinogenic compound?", "evidence": "double bond refers to bond_type = ' = '; label = '+' mean molecules are carcinogenic;", "SQL": "SELECT COUNT(DISTINCT T2.molecule_id), SUM(CASE WHEN T2.label = '+' THEN 1 ELSE 0 END) FROM bond AS T1 INNER JOIN molecule AS T2 ON T1.molecule_id = T2.molecule_id WHERE T1.bond_type = '='", "question_toks": ["How", "many", "molecules", "have", "a", "double", "bond", "type", "and", "among", "these", "molecule", ",", "how", "many", "are", "labeled", "as", "carcinogenic", "compound", "?"], "SQL_toks": ["SELECT", "COUNT", "(", "DISTINCT", "T2.molecule_id", ")", ",", "SUM", "(", "CASE", "WHEN", "T2.label", "=", "'+", "'", "THEN", "1", "ELSE", "0", "END", ")", "FROM", "bond", "AS", "T1", "INNER", "JOIN", "molecule", "AS", "T2", "ON", "T1.molecule_id", "=", "T2.molecule_id", "WHERE", "T1.bond_type", "=", "'=", "'"], "evidence_toks": ["double", "bond", "refers", "to", "bond_type", "=", "'", "=", "'", ";", "label", "=", "'+", "'", "mean", "molecules", "are", "carcinogenic", ";"], "difficulty": "moderate"}, {"db_id": "toxicology", "question": "How many single bonds are there in the list?", "evidence": "single bond refers to bond_type = '-';", "SQL": "SELECT COUNT(T.bond_id) FROM bond AS T WHERE T.bond_type = '-'", "question_toks": ["How", "many", "single", "bonds", "are", "there", "in", "the", "list", "?"], "SQL_toks": ["SELECT", "COUNT", "(", "T.bond_id", ")", "FROM", "bond", "AS", "T", "WHERE", "T.bond_type", "=", "'-", "'"], "evidence_toks": ["single", "bond", "refers", "to", "bond_type", "=", "'-", "'", ";"], "difficulty": "simple"}, {"db_id": "toxicology", "question": "Among the molecules which contain \"c\" element, which of them are not carcinogenic?", "evidence": "label = '-' means molecules are non-carcinogenic", "SQL": "SELECT DISTINCT T1.molecule_id FROM atom AS T1 INNER JOIN molecule AS T2 ON T1.molecule_id = T2.molecule_id WHERE T1.element = 'c' AND T2.label = '-'", "question_toks": ["Among", "the", "molecules", "which", "contain", "``", "c", "''", "element", ",", "which", "of", "them", "are", "not", "carcinogenic", "?"], "SQL_toks": ["SELECT", "DISTINCT", "T1.molecule_id", "FROM", "atom", "AS", "T1", "INNER", "JOIN", "molecule", "AS", "T2", "ON", "T1.molecule_id", "=", "T2.molecule_id", "WHERE", "T1.element", "=", "'", "c", "'", "AND", "T2.label", "=", "'-", "'"], "evidence_toks": ["label", "=", "'-", "'", "means", "molecules", "are", "non-carcinogenic"], "difficulty": "simple"}, {"db_id": "toxicology", "question": "Calculate the percentage of carcinogenic molecules which contain the Chlorine element.", "evidence": "label = '+' mean molecules are carcinogenic; percentage = DIVIDE(SUM(label = '+' and element = 'cl'), COUNT(molecule_id)) as percentage", "SQL": "SELECT COUNT(CASE WHEN T2.label = '+' AND T1.element = 'cl' THEN T2.molecule_id ELSE NULL END) * 100 / COUNT(T2.molecule_id) FROM atom AS T1 INNER JOIN molecule AS T2 ON T1.molecule_id = T2.molecule_id", "question_toks": ["Calculate", "the", "percentage", "of", "carcinogenic", "molecules", "which", "contain", "the", "Chlorine", "element", "."], "SQL_toks": ["SELECT", "COUNT", "(", "CASE", "WHEN", "T2.label", "=", "'+", "'", "AND", "T1.element", "=", "'cl", "'", "THEN", "T2.molecule_id", "ELSE", "NULL", "END", ")", "*", "100", "/", "COUNT", "(", "T2.molecule_id", ")", "FROM", "atom", "AS", "T1", "INNER", "JOIN", "molecule", "AS", "T2", "ON", "T1.molecule_id", "=", "T2.molecule_id"], "evidence_toks": ["label", "=", "'+", "'", "mean", "molecules", "are", "carcinogenic", ";", "percentage", "=", "DIVIDE", "(", "SUM", "(", "label", "=", "'+", "'", "and", "element", "=", "'cl", "'", ")", ",", "COUNT", "(", "molecule_id", ")", ")", "as", "percentage"], "difficulty": "moderate"}, {"db_id": "toxicology", "question": "What is the molecule id of bond id TR001_1_7?", "evidence": "", "SQL": "SELECT DISTINCT T1.molecule_id FROM atom AS T1 INNER JOIN connected AS T2 ON T1.atom_id = T2.atom_id WHERE T2.bond_id = 'TR001_1_7'", "question_toks": ["What", "is", "the", "molecule", "id", "of", "bond", "id", "TR001_1_7", "?"], "SQL_toks": ["SELECT", "DISTINCT", "T1.molecule_id", "FROM", "atom", "AS", "T1", "INNER", "JOIN", "connected", "AS", "T2", "ON", "T1.atom_id", "=", "T2.atom_id", "WHERE", "T2.bond_id", "=", "'TR001_1_7", "'"], "evidence_toks": [], "difficulty": "simple"}, {"db_id": "toxicology", "question": "What is the molecule of atom id \"TR000_2\" and atom id 2 \"TR000_4\"?", "evidence": "", "SQL": "SELECT T1.molecule_id FROM bond AS T1 INNER JOIN connected AS T2 ON T1.bond_id = T2.bond_id WHERE T2.atom_id = 'TR000_2' AND T2.atom_id2 = 'TR000_4'", "question_toks": ["What", "is", "the", "molecule", "of", "atom", "id", "``", "TR000_2", "''", "and", "atom", "id", "2", "``", "TR000_4", "''", "?"], "SQL_toks": ["SELECT", "T1.molecule_id", "FROM", "bond", "AS", "T1", "INNER", "JOIN", "connected", "AS", "T2", "ON", "T1.bond_id", "=", "T2.bond_id", "WHERE", "T2.atom_id", "=", "'TR000_2", "'", "AND", "T2.atom_id2", "=", "'TR000_4", "'"], "evidence_toks": [], "difficulty": "simple"}, {"db_id": "toxicology", "question": "What is the element of toxicology for the atom with the ID of TR000_1?", "evidence": "atom with ID refers to atom_id; element = \u2018cl\u2019 means Chlorine; element = \u2018c\u2019 means Carbon; element = \u2018h\u2019 means Hydrogen; element = \u2018o\u2019 means Oxygen, element = \u2019s\u2019 means Sulfur; element = \u2019n\u2019 means Nitrogen, element = \u2018p\u2019 means Phosphorus, element = \u2018na\u2019 means Sodium, element = \u2018br\u2019 means Bromine, element = \u2018f\u2019 means Fluorine; element = \u2018i\u2019 means Iodine; element = \u2018sn\u2019 means Tin; element = \u2018pb\u2019 means Lead; element = \u2018te\u2019 means Tellurium; element = \u2018ca\u2019 means Calcium", "SQL": "SELECT T.element FROM atom AS T WHERE T.atom_id = 'TR000_1'", "question_toks": ["What", "is", "the", "element", "of", "toxicology", "for", "the", "atom", "with", "the", "ID", "of", "TR000_1", "?"], "SQL_toks": ["SELECT", "T.element", "FROM", "atom", "AS", "T", "WHERE", "T.atom_id", "=", "'TR000_1", "'"], "evidence_toks": ["atom", "with", "ID", "refers", "to", "atom_id", ";", "element", "=", "\u2018", "cl", "\u2019", "means", "Chlorine", ";", "element", "=", "\u2018", "c", "\u2019", "means", "Carbon", ";", "element", "=", "\u2018", "h", "\u2019", "means", "Hydrogen", ";", "element", "=", "\u2018", "o", "\u2019", "means", "Oxygen", ",", "element", "=", "\u2019", "s", "\u2019", "means", "Sulfur", ";", "element", "=", "\u2019", "n", "\u2019", "means", "Nitrogen", ",", "element", "=", "\u2018", "p", "\u2019", "means", "Phosphorus", ",", "element", "=", "\u2018", "na", "\u2019", "means", "Sodium", ",", "element", "=", "\u2018", "br", "\u2019", "means", "Bromine", ",", "element", "=", "\u2018", "f", "\u2019", "means", "Fluorine", ";", "element", "=", "\u2018", "i", "\u2019", "means", "Iodine", ";", "element", "=", "\u2018", "sn", "\u2019", "means", "Tin", ";", "element", "=", "\u2018", "pb", "\u2019", "means", "Lead", ";", "element", "=", "\u2018", "te", "\u2019", "means", "Tellurium", ";", "element", "=", "\u2018", "ca", "\u2019", "means", "Calcium"], "difficulty": "challenging"}, {"db_id": "toxicology", "question": "Find the percentage of atoms with single bond.", "evidence": "single bond refers to bond_type = '-'; percentage = DIVIDE(SUM(bond_type = '-'), COUNT(bond_id)) as percentage", "SQL": "SELECT CAST(COUNT(CASE WHEN T.bond_type = '-' THEN T.bond_id ELSE NULL END) AS REAL) * 100 / COUNT(T.bond_id) FROM bond t", "question_toks": ["Find", "the", "percentage", "of", "atoms", "with", "single", "bond", "."], "SQL_toks": ["SELECT", "CAST", "(", "COUNT", "(", "CASE", "WHEN", "T.bond_type", "=", "'-", "'", "THEN", "T.bond_id", "ELSE", "NULL", "END", ")", "AS", "REAL", ")", "*", "100", "/", "COUNT", "(", "T.bond_id", ")", "FROM", "bond", "t"], "evidence_toks": ["single", "bond", "refers", "to", "bond_type", "=", "'-", "'", ";", "percentage", "=", "DIVIDE", "(", "SUM", "(", "bond_type", "=", "'-", "'", ")", ",", "COUNT", "(", "bond_id", ")", ")", "as", "percentage"], "difficulty": "simple"}, {"db_id": "toxicology", "question": "Which molecule consisted of Sulphur atom with double bond?", "evidence": "sulphur refers to element - 's'; double bond refers to bond_type = ' = ';", "SQL": "SELECT DISTINCT T1.molecule_id FROM atom AS T1 INNER JOIN bond AS T2 ON T1.molecule_id = T2.molecule_id WHERE T1.element = 's' AND T2.bond_type = '='", "question_toks": ["Which", "molecule", "consisted", "of", "Sulphur", "atom", "with", "double", "bond", "?"], "SQL_toks": ["SELECT", "DISTINCT", "T1.molecule_id", "FROM", "atom", "AS", "T1", "INNER", "JOIN", "bond", "AS", "T2", "ON", "T1.molecule_id", "=", "T2.molecule_id", "WHERE", "T1.element", "=", "'s", "'", "AND", "T2.bond_type", "=", "'=", "'"], "evidence_toks": ["sulphur", "refers", "to", "element", "-", "'s", "'", ";", "double", "bond", "refers", "to", "bond_type", "=", "'", "=", "'", ";"], "difficulty": "simple"}, {"db_id": "toxicology", "question": "Which carcinogenic molecule have the highest number of atoms consisted in it?", "evidence": "label = '+' mean molecules are carcinogenic; molecule that have the highest number of atoms consisted in in refers to MAX(COUNT(atom.molecule_id))", "SQL": "SELECT T.molecule_id FROM ( SELECT T2.molecule_id, COUNT(T1.atom_id) FROM atom AS T1 INNER JOIN molecule AS T2 ON T1.molecule_id = T2.molecule_id WHERE T2.label = '+' GROUP BY T2.molecule_id ORDER BY COUNT(T1.atom_id) DESC LIMIT 1 ) t", "question_toks": ["Which", "carcinogenic", "molecule", "have", "the", "highest", "number", "of", "atoms", "consisted", "in", "it", "?"], "SQL_toks": ["SELECT", "T.molecule_id", "FROM", "(", "SELECT", "T2.molecule_id", ",", "COUNT", "(", "T1.atom_id", ")", "FROM", "atom", "AS", "T1", "INNER", "JOIN", "molecule", "AS", "T2", "ON", "T1.molecule_id", "=", "T2.molecule_id", "WHERE", "T2.label", "=", "'+", "'", "GROUP", "BY", "T2.molecule_id", "ORDER", "BY", "COUNT", "(", "T1.atom_id", ")", "DESC", "LIMIT", "1", ")", "t"], "evidence_toks": ["label", "=", "'+", "'", "mean", "molecules", "are", "carcinogenic", ";", "molecule", "that", "have", "the", "highest", "number", "of", "atoms", "consisted", "in", "in", "refers", "to", "MAX", "(", "COUNT", "(", "atom.molecule_id", ")", ")"], "difficulty": "moderate"}, {"db_id": "toxicology", "question": "Among the molecules between TR004 to TR010, how many of them has single bonds?", "evidence": "single bond refers to bond_type = '-'; molecules between TR004 to TR010 refers molecule_id BETWEEN 'TR004' and 'TR010';", "SQL": "SELECT COUNT(DISTINCT T.molecule_id) FROM bond AS T WHERE T.molecule_id BETWEEN 'TR004' AND 'TR010' AND T.bond_type = '-'", "question_toks": ["Among", "the", "molecules", "between", "TR004", "to", "TR010", ",", "how", "many", "of", "them", "has", "single", "bonds", "?"], "SQL_toks": ["SELECT", "COUNT", "(", "DISTINCT", "T.molecule_id", ")", "FROM", "bond", "AS", "T", "WHERE", "T.molecule_id", "BETWEEN", "'TR004", "'", "AND", "'TR010", "'", "AND", "T.bond_type", "=", "'-", "'"], "evidence_toks": ["single", "bond", "refers", "to", "bond_type", "=", "'-", "'", ";", "molecules", "between", "TR004", "to", "TR010", "refers", "molecule_id", "BETWEEN", "'TR004", "'", "and", "'TR010", "'", ";"], "difficulty": "simple"}, {"db_id": "toxicology", "question": "What is the element with the atom ID of TR004_7 in molecule that is not carcinogenic?", "evidence": "label = '-' means molecules are non-carcinogenic; element = \u2018cl\u2019 means Chlorine; element = \u2018c\u2019 means Carbon; element = \u2018h\u2019 means Hydrogen; element = \u2018o\u2019 means Oxygen, element = \u2019s\u2019 means Sulfur; element = \u2019n\u2019 means Nitrogen, element = \u2018p\u2019 means Phosphorus, element = \u2018na\u2019 means Sodium, element = \u2018br\u2019 means Bromine, element = \u2018f\u2019 means Fluorine; element = \u2018i\u2019 means Iodine; element = \u2018sn\u2019 means Tin; element = \u2018pb\u2019 means Lead; element = \u2018te\u2019 means Tellurium; element = \u2018ca\u2019 means Calcium", "SQL": "SELECT T1.element FROM atom AS T1 INNER JOIN molecule AS T2 ON T1.molecule_id = T2.molecule_id WHERE T1.atom_id = 'TR004_7' AND T2.label = '-'", "question_toks": ["What", "is", "the", "element", "with", "the", "atom", "ID", "of", "TR004_7", "in", "molecule", "that", "is", "not", "carcinogenic", "?"], "SQL_toks": ["SELECT", "T1.element", "FROM", "atom", "AS", "T1", "INNER", "JOIN", "molecule", "AS", "T2", "ON", "T1.molecule_id", "=", "T2.molecule_id", "WHERE", "T1.atom_id", "=", "'TR004_7", "'", "AND", "T2.label", "=", "'-", "'"], "evidence_toks": ["label", "=", "'-", "'", "means", "molecules", "are", "non-carcinogenic", ";", "element", "=", "\u2018", "cl", "\u2019", "means", "Chlorine", ";", "element", "=", "\u2018", "c", "\u2019", "means", "Carbon", ";", "element", "=", "\u2018", "h", "\u2019", "means", "Hydrogen", ";", "element", "=", "\u2018", "o", "\u2019", "means", "Oxygen", ",", "element", "=", "\u2019", "s", "\u2019", "means", "Sulfur", ";", "element", "=", "\u2019", "n", "\u2019", "means", "Nitrogen", ",", "element", "=", "\u2018", "p", "\u2019", "means", "Phosphorus", ",", "element", "=", "\u2018", "na", "\u2019", "means", "Sodium", ",", "element", "=", "\u2018", "br", "\u2019", "means", "Bromine", ",", "element", "=", "\u2018", "f", "\u2019", "means", "Fluorine", ";", "element", "=", "\u2018", "i", "\u2019", "means", "Iodine", ";", "element", "=", "\u2018", "sn", "\u2019", "means", "Tin", ";", "element", "=", "\u2018", "pb", "\u2019", "means", "Lead", ";", "element", "=", "\u2018", "te", "\u2019", "means", "Tellurium", ";", "element", "=", "\u2018", "ca", "\u2019", "means", "Calcium"], "difficulty": "challenging"}, {"db_id": "toxicology", "question": "What is the total number of molecules with double bonded oxygen?", "evidence": "oxygen refers to element = 'o'; double bond refers to bond_type = ' = ';", "SQL": "SELECT COUNT(DISTINCT T1.molecule_id) FROM atom AS T1 INNER JOIN bond AS T2 ON T1.molecule_id = T2.molecule_id WHERE T2.bond_type = '=' AND T1.element = 'o'", "question_toks": ["What", "is", "the", "total", "number", "of", "molecules", "with", "double", "bonded", "oxygen", "?"], "SQL_toks": ["SELECT", "COUNT", "(", "DISTINCT", "T1.molecule_id", ")", "FROM", "atom", "AS", "T1", "INNER", "JOIN", "bond", "AS", "T2", "ON", "T1.molecule_id", "=", "T2.molecule_id", "WHERE", "T2.bond_type", "=", "'=", "'", "AND", "T1.element", "=", "'", "o", "'"], "evidence_toks": ["oxygen", "refers", "to", "element", "=", "'", "o", "'", ";", "double", "bond", "refers", "to", "bond_type", "=", "'", "=", "'", ";"], "difficulty": "simple"}, {"db_id": "toxicology", "question": "List the element and bond type included in the molecule with molecule ID of TR016.", "evidence": "element = \u2018cl\u2019 means Chlorine; element = \u2018c\u2019 means Carbon; element = \u2018h\u2019 means Hydrogen; element = \u2018o\u2019 means Oxygen, element = \u2019s\u2019 means Sulfur; element = \u2019n\u2019 means Nitrogen, element = \u2018p\u2019 means Phosphorus, element = \u2018na\u2019 means Sodium, element = \u2018br\u2019 means Bromine, element = \u2018f\u2019 means Fluorine; element = \u2018i\u2019 means Iodine; element = \u2018sn\u2019 means Tin; element = \u2018pb\u2019 means Lead; element = \u2018te\u2019 means Tellurium; element = \u2018ca\u2019 means Calcium; double bond refers to bond_type = ' = '; single bond refers to bond_type = '-'; triple bond refers to bond_type = '#';", "SQL": "SELECT DISTINCT T1.element, T2.bond_type FROM atom AS T1 INNER JOIN bond AS T2 ON T1.molecule_id = T2.molecule_id WHERE T1.molecule_id = 'TR016'", "question_toks": ["List", "the", "element", "and", "bond", "type", "included", "in", "the", "molecule", "with", "molecule", "ID", "of", "TR016", "."], "SQL_toks": ["SELECT", "DISTINCT", "T1.element", ",", "T2.bond_type", "FROM", "atom", "AS", "T1", "INNER", "JOIN", "bond", "AS", "T2", "ON", "T1.molecule_id", "=", "T2.molecule_id", "WHERE", "T1.molecule_id", "=", "'TR016", "'"], "evidence_toks": ["element", "=", "\u2018", "cl", "\u2019", "means", "Chlorine", ";", "element", "=", "\u2018", "c", "\u2019", "means", "Carbon", ";", "element", "=", "\u2018", "h", "\u2019", "means", "Hydrogen", ";", "element", "=", "\u2018", "o", "\u2019", "means", "Oxygen", ",", "element", "=", "\u2019", "s", "\u2019", "means", "Sulfur", ";", "element", "=", "\u2019", "n", "\u2019", "means", "Nitrogen", ",", "element", "=", "\u2018", "p", "\u2019", "means", "Phosphorus", ",", "element", "=", "\u2018", "na", "\u2019", "means", "Sodium", ",", "element", "=", "\u2018", "br", "\u2019", "means", "Bromine", ",", "element", "=", "\u2018", "f", "\u2019", "means", "Fluorine", ";", "element", "=", "\u2018", "i", "\u2019", "means", "Iodine", ";", "element", "=", "\u2018", "sn", "\u2019", "means", "Tin", ";", "element", "=", "\u2018", "pb", "\u2019", "means", "Lead", ";", "element", "=", "\u2018", "te", "\u2019", "means", "Tellurium", ";", "element", "=", "\u2018", "ca", "\u2019", "means", "Calcium", ";", "double", "bond", "refers", "to", "bond_type", "=", "'", "=", "'", ";", "single", "bond", "refers", "to", "bond_type", "=", "'-", "'", ";", "triple", "bond", "refers", "to", "bond_type", "=", "'", "#", "'", ";"], "difficulty": "challenging"}]